E_MeV,day_newtrinos,day_bahcall,avg_newtrinos,avg_bahcall,night_newtrinos,night_bahcall
0.1,0.5936515757456685,0.5933,0.5936296096391354,0.5949,0.5936076437612933,0.5974
0.12,0.5917397091144573,0.5914,0.5917173298434827,0.5906,0.5916949508055007,0.5907
0.14,0.5898039688963265,0.5894,0.589773547101836,0.5887,0.5897431256240697,0.5889
0.16,0.5878444819797964,0.5873,0.5878006965302653,0.5868,0.5877569115365887,0.5872
0.18,0.5858613999266918,0.5853,0.5858063428130966,0.5849,0.5857512862727062,0.5853
0.2,0.583854899641575,0.5832,0.5837980628972164,0.5827,0.5837412267445903,0.583
0.22,0.5818251840016079,0.5811,0.5817626280308367,0.5807,0.5817000727113415,0.5812
0.24,0.5797724824422511,0.579,0.5796958766190017,0.5783,0.5796192715933026,0.5784
0.26,0.5776970514936176,0.5768,0.5776147469976822,0.5762,0.5775324433586267,0.5763
0.28,0.5755991752632912,0.5747,0.5755202116250261,0.5742,0.5754412488088588,0.5744
0.3,0.5734791658603171,0.5725,0.5733861413539773,0.572,0.5732931178161241,0.5722
0.32,0.5713373637561119,0.5703,0.5712410556796599,0.5697,0.5711447486058802,0.5699
0.34,0.5691741380774162,0.568,0.5690709417657825,0.5675,0.5689677465285352,0.5677
0.36,0.5669898868271707,0.5658,0.5668901259650221,0.5652,0.5667903661414931,0.5655
0.38,0.56478503702885,0.5635,0.564672206595961,0.5629,0.5645593773377601,0.5632
0.4,0.5625600447903721,0.5612,0.5624458661993484,0.5606,0.5623316887970486,0.5609
0.42,0.5603153952840864,0.5588,0.5602055779712607,0.5583,0.5600957618017532,0.5585
0.44,0.5580516026392729,0.5565,0.5579370284403009,0.556,0.5578224554341714,0.5563
0.46,0.5557692097444089,0.5541,0.5556458082760785,0.5537,0.5555224080924922,0.554
0.48,0.5534687879563586,0.5517,0.5533489267874452,0.5512,0.5532290668664177,0.5515
0.5,0.5511509367150456,0.5493,0.5510366576556853,0.5487,0.550922379786095,0.5489
0.52,0.548816283061162,0.5469,0.5486941023887186,0.5463,0.5485719229883095,0.5465
0.54,0.5464654810568359,0.5445,0.5463455082938504,0.544,0.5462255367799126,0.5442
0.56,0.544099211108483,0.542,0.5439812631853759,0.5415,0.5438633164902354,0.5418
0.58,0.5417181791913785,0.5396,0.5416007254975227,0.539,0.5414832730264881,0.5393
0.6,0.5393231159780617,0.5371,0.5392042398720054,0.5366,0.5390853650035791,0.5368
0.62,0.5369147758708129,0.5346,0.536801402063485,0.5341,0.5366880294365023,0.5343
0.64,0.534493935940874,0.5321,0.5343875652847799,0.5316,0.5342811957361207,0.5318
0.66,0.5320613947770263,0.5296,0.5319638786286915,0.5291,0.5318663634956066,0.5293
0.68,0.5296179712473882,0.527,0.5295226494901941,0.5266,0.5294273287254038,0.5268
0.7,0.5271645031770277,0.5245,0.5270701299903748,0.524,0.5269757577862502,0.5243
0.72,0.5247018459478967,0.5219,0.5246208834057369,0.5215,0.5245399217064857,0.5218
0.74,0.5222308710254042,0.5194,0.5221500898807012,0.5189,0.5220693095770181,0.5192
0.76,0.5197524644167886,0.5168,0.5196762956503111,0.5164,0.519600127676834,0.5167
0.78,0.5172675250692107,0.5143,0.5172084792795157,0.5138,0.5171494341045519,0.5141
0.8,0.5147769632126586,0.5117,0.5147209575431108,0.5113,0.5146649524566431,0.5116
0.82,0.5122816986564391,0.5091,0.5122279570144945,0.5087,0.5121742159320593,0.509
0.84,0.5097826590452326,0.5065,0.5097391046659723,0.5061,0.5096955507401608,0.5065
0.86,0.5072807780844569,0.5039,0.5072589973735777,0.5036,0.5072372168894596,0.5039
0.88,0.50477699374126,0.5014,0.5047575383555714,0.501,0.5047380831724346,0.5014
0.9,0.5022722464304376,0.4988,0.5022623399960873,0.4984,0.5022524336648739,0.4988
0.92,0.49976747719404935,0.4962,0.49976856213985704,0.4959,0.4997696470743693,0.4963
0.94,0.49726362588164125,0.4936,0.4972760117652446,0.4933,0.49728839751989745,0.4937
0.96,0.49476162934122275,0.4911,0.49478521753406457,0.4908,0.49480880548132755,0.4912
0.98,0.492262419628115,0.4885,0.49230065438162995,0.4882,0.4923388887370794,0.4886
1.0,0.48976692224005863,0.4859,0.4898199450870725,0.4857,0.48987296738206065,0.4861
1.02,0.487276054386732,0.4834,0.48734764267344344,0.4831,0.48741923021484274,0.4836
1.04,0.48479072330048256,0.4808,0.4848791377825765,0.4806,0.4849675513441791,0.4811
1.06,0.48231182459653305,0.4783,0.48241761438637504,0.4781,0.4825234030748298,0.4786
1.08,0.4798402406879283,0.4757,0.4799557088679603,0.4756,0.48007117584584247,0.4761
1.1,0.4773768392629873,0.4732,0.4775011328556702,0.4731,0.4776254251543211,0.4736
1.12,0.4749224718303296,0.4707,0.47507261238347454,0.4706,0.4752227513734924,0.4711
1.14,0.4724779723358257,0.4682,0.47264899682710715,0.4681,0.472820019537837,0.4686
1.16,0.47004415585833875,0.4657,0.47024055789107244,0.4656,0.4704369578790465,0.4662
1.18,0.4676218173855751,0.4632,0.4678402791984422,0.4632,0.46805873873688325,0.4637
1.2,0.46521173067606203,0.4608,0.4654283746355116,0.4607,0.4656450163394611,0.4613
1.22,0.4628146472079743,0.4583,0.4630682294452606,0.4583,0.4633218090424789,0.459
1.24,0.46043129521813525,0.4559,0.4606985941072791,0.4559,0.46096589021354956,0.4566
1.26,0.458062378832923,0.4535,0.4583426330357687,0.4535,0.4586228843208621,0.4542
1.28,0.45570857729113834,0.4511,0.45602666910210676,0.4512,0.45634475760139215,0.4519
1.3,0.45337054426018714,0.4487,0.45368293046754204,0.4488,0.4539953134226155,0.4495
1.32,0.45104890724492325,0.4464,0.45141264313857987,0.4465,0.4517763752453487,0.4472
1.34,0.4487442670883026,0.444,0.44908885945042876,0.4442,0.44943344822497205,0.4449
1.36,0.44645719756361296,0.4417,0.4468900621232245,0.4419,0.44732292217624336,0.4427
1.38,0.4441882450551765,0.4394,0.4446065569713617,0.4396,0.4450248645324631,0.4404
1.4,0.441937928326635,0.4371,0.4423895233225713,0.4374,0.44284111361691064,0.4382
1.42,0.4397067383735002,0.4349,0.4401563598701239,0.4351,0.4406059766856969,0.436
1.44,0.4374951383580938,0.4327,0.4380249671498002,0.4329,0.4385547904254103,0.4338
1.46,0.4353035636223984,0.4304,0.43583537564350705,0.4308,0.4363671821278718,0.4317
1.48,0.43313242177642614,0.4283,0.433716525554511,0.4286,0.4343006232514377,0.4296
1.5,0.4309820928579026,0.4261,0.4315617260955106,0.4265,0.43214135329850356,0.4274
1.52,0.42885292955975113,0.4239,0.42943544748743834,0.4244,0.4300179593504778,0.4253
1.54,0.4267452575209093,0.4218,0.4274030989710592,0.4223,0.4280609335723612,0.4233
1.56,0.4246593756765993,0.4197,0.42536550438012155,0.4202,0.4260716257320729,0.4212
1.58,0.422595556663918,0.4177,0.42328616448954914,0.4182,0.4239767651251986,0.4192
1.6,0.42055404727811,0.4156,0.4212856239308906,0.4162,0.42201719296715934,0.4173
1.62,0.41853506897569676,0.4136,0.4193488651941577,0.4142,0.4201626529401113,0.4153
1.64,0.41653881841964074,0.4116,0.41733357119762,0.4122,0.41812831570135495,0.4134
1.66,0.414565468063057,0.4096,0.4153946487515065,0.4103,0.41622382080727954,0.4116
1.68,0.4126151667663329,0.4077,0.4135168776116236,0.4084,0.4144185790691196,0.4097
1.7,0.41068804044462853,0.4058,0.41156342168819643,0.4065,0.4124387938180897,0.4079
1.72,0.40878419274102157,0.4039,0.4097882681328693,0.4047,0.4107923330711957,0.4061
1.74,0.40690370572180246,0.402,0.4078070363911489,0.4028,0.40871035765583663,0.4042
1.76,0.40504664059020845,0.4001,0.40610827043883724,0.401,0.40716988923473996,0.4025
1.78,0.40321303841515815,0.3983,0.4042605782140558,0.3992,0.4053081071069202,0.4007
1.8,0.40140292087118434,0.3965,0.4024628220215535,0.3974,0.4035227121371942,0.3989
1.82,0.399616290987051,0.3947,0.4007211906563222,0.3957,0.40182607882238125,0.3972
1.84,0.39785313389952365,0.393,0.39906639093527974,0.394,0.4002796353397052,0.3955
1.86,0.39611341760967306,0.3913,0.3972222151952446,0.3923,0.39833100123702236,0.3939
1.88,0.39439709373902904,0.3896,0.3956680668513791,0.3906,0.39693902673151116,0.3922
1.9,0.392704098283128,0.3879,0.39392126659252935,0.389,0.3951384222298793,0.3906
1.92,0.3910343523603256,0.3862,0.3923652013777791,0.3874,0.39369603653964086,0.3891
1.94,0.3893877629535196,0.3846,0.3906962713372045,0.3858,0.39200476609788815,0.3875
1.96,0.3877642236431452,0.383,0.38906735352989463,0.3842,0.3903704698496389,0.386
1.98,0.3861636153295638,0.3814,0.3876366467547425,0.3827,0.3891096628440554,0.3845
2.0,0.38458580694340944,0.3799,0.3859860732742925,0.3812,0.3873863250268739,0.3831
2.02,0.3830306561423514,0.3783,0.3845047150370505,0.3797,0.3859787585851869,0.3816
2.04,0.3814980099932284,0.3768,0.3830044313230231,0.3782,0.3845108369693266,0.3802
2.06,0.37998770563831913,0.3754,0.3815190699983272,0.3768,0.38305041841515985,0.3787
2.08,0.3784995709449488,0.3739,0.3801252106125604,0.3754,0.3817508333554877,0.3773
2.1,0.3770334251375136,0.3725,0.37864569744163423,0.374,0.3802579529602395,0.376
2.12,0.3755890794114037,0.371,0.3772251963833198,0.3726,0.37886129632147153,0.3746
2.14,0.37416633752815903,0.3696,0.375894842801892,0.3712,0.37762333007999743,0.3733
2.16,0.3727649963914735,0.3683,0.3744845468621032,0.3699,0.37620407943033457,0.372
2.18,0.37138484660378407,0.3669,0.37313103569950684,0.3686,0.3748772066154942,0.3707
2.2,0.37002567300312883,0.3656,0.3718914722976092,0.3673,0.3737572521670814,0.3695
2.22,0.36868725518017353,0.3643,0.37054227873333645,0.366,0.37239728297367836,0.3682
2.24,0.36736936797543723,0.363,0.3691664874274384,0.3648,0.37096358816946345,0.367
2.26,0.3660717819565955,0.3617,0.36800435624946154,0.3635,0.3699369104221186,0.3658
2.28,0.3647942638761311,0.3605,0.36682066915309497,0.3623,0.36884705333296686,0.3647
2.3,0.36353657710930054,0.3593,0.36547681623548467,0.3611,0.36741703516166063,0.3635
2.32,0.36229848207284937,0.3581,0.3642368836114688,0.36,0.3661752649692112,0.3624
2.34,0.3610797366245075,0.3569,0.36318765088336935,0.3588,0.36529554319654184,0.3613
2.36,0.3598800964438086,0.3557,0.3620578978415213,0.3577,0.36423567656594313,0.3602
2.38,0.3586993153944146,0.3546,0.360841469003806,0.3566,0.3629836003110388,0.3592
2.4,0.35753714586835195,0.3534,0.3596765234761187,0.3555,0.3618158788106282,0.3581
2.42,0.3563933391127023,0.3523,0.35864046454619614,0.3545,0.36088756658466015,0.3571
2.44,0.35526764553902035,0.3512,0.35755369645666074,0.3534,0.3598397235740145,0.3561
2.46,0.35415981501602534,0.3501,0.35642627379469494,0.3524,0.35869270897705346,0.3551
2.48,0.35306959714603975,0.3491,0.355408362604633,0.3514,0.3577471037141237,0.3541
2.5,0.3519967415256308,0.3481,0.3544791397086366,0.3504,0.3569615120471663,0.3532
2.52,0.3509409979910026,0.347,0.35351627073523817,0.3494,0.3560915166680721,0.3523
2.54,0.34990211684859557,0.346,0.35240244265648246,0.3485,0.3549027424332471,0.3514
2.56,0.34887984909142805,0.345,0.3513379419379058,0.3475,0.3537960091929526,0.3505
2.58,0.347873946601718,0.3441,0.3504418313285038,0.3466,0.3530096893208053,0.3496
2.6,0.34688416234024083,0.3431,0.3495828875803533,0.3457,0.3522815847237888,0.3488
2.62,0.34591025052298896,0.3422,0.3486870858060278,0.3448,0.3514638921791788,0.348
2.64,0.344951966785618,0.3412,0.3477168278812823,0.344,0.35048166019172305,0.3471
2.66,0.3440090683361666,0.3403,0.3467686892066423,0.3431,0.3495282813464509,0.3463
2.68,0.3430813140965891,0.3394,0.34592810378167005,0.3423,0.34877486382856143,0.3456
2.7,0.3421684648335259,0.3386,0.3450890303292131,0.3414,0.34800956541862405,0.3448
2.72,0.3412702832788574,0.3377,0.34421894163698435,0.3406,0.3471675692963576,0.344
2.74,0.3403865342404589,0.3368,0.34336862139710966,0.3398,0.3463506775069765,0.3432
2.76,0.33951698470363195,0.336,0.3425440516598687,0.339,0.3455710871010326,0.3425
2.78,0.3386614039236581,0.3352,0.34176363717490255,0.3382,0.344865838128511,0.3417
2.8,0.33781956350992687,0.3344,0.34099451784600643,0.3375,0.3441694391273441,0.341
2.82,0.3369912375020058,0.3336,0.3401766410933831,0.3367,0.3433620115212302,0.3403
2.84,0.3361762024381273,0.3328,0.3393536168464033,0.336,0.34253099817432525,0.3396
2.86,0.33537423741646033,0.332,0.33858567557946595,0.3352,0.34179708030789313,0.3389
2.88,0.3345851241495151,0.3313,0.3378799161298547,0.3345,0.34117467380781163,0.3382
2.9,0.33380864701211144,0.3305,0.3372345825643551,0.3338,0.3406604824488683,0.3375
2.92,0.33304459308325474,0.3298,0.33658360836094525,0.3331,0.3401225867936218,0.3369
2.94,0.33229275218219523,0.3291,0.33582929489084623,0.3324,0.3393658007802254,0.3362
2.96,0.33155291689910205,0.3284,0.3350043368270221,0.3317,0.3384557208218914,0.3356
2.98,0.3308248826205951,0.3277,0.3342245899931302,0.3311,0.33762426197099876,0.335
3.0,0.3301084475504833,0.327,0.3335301007648628,0.3304,0.3369517183560955,0.3344
3.02,0.3294034127259582,0.3263,0.3329145150031051,0.3298,0.3364255807258429,0.3338
3.04,0.3287095820295843,0.3256,0.3323753193907495,0.3292,0.3360410185875855,0.3332
3.06,0.3280267621972737,0.325,0.33184383947005175,0.3286,0.3356608770028868,0.3327
3.08,0.32735476282257536,0.3243,0.33122192650887994,0.328,0.3350890499337873,0.3321
3.1,0.32669339635748057,0.3237,0.3305255103690119,0.3274,0.3343575844840514,0.3316
3.12,0.3260424781099905,0.3231,0.32985655102652356,0.3268,0.3336705842343923,0.331
3.14,0.3254018262386652,0.3225,0.3292496404812491,0.3263,0.3330974146638846,0.3305
3.16,0.3247712617443617,0.3219,0.32866583737433486,0.3257,0.33256037245752246,0.33
3.18,0.3241506084593722,0.3213,0.32809317273308847,0.3252,0.332035695960405,0.3295
3.2,0.3235396930341586,0.3207,0.32754244652285514,0.3247,0.33154515833851644,0.3291
3.22,0.3229383449218194,0.3201,0.32698632159050045,0.3241,0.3310342561153237,0.3286
3.24,0.3223463963605395,0.3196,0.3263961691277235,0.3236,0.3304458997323503,0.3281
3.26,0.32176368235410874,0.319,0.32580722543459645,0.3231,0.3298507264173848,0.3277
3.28,0.32119004065072154,0.3185,0.32527519492224943,0.3226,0.32936030666286004,0.3272
3.3,0.3206253117201662,0.3179,0.3247940556509742,0.3221,0.3289627561806053,0.3268
3.32,0.3200693387295515,0.3174,0.32431330480876086,0.3217,0.3285572267036485,0.3264
3.34,0.3195219675177341,0.3169,0.3238134933504431,0.3212,0.32810497450368153,0.3259
3.36,0.3189830465685083,0.3164,0.3233128595000226,0.3207,0.32764262735345573,0.3255
3.38,0.31845242698273046,0.3159,0.3228146211402677,0.3203,0.32717676988259986,0.3251
3.4,0.3179299624494668,0.3154,0.32229978759734373,0.3198,0.3266695672505686,0.3247
3.42,0.31741550921626077,0.3149,0.3217744529207416,0.3194,0.3261333512438581,0.3243
3.44,0.31690892605862164,0.3144,0.32128208256279145,0.3189,0.3256551935376261,0.3239
3.46,0.3164100742488425,0.3139,0.320852841867139,0.3185,0.3252955632313727,0.3235
3.48,0.31591881752421264,0.3135,0.3204653795904487,0.3181,0.32501189432200833,0.3231
3.5,0.3154350220547046,0.313,0.32007437024129615,0.3177,0.3247136701272065,0.3228
3.52,0.3149585564102425,0.3125,0.31965830126263106,0.3172,0.3243579971855432,0.3224
3.54,0.3144892915275663,0.3121,0.3192226719997737,0.3168,0.3239560031923211,0.322
3.56,0.3140271006768312,0.3117,0.3187693626923118,0.3164,0.3235115753356659,0.3217
3.58,0.3135718594279282,0.3112,0.31828943329693626,0.316,0.3230069580508483,0.3213
3.6,0.31312344561664657,0.3108,0.317791418489621,0.3157,0.3224593427639,0.321
3.62,0.3126817393106957,0.3104,0.31731779577353525,0.3153,0.32195380396996404,0.3206
3.64,0.312246622775637,0.31,0.31691640862291826,0.3149,0.32158614585262907,0.3203
3.66,0.31181798044080883,0.3096,0.31659642440942426,0.3145,0.3213748186292194,0.3199
3.68,0.31139569886523094,0.3092,0.31632091589390376,0.3142,0.3212460816456885,0.3196
3.7,0.31097966670358307,0.3088,0.31604314246073506,0.3138,0.3211065655015746,0.3193
3.72,0.31056977467225827,0.3084,0.315743028599478,0.3134,0.3209162286674747,0.3189
3.74,0.31016591551554434,0.308,0.31542615446836153,0.3131,0.3206863386563466,0.3186
3.76,0.30976798397195743,0.3076,0.31509604701461164,0.3127,0.32042405458631085,0.3183
3.78,0.30937587674075734,0.3072,0.3147394013074171,0.3124,0.3201028700339287,0.318
3.8,0.3089894924486724,0.3069,0.3143423430019216,0.3121,0.3196951378261507,0.3177
3.82,0.308608731616871,0.3065,0.31391552803195905,0.3117,0.3192222691975009,0.3174
3.84,0.30823349662817157,0.3062,0.3134955035666825,0.3114,0.3187574557219546,0.3171
3.86,0.30786369169454814,0.3058,0.31311807975842104,0.3111,0.31837241311837594,0.3168
3.88,0.30749922282492304,0.3055,0.3127911586150023,0.3108,0.3180830393102507,0.3165
3.9,0.30713999779327655,0.3051,0.31249447296176014,0.3105,0.3178488923843096,0.3162
3.92,0.3067859261070864,0.3048,0.3122046114297935,0.3102,0.3176232403380687,0.316
3.94,0.30643691897611397,0.3045,0.3119183116660503,0.3099,0.3173996472887025,0.3157
3.96,0.3060928892815336,0.3041,0.3116508551826896,0.3096,0.31720876321935076,0.3154
3.98,0.3057537515454504,0.3038,0.3114130670815224,0.3093,0.31707232369793914,0.3152
4.0,0.3054194219007699,0.3035,0.3111917393678505,0.309,0.3169639967388023,0.315
4.02,0.305089818061471,0.3032,0.31095413241048087,0.3088,0.31681838570557397,0.3148
4.04,0.3047648592932622,0.3029,0.3106735139792856,0.3085,0.3165821071497609,0.3145
4.06,0.30444446638464057,0.3026,0.3103528738256146,0.3082,0.3162612197536147,0.3143
4.08,0.3041285616183503,0.3023,0.3100256239319095,0.308,0.31592262485060996,0.3141
4.1,0.3038170687432559,0.302,0.30973221254326455,0.3078,0.31564729476016634,0.3139
4.12,0.30350991294662166,0.3017,0.3094915487501042,0.3075,0.31547312227822555,0.3138
4.14,0.3032070208268116,0.3014,0.30928939826750357,0.3073,0.3153717123840038,0.3136
4.16,0.30290832036639975,0.3011,0.3090913400748031,0.3071,0.3152742954112188,0.3134
4.18,0.3026137409057056,0.3009,0.30886868987902527,0.3068,0.3151235737314952,0.3132
4.2,0.3023232131167425,0.3006,0.30861725962129394,0.3066,0.3149112405979476,0.3131
4.22,0.3020366689775962,0.3003,0.30835618117770985,0.3064,0.3146756275848,0.3129
4.24,0.30175404174720666,0.3,0.30810994325397645,0.3062,0.3144657785888704,0.3128
4.26,0.30147526594058077,0.2998,0.30788859652371425,0.306,0.31430186033707247,0.3126
4.28,0.30120027730441695,0.2995,0.3076807740865746,0.3058,0.3141612033996835,0.3125
4.3,0.30092901279314604,0.2993,0.3074634781626683,0.3056,0.3139978755012698,0.3123
4.32,0.30066141054538353,0.299,0.3072202911716628,0.3054,0.31377910351283184,0.3122
4.34,0.30039740986079455,0.2988,0.3069544834196085,0.3052,0.3135114887121258,0.3121
4.36,0.3001369511773644,0.2985,0.30668809484117254,0.305,0.31323917030042064,0.3119
4.38,0.2998799760490751,0.2983,0.30644822193454757,0.3048,0.3130163994374072,0.3118
4.4,0.29962642712398146,0.298,0.30625010554253906,0.3046,0.3128737150013707,0.3117
4.42,0.2993762481226849,0.2978,0.30608798308353324,0.3045,0.3127996481678909,0.3116
4.44,0.29912938381720455,0.2976,0.30593897255862107,0.3043,0.3127484904047821,0.3114
4.46,0.29888578001022836,0.2973,0.3057768500008146,0.3041,0.31266784824783656,0.3113
4.48,0.2986453835147599,0.2971,0.3055869072504573,0.3039,0.31252835871731177,0.3112
4.5,0.2984081421341404,0.2969,0.30537320648475574,0.3038,0.31233819832144477,0.3111
4.52,0.2981740046424445,0.2967,0.30515471525965615,0.3036,0.31213535320004676,0.3109
4.54,0.29794292076525614,0.2965,0.30495342749759846,0.3034,0.31196386124290953,0.3108
4.56,0.2977148411607971,0.2962,0.30478173095229133,0.3033,0.31184854716974514,0.3107
4.58,0.2974897174014333,0.296,0.3046359717037137,0.3031,0.3117821516056824,0.3106
4.6,0.2972675019555247,0.2958,0.3044991269264377,0.3029,0.31173067660823717,0.3105
4.62,0.29704814816963243,0.2956,0.3043503755240322,0.3028,0.31165252685427053,0.3103
4.64,0.2968316102510709,0.2954,0.3041759956201129,0.3026,0.3115203045260823,0.3102
4.66,0.2966178432508033,0.2952,0.30397592947520824,0.3024,0.31133393909389984,0.3101
4.68,0.29640680304666933,0.295,0.30376314634273166,0.3023,0.3111194130512264,0.31
4.7,0.29619844632694525,0.2948,0.3035568079129735,0.3021,0.31091509289042163,0.3098
4.72,0.2959927305742319,0.2946,0.3033731316278396,0.3019,0.3107534558434122,0.3097
4.74,0.29578961404965753,0.2944,0.3032184816859591,0.3018,0.31064727197963554,0.3096
4.76,0.2955890557774,0.2942,0.30308761089731917,0.3016,0.3105860879490904,0.3094
4.78,0.29539101552951635,0.294,0.3029672136749873,0.3015,0.3105433329439617,0.3093
4.8,0.29519545381107754,0.2939,0.3028424952322808,0.3013,0.31048945703943154,0.3092
4.82,0.29500233184560193,0.2937,0.3027034079134654,0.3012,0.31040440380471673,0.3091
4.84,0.2948116115607824,0.2935,0.302547829499755,0.301,0.31028396689625026,0.309
4.86,0.2946232555745031,0.2933,0.30238072813823624,0.3009,0.31013811993820806,0.3088
4.88,0.29443722718113635,0.2932,0.3022103065231747,0.3007,0.3099833049389682,0.3087
4.9,0.29425349033812404,0.293,0.3020433453290145,0.3006,0.3098331192190073,0.3086
4.92,0.29407200965282476,0.2928,0.3018820298930936,0.3005,0.3096919688225225,0.3085
4.94,0.2938927503696367,0.2926,0.3017235792382661,0.3003,0.30955432657941495,0.3084
4.96,0.29371567835737666,0.2925,0.30156256511815055,0.3002,0.3094093701842637,0.3083
4.98,0.29354076009692354,0.2923,0.30139459375650635,0.3001,0.3092483456491037,0.3083
5.0,0.29336796266911025,0.2921,0.3012195201188853,0.3,0.3090709958253727,0.3082
5.02,0.293197253742867,0.292,0.30104270308582876,0.2998,0.3088880707490949,0.3081
5.04,0.2930286015636092,0.2918,0.3008737527454204,0.2997,0.30871882225064007,0.308
5.06,0.2928619749418594,0.2917,0.3007233139614709,0.2996,0.30858457113595794,0.308
5.08,0.2926973432421109,0.2915,0.30059921487683594,0.2995,0.30850100424444765,0.3079
5.1,0.2925346763719147,0.2914,0.30050350406747084,0.2994,0.3084722487988279,0.3079
5.12,0.29237394477119544,0.2912,0.30043148741202486,0.2993,0.3084889461650358,0.3079
5.14,0.2922151194017877,0.2911,0.30037307165905136,0.2992,0.3085309389831228,0.3078
5.16,0.2920581717371855,0.2909,0.30031586452462106,0.2991,0.30857347134045654,0.3078
5.18,0.2919030737525109,0.2908,0.300248890138229,0.2991,0.3085946196348841,0.3078
5.2,0.29174979791468036,0.2906,0.30016564015835884,0.299,0.30858139478392865,0.3077
5.22,0.2915983171727854,0.2905,0.30006549901952345,0.2989,0.3085325927136516,0.3077
5.24,0.29144860494866476,0.2903,0.29995320057541364,0.2988,0.3084577076600343,0.3077
5.26,0.29130063512767507,0.2902,0.2998366515326146,0.2987,0.3083725790683012,0.3077
5.28,0.29115438204965294,0.2901,0.29972396113153976,0.2986,0.30829345099474964,0.3076
5.3,0.2910098205000653,0.2899,0.29962069835594646,0.2986,0.3082314865631853,0.3076
5.32,0.29086692570134076,0.2898,0.2995282325165992,0.2985,0.3081894491581947,0.3076
5.34,0.29072567330438215,0.2897,0.29944359065372317,0.2984,0.3081614172400238,0.3076
5.36,0.2905860393802575,0.2895,0.29936074747949337,0.2983,0.30813536422443505,0.3075
5.38,0.2904480004120584,0.2894,0.2992728230983859,0.2982,0.3080975539086716,0.3075
5.4,0.2903115332869323,0.2893,0.2991744286434965,0.2982,0.308037231727641,0.3074
5.42,0.2901766152882765,0.2891,0.2990634202430752,0.2981,0.3079501326765291,0.3074
5.44,0.290043224088096,0.289,0.29894156404973915,0.298,0.3078398113699454,0.3074
5.46,0.28991133773951866,0.2889,0.29881398349980026,0.2979,0.307716536573817,0.3073
5.48,0.2897809346694658,0.2888,0.2986876323887385,0.2978,0.3075942373795611,0.3072
5.5,0.2896519936714757,0.2887,0.2985693045027423,0.2977,0.3074865224950646,0.3072
5.52,0.28952449389867374,0.2885,0.2984637859988456,0.2976,0.30740298503122415,0.3071
5.54,0.28939841485688933,0.2884,0.2983726704682188,0.2975,0.30734683264774665,0.3071
5.56,0.28927373639791554,0.2883,0.2982941309028495,0.2974,0.3073144314956256,0.307
5.58,0.28915043871290624,0.2882,0.29822365397592576,0.2973,0.3072967747768656,0.3069
5.6,0.2890285023259124,0.2881,0.29815547553876054,0.2973,0.30728235372985,0.3069
5.62,0.28890790808754835,0.288,0.29808428223913425,0.2972,0.3072605608546438,0.3068
5.64,0.2887886371687945,0.2878,0.29800670077221336,0.2971,0.3072246684055232,0.3067
5.66,0.28867067105491984,0.2877,0.29792218317043434,0.297,0.3071735989676042,0.3066
5.68,0.28855399153953654,0.2876,0.2978330795721492,0.2969,0.3071120709993218,0.3066
5.7,0.28843858071877404,0.2875,0.2977439137039042,0.2968,0.30704914981035564,0.3065
5.72,0.288324420985573,0.2874,0.29766008070163097,0.2967,0.306995643223276,0.3065
5.74,0.28821149502409715,0.2873,0.29758632243505306,0.2966,0.3069610522438174,0.3064
5.76,0.2880997858042594,0.2872,0.2975253744288676,0.2966,0.3069508649228046,0.3063
5.78,0.28798927657636075,0.2871,0.29747711904535745,0.2965,0.3069648627355524,0.3063
5.8,0.2878799508658393,0.287,0.29743844366727756,0.2964,0.3069968369543669,0.3062
5.82,0.28777179246812506,0.2869,0.2974038279614438,0.2963,0.307035763174754,0.3062
5.84,0.2876647854436029,0.2868,0.29736651416226506,0.2963,0.30706814187533604,0.3062
5.86,0.2875589141126762,0.2867,0.297319986965196,0.2962,0.3070809581942873,0.3061
5.88,0.28745416305093063,0.2866,0.2972594303120826,0.2962,0.307064595489694,0.3061
5.9,0.28735051708440057,0.2865,0.2971828450763889,0.2961,0.307015070703105,0.3061
5.92,0.28724796128492663,0.2864,0.2970915952375547,0.296,0.3069351267072031,0.3061
5.94,0.28714648096561235,0.2863,0.29699027795562916,0.296,0.30683397246096894,0.3061
5.96,0.28704606167636953,0.2862,0.2968859551411319,0.2959,0.3067257461618572,0.3061
5.98,0.2869466891995552,0.2861,0.2967869104965551,0.2959,0.30662702934610486,0.3061
6.0,0.2868483495457002,0.286,0.29670118230513093,0.2959,0.30655391248581243,0.3061
6.02,0.2867510289493185,0.2859,0.2966351543904964,0.2958,0.30651917692713415,0.3061
6.04,0.2866547138648048,0.2858,0.29659246350431434,0.2958,0.3065301096809972,0.3061
6.06,0.2865593909624158,0.2858,0.2965734098874422,0.2958,0.3065873245555954,0.3062
6.08,0.2864650471243303,0.2857,0.2965749560719103,0.2957,0.30668475976429727,0.3062
6.1,0.28637166944078857,0.2856,0.29659128844663285,0.2957,0.30681080105508257,0.3062
6.12,0.28627924520631165,0.2855,0.29661481768063847,0.2957,0.30695028255036844,0.3062
6.14,0.2861877619159949,0.2854,0.2966374245994152,0.2956,0.30708697849043504,0.3063
6.16,0.2860972072618758,0.2853,0.2966517275924109,0.2956,0.3072061380388627,0.3063
6.18,0.2860075691293753,0.2852,0.2966521582386867,0.2956,0.30729663652620054,0.3063
6.2,0.28591883559381015,0.2852,0.29663567830973125,0.2955,0.30735240945161585,0.3064
6.22,0.2858309949169754,0.2851,0.2966020426471855,0.2955,0.30737297823902576,0.3064
6.24,0.2857440355437921,0.285,0.2965535944054769,0.2955,0.307363040727849,0.3064
6.26,0.2856579460990274,0.2849,0.296494657137155,0.2955,0.307331255353286,0.3064
6.28,0.2855727153840746,0.2848,0.29643064958960935,0.2954,0.3072884707521912,0.3065
6.3,0.2854883323737988,0.2847,0.296367085227799,0.2954,0.30724572482210133,0.3065
6.32,0.2854047862134474,0.2847,0.2963086257048875,0.2954,0.3072123516754504,0.3065
6.34,0.2853220662156179,0.2846,0.296258337092962,0.2954,0.30719449411178285,0.3065
6.36,0.2852401618572884,0.2845,0.29621725527128373,0.2953,0.3071942344017486,0.3066
6.38,0.28515906277690684,0.2844,0.2961843109856066,0.2953,0.30720944440943193,0.3066
6.4,0.2850787587715345,0.2844,0.2961566055716339,0.2953,0.30723433703925007,0.3066
6.42,0.28499923979404945,0.2843,0.29612997463457014,0.2952,0.3072605935919854,0.3066
6.44,0.2849204959504032,0.2842,0.29609973677125606,0.2952,0.30727886120400316,0.3066
6.46,0.28484251749693085,0.2841,0.2960615026362635,0.2952,0.30728037097370864,0.3066
6.48,0.28476529483771446,0.2841,0.296011918003542,0.2952,0.30725842407974,0.3067
6.5,0.28468881852199823,0.284,0.2959492315608269,0.2951,0.30720952736645846,0.3067
6.52,0.2846130792416534,0.2839,0.295873609991825,0.2951,0.30713402350757396,0.3067
6.54,0.2845380678286931,0.2839,0.2957871637018635,0.2951,0.3070361424596607,0.3067
6.56,0.2844637752528353,0.2838,0.29569368983033417,0.295,0.30692348749215814,0.3067
6.58,0.2843901926191133,0.2837,0.2955981786998373,0.295,0.30680604809318607,0.3067
6.6,0.2843173111655324,0.2836,0.29550616041323663,0.295,0.306694893172801,0.3067
6.62,0.28424512226077153,0.2836,0.2954229864370539,0.295,0.30660073423956297,0.3067
6.64,0.28417361740193015,0.2835,0.2953531452075727,0.2949,0.30653255662212164,0.3067
6.66,0.2841027882123182,0.2834,0.29529970156351293,0.2949,0.30649649834261156,0.3068
6.68,0.2840326264392887,0.2834,0.29526392936546597,0.2949,0.30649511536151414,0.3068
6.7,0.2839631239521111,0.2833,0.2952451784963907,0.2948,0.3065271155821614,0.3068
6.72,0.283894272739887,0.2833,0.2952409857186059,0.2948,0.30658758056565105,0.3068
6.74,0.283826064909505,0.2832,0.29524740786099246,0.2948,0.30666863190382654,0.3068
6.76,0.28375849268363457,0.2831,0.2952595293239568,0.2948,0.3067604462259274,0.3068
6.78,0.28369154839875815,0.2831,0.2952720768468786,0.2948,0.30685248472905086,0.3069
6.8,0.2836252245032411,0.283,0.29528006464536205,0.2947,0.3069347834478689,0.3069
6.82,0.28355951355543857,0.2829,0.29527939290097893,0.2947,0.3069991502297761,0.3069
6.84,0.2834944082218375,0.2829,0.2952673314887824,0.2947,0.307040132186739,0.3069
6.86,0.2834299012752348,0.2828,0.2952428370688337,0.2947,0.30705564987687006,0.307
6.88,0.283365985592949,0.2828,0.29520667285680924,0.2947,0.30704723684618396,0.307
6.9,0.2833026541550666,0.2827,0.29516132377336635,0.2947,0.30701986992996466,0.307
6.92,0.28323990004272076,0.2826,0.2951107224834262,0.2947,0.306981421335906,0.3071
6.94,0.2831777164364034,0.2826,0.2950598216079763,0.2946,0.30694180307385793,0.3071
6.96,0.283116096614308,0.2825,0.2950140621946946,0.2946,0.3069119039042658,0.3072
6.98,0.28305503395070264,0.2825,0.29497879714438524,0.2946,0.3069024361986711,0.3072
7.0,0.282994521914337,0.2824,0.2949587302480652,0.2946,0.3069228140213186,0.3072
7.02,0.2829345540668748,0.2824,0.29495742707600336,0.2946,0.3069801749138938,0.3073
7.04,0.28287512406135845,0.2823,0.29497694409337527,0.2946,0.3070786381322292,0.3073
7.06,0.28281622564070136,0.2822,0.29501760846347536,0.2946,0.30721886425652917,0.3074
7.08,0.2827578526362075,0.2822,0.29507796472751346,0.2946,0.3073979485529978,0.3074
7.1,0.28269999896611986,0.2821,0.2951548877103204,0.2946,0.3076096467855272,0.3075
7.12,0.2826426586341944,0.2821,0.2952438452745434,0.2946,0.3078449007227778,0.3075
7.14,0.2825858257283019,0.282,0.2953392813729291,0.2946,0.30809260424015505,0.3076
7.16,0.28252949441905395,0.282,0.2954350802845086,0.2946,0.30834053178872034,0.3076
7.18,0.2824736589584554,0.2819,0.29552506759645475,0.2946,0.30857634035503684,0.3077
7.2,0.28241831367858056,0.2819,0.29560350257845447,0.2946,0.30878855420611245,0.3077
7.22,0.28236345299027543,0.2818,0.2956655198349021,0.2946,0.30896744819048577,0.3077
7.24,0.282309071381882,0.2818,0.29570748489910853,0.2946,0.30910575892421804,0.3078
7.26,0.2822551634179853,0.2817,0.29572723786670785,0.2946,0.30919917205642267,0.3078
7.28,0.2822017237381868,0.2817,0.29572421021118156,0.2946,0.30924655590032424,0.3079
7.3,0.2821487470558955,0.2816,0.2956994114842314,0.2946,0.30924993483535196,0.3079
7.32,0.28209622815714475,0.2816,0.2956552936374553,0.2946,0.3092142179530864,0.308
7.34,0.28204416189942794,0.2815,0.29559551030454223,0.2946,0.3091467176253203,0.308
7.36,0.28199254321055756,0.2815,0.2955245958558983,0.2946,0.3090565076177928,0.3081
7.38,0.2819413670875426,0.2814,0.2954475939251673,0.2946,0.30895368014822044,0.3081
7.4,0.28189062859548775,0.2814,0.29536966721734337,0.2946,0.3088485655076865,0.3081
7.42,0.2818403228665125,0.2813,0.2952957197910878,0.2946,0.3087509766302866,0.3082
7.44,0.28179044509868745,0.2813,0.2952300599443999,0.2945,0.30866953486904447,0.3082
7.46,0.2817409905549936,0.2812,0.29517612676802674,0.2945,0.30861112310661953,0.3083
7.48,0.2816919545622958,0.2812,0.29513629694060367,0.2945,0.3085804993486249,0.3083
7.5,0.28164333251033874,0.2811,0.29511178105351976,0.2945,0.30858008937544273,0.3083
7.52,0.2815951198507572,0.2811,0.2951026113122389,0.2945,0.30860996214598313,0.3084
7.54,0.2815473120961068,0.2811,0.295107715454343,0.2945,0.308667977633971,0.3084
7.56,0.28149990481890974,0.281,0.2951250656550533,0.2945,0.3087500846383926,0.3084
7.58,0.28145289365071946,0.281,0.29515188644287116,0.2945,0.3088507366135473,0.3085
7.6,0.2814062742812002,0.2809,0.295184902465971,0.2945,0.30896338720017485,0.3085
7.62,0.2813600424572234,0.2809,0.2952206054408962,0.2945,0.30908102412097127,0.3085
7.64,0.2813141939819803,0.2808,0.2952555197442607,0.2945,0.3091967003621146,0.3086
7.66,0.2812687247141104,0.2808,0.29528644772682194,0.2945,0.30930402479972824,0.3086
7.68,0.28122363056684385,0.2807,0.29531067869197847,0.2945,0.3093975801555578,0.3086
7.7,0.2811789075071605,0.2807,0.29532614926820344,0.2945,0.30947324374100954,0.3087
7.72,0.2811345515549625,0.2807,0.29533154726844546,0.2945,0.3095283951756987,0.3087
7.74,0.2810905587822623,0.2806,0.2953263557049715,0.2945,0.30956200441748793,0.3087
7.76,0.2810469253123838,0.2806,0.2953108380742542,0.2945,0.3095746023332151,0.3088
7.78,0.2810036473191782,0.2805,0.2952859700395313,0.2945,0.3095681440653072,0.3088
7.8,0.280960721026253,0.2805,0.295253325977778,0.2945,0.30954578212767647,0.3088
7.82,0.2809181427062146,0.2805,0.2952149313477572,0.2945,0.30951157114411665,0.3089
7.84,0.2808759086799237,0.2804,0.2951730933782365,0.2944,0.30947012922724276,0.3089
7.86,0.28083401531576413,0.2804,0.2951302231467783,0.2944,0.30942628213865603,0.3089
7.88,0.2807924590289235,0.2803,0.295088661761719,0.2944,0.3093847156554312,0.3089
7.9,0.28075123628068716,0.2803,0.295050522177679,0.2944,0.3093496592034885,0.309
7.92,0.2807103435777428,0.2803,0.2950175563156978,0.2944,0.3093246200999433,0.309
7.94,0.28066977747149924,0.2802,0.2949910548009258,0.2944,0.30931218303021524,0.309
7.96,0.28062953455741385,0.2802,0.29497178397362733,0.2944,0.3093138840713613,0.3091
7.98,0.28058961147433503,0.2802,0.29495996206742214,0.2944,0.30933016304946576,0.3091
8.0,0.28055000490385196,0.2801,0.29495527377081554,0.2944,0.30936039266319837,0.3091
8.02,0.28051071156965923,0.2801,0.29495691995928475,0.2944,0.30940297794810423,0.3092
8.04,0.28047172823692895,0.28,0.2949636973370667,0.2944,0.30945551555997947,0.3092
8.06,0.28043305171169625,0.28,0.2949741011624548,0.2944,0.3095149992250084,0.3093
8.08,0.2803946788402525,0.28,0.29498644320273015,0.2944,0.3095780556490052,0.3093
8.1,0.2803566065085517,0.2799,0.2949989765987372,0.2944,0.3096411942458592,0.3093
8.12,0.2803188316416239,0.2799,0.2950100193968911,0.2944,0.3097010542008495,0.3094
8.14,0.2802813512030006,0.2799,0.2950180690824641,0.2944,0.30975463353660065,0.3094
8.16,0.28024416219414894,0.2798,0.29502190144598794,0.2944,0.30979948684542274,0.3094
8.18,0.28020726165391574,0.2798,0.2950206484462976,0.2944,0.3098338810151454,0.3095
8.2,0.28017064665797986,0.2798,0.29501385129029584,0.2944,0.3098569013886414,0.3095
8.22,0.2801343143183149,0.2797,0.29500148662716474,0.2944,0.30986850415251455,0.3096
8.24,0.2800982617826606,0.2797,0.29498396544172323,0.2944,0.3098695141243541,0.3096
8.26,0.280062486234002,0.2797,0.29496210583696075,0.2944,0.30986157031860767,0.3096
8.28,0.2800269848900588,0.2796,0.29493708232547006,0.2945,0.3098470245304838,0.3097
8.3,0.27999175500278156,0.2796,0.29491035544590505,0.2945,0.3098288005701054,0.3097
8.32,0.27995679385785754,0.2796,0.2948835864239469,0.2945,0.3098102235858242,0.3098
8.34,0.27992209877422414,0.2795,0.294858542187568,0.2945,0.309794830096224,0.3098
8.36,0.27988766710359003,0.2795,0.2948369963077463,0.2945,0.3097861698730594,0.3099
8.38,0.27985349622996475,0.2795,0.2948206313823404,0.2945,0.3097876107104935,0.3099
8.4,0.2798195835691956,0.2794,0.29481094803347335,0.2945,0.309802156421275,0.31
8.42,0.2797859265685124,0.2794,0.29480918509117104,0.2945,0.3098322872053016,0.31
8.44,0.27975252270607925,0.2794,0.294816254733984,0.2945,0.30987982993198726,0.3101
8.46,0.27971936949055415,0.2793,0.29483269540880475,0.2945,0.3099458639808274,0.3101
8.48,0.2796864644606552,0.2793,0.29485864431511705,0.2945,0.31003066621061715,0.3102
8.5,0.2796538051847345,0.2793,0.29489383017224247,0.2946,0.3101336964944467,0.3102
8.52,0.27962138926035784,0.2792,0.29493758594961084,0.2946,0.31025362318052957,0.3103
8.54,0.279589214313893,0.2792,0.2949888802755865,0.2946,0.31038838590993945,0.3104
8.56,0.27955727800010294,0.2792,0.29504636539775253,0.2946,0.3105352915370868,0.3104
8.58,0.27952557800174593,0.2792,0.2951084388726517,0.2946,0.3106911375089578,0.3105
8.6,0.27949411202918345,0.2791,0.29517331564780525,0.2946,0.31085235602879424,0.3105
8.62,0.2794628778199919,0.2791,0.2952391068664415,0.2946,0.3110151716651176,0.3106
8.64,0.2794318731385835,0.2791,0.2953039015873411,0.2947,0.3111757647909489,0.3107
8.66,0.27940109577583006,0.279,0.29536584765586293,0.2947,0.31133043332539373,0.3107
8.68,0.2793705435486962,0.279,0.29542322817671607,0.2947,0.3114757456787579,0.3108
8.7,0.27934021429987516,0.279,0.29547453040090355,0.2947,0.3116086785260811,0.3109
8.72,0.2793101058974321,0.279,0.2955185043236702,0.2947,0.31172673400277967,0.3109
8.74,0.2792802162344533,0.2789,0.2955542088658316,0.2948,0.3118280320671739,0.311
8.76,0.2792505432287003,0.2789,0.29558104414633046,0.2948,0.31191137504561167,0.3111
8.78,0.27922108482226937,0.2789,0.29559876901846627,0.2948,0.31197628270508476,0.3111
8.8,0.2791918389812561,0.2788,0.29560750370145855,0.2948,0.3120229975166638,0.3112
8.82,0.2791628036954272,0.2788,0.2956077179701587,0.2948,0.31205246103537326,0.3113
8.84,0.2791339769778947,0.2788,0.2956002059372993,0.2949,0.31206626346527777,0.3114
8.86,0.279105356864797,0.2788,0.29558604896122403,0.2949,0.3120665694756479,0.3114
8.88,0.2790769414149845,0.2787,0.2955665686153799,0.2949,0.3120560241407479,0.3115
8.9,0.2790487287097104,0.2787,0.2955432719584714,0.2949,0.3120376434810236,0.3116
8.92,0.27902071685232566,0.2787,0.2955177915368744,0.295,0.3120146944688594,0.3116
8.94,0.27899290396797927,0.2787,0.29549182263716667,0.295,0.31199056953459237,0.3117
8.96,0.2789652882033225,0.2786,0.2954670602845134,0.295,0.31196866056423544,0.3118
8.98,0.2789378677262194,0.2786,0.29544513836741115,0.295,0.31195223714988796,0.3119
9.0,0.27891064072545974,0.2786,0.29542757306551526,0.2951,0.3119443334462671,0.312
9.02,0.27888360541047713,0.2786,0.2954157124829288,0.2951,0.3119476474380912,0.312
9.04,0.27885676001107207,0.2785,0.29541069405838594,0.2951,0.311964455761168,0.3121
9.06,0.27883010277713893,0.2785,0.29541341095307866,0.2951,0.3119965464786697,0.3122
9.08,0.27880363197839647,0.2785,0.29542448822355083,0.2952,0.3120451714274401,0.3123
9.1,0.27877734590412323,0.2785,0.29544426918709643,0.2952,0.31211101894919635,0.3123
9.12,0.27875124286289693,0.2784,0.29547281199648556,0.2952,0.31219420704027806,0.3124
9.14,0.27872532118233756,0.2784,0.295509896074599,0.2952,0.31229429622110544,0.3125
9.16,0.27869957920885463,0.2784,0.29555503772505287,0.2953,0.3124103207575203,0.3126
9.18,0.2786740153073978,0.2784,0.2956075139499803,0.2953,0.3125408362963489,0.3127
9.2,0.2786486278612121,0.2783,0.2956663932695629,0.2953,0.3126839815043908,0.3127
9.22,0.27862341527159595,0.2783,0.2957305721605261,0.2954,0.31283755094527044,0.3128
9.24,0.27859837595766374,0.2783,0.2957988156130824,0.2954,0.3129990761931397,0.3129
9.26,0.278573508356111,0.2783,0.2958698002469062,0.2954,0.3131659120644136,0.313
9.28,0.27854881092098416,0.2782,0.29594215842580074,0.2954,0.31333532484687454,0.313
9.3,0.2785242821234531,0.2782,0.29601452186500815,0.2955,0.31350457951406646,0.3131
9.32,0.27849992045158706,0.2782,0.29608556332430536,0.2955,0.31367102311127615,0.3132
9.34,0.2784757244101348,0.2782,0.29615403512452865,0.2955,0.31383216178840156,0.3133
9.36,0.2784516925203063,0.2781,0.2962188034003798,0.2955,0.3139857293054257,0.3133
9.38,0.27842782331955984,0.2781,0.29627887720383933,0.2956,0.3141297452391528,0.3134
9.4,0.2784041153613907,0.2781,0.296333431791602,0.2956,0.31426256155804866,0.3135
9.42,0.27838056721512355,0.2781,0.2963818256555367,0.2956,0.31438289668319047,0.3136
9.44,0.2783571774657081,0.2781,0.2964236110832901,0.2956,0.31448985660956785,0.3136
9.46,0.27833394471351725,0.278,0.2964585382547146,0.2957,0.3145829430990993,0.3137
9.48,0.2783108675741489,0.278,0.2964865530857488,0.2957,0.31466204936861286,0.3138
9.5,0.27828794467823015,0.278,0.29650778921761445,0.2957,0.31472744406851927,0.3138
9.52,0.2782651746712245,0.278,0.2965225547100597,0.2957,0.31477974466963,0.3139
9.54,0.2782425562132421,0.278,0.29653131413207345,0.2958,0.3148198816449617,0.314
9.56,0.2782200879788527,0.2779,0.29653466684560453,0.2958,0.31484905503758903,0.3141
9.58,0.27819776865690116,0.2779,0.29653332235146856,0.2958,0.31486868515289784,0.3141
9.6,0.2781755969503256,0.2779,0.2965280736058358,0.2958,0.31488035919202134,0.3142
9.62,0.27815357157597925,0.2779,0.29651976922669954,0.2959,0.31488577566524467,0.3143
9.64,0.27813169126445253,0.2778,0.2965092854900931,0.2959,0.3148866883849077,0.3143
9.66,0.2781099547599011,0.2778,0.29649749897112937,0.2959,0.31488485174794145,0.3144
9.68,0.27808836081987254,0.2778,0.29648526061607783,0.2959,0.31488196888046505,0.3145
9.7,0.27806690821513935,0.2778,0.2964733719450212,0.296,0.3148796440435141,0.3145
9.72,0.2780455957295316,0.2778,0.2964625639799112,0.296,0.3148793404895383,0.3146
9.74,0.27802442215977297,0.2777,0.29645347937925287,0.296,0.31488234473212084,0.3147
9.76,0.2780033863153195,0.2777,0.2964466581387658,0.296,0.3148897379476107,0.3147
9.78,0.2779824870182,0.2777,0.2964425270916108,0.296,0.3149023749758443,0.3148
9.8,0.27796172310285944,0.2777,0.2964413933188833,0.2961,0.3149208711413587,0.3149
9.82,0.2779410934160034,0.2777,0.29644344146028423,0.2961,0.3149455968749155,0.3149
9.84,0.2779205968164468,0.2777,0.29644873480304607,0.2961,0.31497667989149436,0.315
9.86,0.2779002321749624,0.2776,0.2964572199253167,0.2961,0.3150140144771625,0.3151
9.88,0.277879998374133,0.2776,0.296468734580724,0.2962,0.3150572772582703,0.3151
9.9,0.27785989430820596,0.2776,0.29648301843500924,0.2962,0.31510594867475206,0.3152
9.92,0.27783991888294796,0.2776,0.29649972620677334,0.2962,0.31515933926162626,0.3152
9.94,0.27782007101550404,0.2776,0.2965184427198453,0.2962,0.3152166197537167,0.3153
9.96,0.2778003496342574,0.2775,0.2965386993477631,0.2962,0.31527685397458416,0.3154
9.98,0.2777807536786911,0.2775,0.29655999131896027,0.2963,0.3153390334468569,0.3154
10.0,0.2777612820992523,0.2775,0.29658179535511925,0.2963,0.3154021126688894,0.3155
10.02,0.27774193385721835,0.2775,0.2966035871334751,0.2963,0.3154650440393226,0.3155
10.04,0.277722707924564,0.2775,0.2966248580937332,0.2963,0.3155268114708761,0.3156
10.06,0.2777036032838315,0.2774,0.29664513115259833,0.2963,0.3155864618193741,0.3157
10.08,0.2776846189280016,0.2774,0.29666397494014485,0.2964,0.3156431333564647,0.3157
10.1,0.2776657538603677,0.2774,0.29668101623046683,0.2964,0.31569608063091814,0.3158
10.12,0.2776470070944096,0.2774,0.2966959503030938,0.2964,0.3157446951914759,0.3158
10.14,0.27762837765367127,0.2774,0.2967085490389598,0.2964,0.3157885217788269,0.3159
10.16,0.27760986457163894,0.2774,0.2967186666233986,0.2964,0.3158272697316602,0.3159
10.18,0.27759146689162145,0.2773,0.2967262427969979,0.2965,0.31586081948846023,0.316
10.2,0.2775731836666314,0.2773,0.29673130366099465,0.2965,0.31588922419840615,0.316
10.22,0.2775550139592699,0.2773,0.2967339601064086,0.2965,0.3159127065797728,0.3161
10.24,0.2775369568416102,0.2773,0.2967344039939818,0.2965,0.3159316512799631,0.3161
10.26,0.2775190113950856,0.2773,0.2967329022621053,0.2965,0.31594659309153766,0.3162
10.28,0.27750117671037666,0.2773,0.2967297891849364,0.2965,0.31595820146864084,0.3162
10.3,0.27748345188730156,0.2772,0.2967254570391019,0.2966,0.3159672618606145,0.3163
10.32,0.2774658360347072,0.2772,0.2967203454651556,0.2966,0.315974654435133,0.3163
10.34,0.277448328270362,0.2772,0.2967149298300161,0.2966,0.31598133080330704,0.3164
10.36,0.27743092772085004,0.2772,0.2967097089083057,0.2966,0.315988289382595,0.3164
10.38,0.27741363352146686,0.2772,0.2967051922035231,0.2966,0.3159965500393852,0.3165
10.4,0.27739644481611603,0.2772,0.29670188722534674,0.2966,0.31600712864383856,0.3165
10.42,0.2773793607572085,0.2771,0.29670028702834583,0.2967,0.31602101214754036,0.3166
10.44,0.27736238050556183,0.2771,0.2967008582983526,0.2967,0.31603913475646994,0.3166
10.46,0.27734550323030177,0.2771,0.29670403024963243,0.2967,0.31606235572555547,0.3167
10.48,0.27732872810876413,0.2771,0.2967101845669218,0.2967,0.3160914392429513,0.3167
10.5,0.27731205432639994,0.2771,0.2967196465930938,0.2967,0.3161270368055572,0.3168
10.52,0.277295481076679,0.2771,0.29673267792890196,0.2967,0.3161696724186784,0.3168
10.54,0.27727900756099777,0.277,0.2967494705724169,0.2967,0.3162197308750525,0.3168
10.56,0.2772626329885861,0.277,0.296770142687248,0.2968,0.31627744929142987,0.3169
10.58,0.27724635657641666,0.277,0.2967947360501627,0.2968,0.31634291200392967,0.3169
10.6,0.277230177549115,0.277,0.2968232151904602,0.2968,0.316416048846886,0.317
10.62,0.27721409513887085,0.277,0.29685546819632913,0.2968,0.31649663676564366,0.317
10.64,0.27719810858535054,0.277,0.2968913091290678,0.2968,0.3165843046450605,0.317
10.66,0.277182217135611,0.277,0.29693048195522365,0.2968,0.3166785411738326,0.3171
10.68,0.2771664200440143,0.2769,0.296972665876891,0.2968,0.31677870550511816,0.3171
10.7,0.277150716572144,0.2769,0.2970174819168202,0.2968,0.3168840404267727,0.3171
10.72,0.2771351059887219,0.2769,0.2970645005947381,0.2968,0.3169936877139917,0.3172
10.74,0.27711958756952615,0.2769,0.2971132505132215,0.2968,0.3171067053010506,0.3172
10.76,0.27710416059731113,0.2769,0.2971632276623849,0.2969,0.31722208589066414,0.3172
10.78,0.27708882436172694,0.2769,0.29721390524178615,0.2969,0.3173387765977748,0.3173
10.8,0.277073578159242,0.2769,0.29726474379771994,0.2969,0.31745569922411293,0.3173
10.82,0.2770584212930636,0.2768,0.29731520147286195,0.2969,0.31757177075745635,0.3173
10.84,0.2770433530730633,0.2768,0.2973647441709856,0.2969,0.31768592370103366,0.3174
10.86,0.2770283728157003,0.2768,0.29741285544747503,0.2969,0.31779712585452374,0.3174
10.88,0.2770134798439466,0.2768,0.2974590459482112,0.2969,0.3179043991918042,0.3174
10.9,0.2769986734872145,0.2768,0.29750286223400313,0.2969,0.3180068375097943,0.3174
10.92,0.27698395308128293,0.2768,0.29754389484379895,0.2969,0.3181036225548678,0.3175
10.94,0.27696931796822627,0.2768,0.29758178547017966,0.2969,0.31819403837383564,0.3175
10.96,0.2769547674963432,0.2767,0.29761623313995406,0.2969,0.3182774836751433,0.3175
10.98,0.27694030102008754,0.2767,0.2976469993145966,0.2969,0.31835348202976277,0.3175
11.0,0.2769259178999985,0.2767,0.2976739118475579,0.2969,0.31842168978584157,0.3176
11.02,0.2769116175026329,0.2767,0.2976968677574443,0.2969,0.3184819016151011,0.3176
11.04,0.2768973992004985,0.2767,0.297715834798397,0.2969,0.31853405365364523,0.3176
11.06,0.27688326237198674,0.2767,0.2977308518304813,0.297,0.31857822424280213,0.3176
11.08,0.27686920640130813,0.2767,0.29774202801290184,0.297,0.3186146323156274,0.3177
11.1,0.2768552306784269,0.2767,0.2977495408631424,0.297,0.3186436335152703,0.3177
11.12,0.2768413345989981,0.2766,0.29775363324120785,0.297,0.31866571416355044,0.3177
11.14,0.2768275175643037,0.2766,0.2977546093361256,0.297,0.31868148323406775,0.3178
11.16,0.27681377898119086,0.2766,0.2977528297433587,0.297,0.3186916625071407,0.3178
11.18,0.2768001182620109,0.2766,0.2977487057356657,0.297,0.3186970751116471,0.3178
11.2,0.2767865348245574,0.2766,0.29774269283850563,0.297,0.3186986326759628,0.3179
11.22,0.27677302809200816,0.2766,0.29773528382869985,0.297,0.3186973213254166,0.3179
11.24,0.2767595974928647,0.2766,0.29772700127989604,0.297,0.31869418677335554,0.3179
11.26,0.27674624246089474,0.2765,0.29771838978201515,0.297,0.3186903187601783,0.318
11.28,0.27673296243507406,0.2765,0.2977100079617428,0.2971,0.31868683509445866,0.318
11.3,0.2767197568595302,0.2765,0.2977024204301574,0.2971,0.3186848655483417,0.318
11.32,0.27670662518348565,0.2765,0.2976961897805306,0.2971,0.3186855358532854,0.3181
11.34,0.27669356686120306,0.2765,0.2976918687535674,0.2971,0.3186899520306769,0.3181
11.36,0.2766805813519301,0.2765,0.2976899926819012,0.2971,0.3186991852809562,0.3182
11.38,0.2766676681198454,0.2765,0.29769107231549663,0.2971,0.31871425763455064,0.3182
11.4,0.27665482663400537,0.2765,0.29769558712311833,0.2972,0.3187361285549361,0.3183
11.42,0.27664205636829137,0.2765,0.2977039791515003,0.2972,0.3187656826570915,0.3183
11.44,0.27662935680135764,0.2764,0.29771664751563276,0.2972,0.31880371868818214,0.3184
11.46,0.27661672741657994,0.2764,0.29773394357917227,0.2972,0.3188509398884824,0.3184
11.48,0.27660416770200474,0.2764,0.29775616687406403,0.2973,0.3189079458307119,0.3185
11.5,0.2765916771502989,0.2764,0.2977835617945206,0.2973,0.31897522580807963,0.3186
11.52,0.27657925525870086,0.2764,0.2978163150890405,0.2973,0.3190531538183945,0.3186
11.54,0.27656690152897045,0.2764,0.29785455416160245,0.2973,0.3191419851665224,0.3187
11.56,0.27655461546734195,0.2764,0.2978983461815192,0.2974,0.3192418546841503,0.3188
11.58,0.2765423965844755,0.2764,0.2979476979906196,0.2974,0.3193527765441994,0.3189
11.6,0.2765302443954102,0.2763,0.29800255678451404,0.2974,0.31947464562339617,0.319
11.62,0.2765181584195179,0.2763,0.2980628115369356,0.2975,0.31960724035098553,0.319
11.64,0.27650613818045655,0.2763,0.2981282951249721,0.2975,0.3197502269592204,0.3191
11.66,0.2764941832061256,0.2763,0.2981987871068393,0.2976,0.31990316503892285,0.3192
11.68,0.27648229302862026,0.2763,0.29827401709602985,0.2976,0.32006551428779323,0.3193
11.7,0.27647046718418833,0.2763,0.29835366866959057,0.2976,0.3202366423269668,0.3194
11.72,0.276458705213185,0.2763,0.2984373837445402,0.2977,0.32041583345384916,0.3195
11.74,0.2764470066600311,0.2763,0.29852476735144473,0.2977,0.32060229818925856,0.3196
11.76,0.2764353710731691,0.2763,0.2986153927327523,0.2978,0.32079518347408725,0.3197
11.78,0.27642379800502176,0.2762,0.2987088066914697,0.2978,0.32099358336663997,0.3199
11.8,0.2764122870119505,0.2762,0.2988045351154943,0.2979,0.3211965500912809,0.32
11.82,0.27640083765421314,0.2762,0.29890208860330525,0.298,0.3214031052898015,0.3201
11.84,0.27638944949592487,0.2762,0.29900096811850585,0.298,0.32161225133048404,0.3202
11.86,0.2763781221050167,0.2762,0.2991006706036571,0.2981,0.32182298253575237,0.3203
11.88,0.2763668550531963,0.2762,0.2992006944851048,0.2981,0.322034296191808,0.3205
11.9,0.27635564791590883,0.2762,0.2993005450075079,0.2982,0.32224520321767025,0.3206
11.92,0.2763445002722981,0.2762,0.29939973933810204,0.2982,0.3224547383736888,0.3207
11.94,0.276333411705168,0.2762,0.2994978113883533,0.2983,0.3226619699048401,0.3209
11.96,0.27632238180094526,0.2762,0.29959431630488464,0.2984,0.32286600852257075,0.321
11.98,0.2763114101496417,0.2761,0.29968883458767936,0.2984,0.3230660156411982,0.3211
12.0,0.27630049634481724,0.2761,0.2997809758000807,0.2985,0.32326121079791004,0.3213
12.02,0.27628963998354317,0.2761,0.2998703818410229,0.2986,0.3234508781972274,0.3214
12.04,0.27627884066636704,0.2761,0.2999567297565495,0.2986,0.3236343723340481,0.3216
12.06,0.276268097997276,0.2761,0.30003973407414325,0.2987,0.3238111226623181,0.3217
12.08,0.276257411583662,0.2761,0.3001191486491749,0.2988,0.3239806372879456,0.3218
12.1,0.2762467810362871,0.2761,0.30019476802012224,0.2988,0.32414250567925934,0.322
12.12,0.2762362059692489,0.2761,0.3002664282732255,0.2989,0.32429640039634466,0.3221
12.14,0.2762256859999465,0.2761,0.3003340074254674,0.299,0.32444207785703366,0.3223
12.16,0.2762152207490472,0.2761,0.30039742533701974,0.299,0.3245793781618333,0.3224
12.18,0.2762048098404532,0.276,0.30045664317219967,0.2991,0.3247082240158759,0.3226
12.2,0.27619445290126865,0.276,0.30051166243016925,0.2992,0.32482861879036196,0.3227
12.22,0.2761841495617671,0.276,0.3005625235718545,0.2992,0.3249406437764449,0.3229
12.24,0.2761738994553603,0.276,0.30060930427292054,0.2993,0.32504445469123083,0.323
12.26,0.27616370221856545,0.276,0.30065211733512764,0.2994,0.3251402775005448,0.3232
12.28,0.27615355749097453,0.276,0.30069110829166934,0.2994,0.325228403629663,0.3233
12.3,0.2761434649152234,0.276,0.30072645274350573,0.2995,0.32530918463603775,0.3234
12.32,0.276133424136961,0.276,0.30075835346571034,0.2996,0.3253830264220526,0.3236
12.34,0.27612343480481916,0.276,0.30078703732323886,0.2996,0.32545038306662133,0.3237
12.36,0.2761134965703829,0.276,0.3008127520364573,0.2997,0.32551175035630825,0.3239
12.38,0.27610360908816095,0.2759,0.3008357628370307,0.2998,0.32556765909717,0.324
12.4,0.27609377201555596,0.2759,0.3008563490533602,0.2998,0.32561866828569436,0.3241
12.42,0.2760839850128369,0.2759,0.300874800665209,0.2999,0.32566535821811626,0.3243
12.44,0.27607424774310896,0.2759,0.3008914148647674,0.2999,0.32570832361261337,0.3244
12.46,0.27606455987228684,0.2759,0.30090649266087843,0.3,0.3257481668178199,0.3245
12.48,0.2760549210690663,0.2759,0.30092033555978726,0.3001,0.3257854911743879,0.3246
12.5,0.2760453310048962,0.2759,0.30093324235581503,0.3001,0.32582089459639674,0.3248
12.52,0.2760357893539517,0.2759,0.3009455060600993,0.3002,0.32585496342889225,0.3249
12.54,0.27602629579310783,0.2759,0.30095741099558576,0.3002,0.3258882666379273,0.325
12.56,0.27601685000191173,0.2759,0.3009692300816874,0.3003,0.32592135037993614,0.3251
12.58,0.27600745166255747,0.2759,0.3009812223300587,0.3003,0.3259547329933335,0.3252
12.6,0.2759981004598594,0.2758,0.3009936305697173,0.3004,0.32598890044880924,0.3253
12.62,0.27598879608122684,0.2758,0.30100667941640263,0.3004,0.326024302288091,0.3255
12.64,0.27597953821663807,0.2758,0.3010205734983197,0.3005,0.32606134807547676,0.3256
12.66,0.275970326558616,0.2758,0.3010354959469945,0.3005,0.32610040437958615,0.3257
12.68,0.27596116080220257,0.2758,0.30105160715888424,0.3006,0.32614179229661816,0.3258
12.7,0.275952040644935,0.2758,0.30106904383113375,0.3006,0.3261857855218992,0.3258
12.72,0.27594296578682037,0.2758,0.3010879182706096,0.3007,0.3262326089679828,0.3259
12.74,0.2759339359303133,0.2758,0.3011083179741718,0.3007,0.3262824379252205,0.326
12.76,0.27592495078029006,0.2758,0.3011303054742286,0.3007,0.32633539775289816,0.3261
12.78,0.2759160100440271,0.2758,0.3011539184421169,0.3008,0.32639156408601805,0.3262
12.8,0.2759071134311765,0.2758,0.3011791700390708,0.3008,0.32645096353725633,0.3263
12.82,0.27589826065374384,0.2758,0.30120604950261753,0.3008,0.32651357486977073,0.3263
12.84,0.2758894514260649,0.2757,0.3012345229544796,0.3009,0.32657933061302047,0.3264
12.86,0.27588068546478367,0.2757,0.30126453441472145,0.3009,0.3266481190910701,0.3265
12.88,0.2758719624888296,0.2757,0.3012960070045818,0.3009,0.32671978682826514,0.3266
12.9,0.27586328221939654,0.2757,0.3013288443202684,0.301,0.326794141296828,0.3266
12.92,0.2758546443799202,0.2757,0.3013629319585654,0.301,0.3268709539680794,0.3267
12.94,0.2758460486960572,0.2757,0.3013981391745476,0.301,0.3269499636278708,0.3268
12.96,0.2758374948956636,0.2757,0.3014343206507798,0.301,0.32703087991498575,0.3268
12.98,0.27582898270877376,0.2757,0.30147131835750207,0.3011,0.32711338704151244,0.3269
13.0,0.27582051186758005,0.2757,0.3015089634837162,0.3011,0.3271971476550168,0.3269
13.02,0.27581208210641195,0.2757,0.3015470784177159,0.3011,0.3272818067996032,0.327
13.04,0.275803693161716,0.2757,0.30158547875745634,0.3011,0.32736699593665247,0.327
13.06,0.2757953447720356,0.2757,0.30162397533096896,0.3012,0.32745233698565085,0.3271
13.08,0.2757870366779908,0.2756,0.30166237620733916,0.3012,0.32753744634614473,0.3271
13.1,0.2757787686222595,0.2756,0.30170048868047233,0.3012,0.3276219388652704,0.3272
13.12,0.275770540349557,0.2756,0.30173812120778476,0.3012,0.32770543171513666,0.3272
13.14,0.27576235160661794,0.2756,0.30177508528803754,0.3012,0.3277875481484912,0.3273
13.16,0.2757542021421761,0.2756,0.30181119726252204,0.3013,0.32786792110109203,0.3273
13.18,0.2757460917069466,0.2756,0.3018462800260342,0.3013,0.3279461966136574,0.3274
13.2,0.27573802005360637,0.2756,0.3018801646353638,0.3013,0.32802203704884647,0.3274
13.22,0.27572998693677675,0.2756,0.30191269180307245,0.3013,0.3280951240788164,0.3275
13.24,0.2757219921130046,0.2756,0.3019437132680782,0.3013,0.3281651614263979,0.3275
13.26,0.27571403534074473,0.2756,0.3019730930331501,0.3013,0.3282318773400875,0.3275
13.28,0.2757061163803415,0.2756,0.3020007084638892,0.3014,0.32829502679201716,0.3276
13.3,0.27569823499401214,0.2756,0.3020264512427471,0.3014,0.328354393385998,0.3276
13.32,0.2756903909458283,0.2756,0.3020502281744763,0.3014,0.32840979096843126,0.3276
13.34,0.27568258400169965,0.2756,0.3020719618401334,0.3014,0.3284610649363242,0.3277
13.36,0.2756748139293561,0.2755,0.3020915910989982,0.3014,0.3285080932411402,0.3277
13.38,0.2756670804983321,0.2755,0.3021090714378484,0.3014,0.3285507870873618,0.3278
13.4,0.27565938347994845,0.2755,0.30212437516952395,0.3015,0.3285890913296337,0.3278
13.42,0.275651722647297,0.2755,0.3021374914833576,0.3015,0.32862298457363964,0.3278
13.44,0.2756440977752235,0.2755,0.30214842635097894,0.3015,0.3286524789877287,0.3279
13.46,0.2756365086403123,0.2755,0.3021572022927548,0.3015,0.32867761983581323,0.3279
13.48,0.2756289550208694,0.2755,0.3021638580103119,0.3015,0.3286984847424357,0.3279
13.5,0.27562143669690775,0.2755,0.3021684478924252,0.3015,0.32871518270456423,0.328
13.52,0.27561395345013034,0.2755,0.3021710414014079,0.3015,0.328727852864397,0.328
13.54,0.27560650506391576,0.2755,0.3021717223482888,0.3015,0.32873666305973814,0.328
13.56,0.27559909132330257,0.2755,0.3021705880661518,0.3016,0.32874180817070137,0.3281
13.58,0.2755917120149737,0.2755,0.3021677484904769,0.3016,0.3287435082804169,0.3281
13.6,0.27558436692724214,0.2755,0.30216332515684247,0.3016,0.3287420066704609,0.3281
13.62,0.2755770558500359,0.2755,0.3021574501257541,0.3016,0.3287375676705397,0.3282
13.64,0.27556977857488313,0.2754,0.30215026484549123,0.3016,0.3287304743842089,0.3282
13.66,0.2755625348948976,0.2754,0.3021419189630977,0.3016,0.3287210263108824,0.3283
13.68,0.2755553246047648,0.2754,0.30213256909445846,0.3016,0.3287095368860121,0.3283
13.7,0.2755481475007269,0.2754,0.3021223775639259,0.3017,0.32869633096036827,0.3283
13.72,0.2755410033805695,0.2754,0.3021115111244219,0.3017,0.3286817422402711,0.3284
13.74,0.2755338920436076,0.2754,0.3021001396673435,0.3017,0.3286661107074288,0.3284
13.76,0.2755268132906709,0.2754,0.3020884349334467,0.3017,0.32864978004073336,0.3284
13.78,0.2755197669240915,0.2754,0.30207656923401216,0.3017,0.32863309505861826,0.3285
13.8,0.2755127527476894,0.2754,0.30206471419125097,0.3017,0.32861639919989666,0.3285
13.82,0.2755057705667596,0.2754,0.3020530395075627,0.3018,0.32860003206230387,0.3286
13.84,0.27549882018805916,0.2754,0.3020417117716596,0.3018,0.32858432701477136,0.3286
13.86,0.27549190141979313,0.2754,0.30203089330956245,0.3018,0.32856960889944303,0.3286
13.88,0.2754850140716028,0.2754,0.30202074108741167,0.3018,0.32855619183732276,0.3287
13.9,0.2754781579545522,0.2754,0.3020114056738403,0.3018,0.32854437715304285,0.3287
13.92,0.2754713328811155,0.2754,0.30200303026657255,0.3018,0.32853445142808463,0.3287
13.94,0.27546453866516474,0.2753,0.30199574978972166,0.3019,0.3285266846953962,0.3288
13.96,0.27545777512195685,0.2753,0.30198969006637133,0.3019,0.3285213287845758,0.3288
13.98,0.2754510420681221,0.2753,0.3019849670698693,0.3019,0.3285186158244797,0.3289
14.0,0.2754443393216516,0.2753,0.3019816862581719,0.3019,0.3285187569119292,0.3289
14.02,0.275437666701885,0.2753,0.3019799419932775,0.3019,0.3285219409505974,0.3289
14.04,0.27543102402949915,0.2753,0.3019798170478398,0.3019,0.3285283336642514,0.329
14.06,0.27542441112649557,0.2753,0.3019813822008073,0.3019,0.3285380767880473,0.329
14.08,0.27541782781618956,0.2753,0.30198469592225763,0.302,0.3285512874382151,0.329
14.1,0.27541127392319825,0.2753,0.3019898041476551,0.302,0.3285680576605859,0.3291
14.12,0.275404749273429,0.2753,0.30199674014141764,0.302,0.32858845415774035,0.3291
14.14,0.27539825369406856,0.2753,0.30200552444784245,0.302,0.3286125181908702,0.3291
14.16,0.2753917870135714,0.2753,0.3020161649286709,0.302,0.32864026565491994,0.3292
14.18,0.27538534906164924,0.2753,0.302028656884305,0.302,0.3286716873210294,0.3292
14.2,0.2753789396692589,0.2753,0.30204298325657,0.302,0.32870674924206755,0.3292
14.22,0.27537255866859306,0.2753,0.30205911490941406,0.3021,0.3287453933140403,0.3293
14.24,0.2753662058930679,0.2753,0.3020770109843027,0.3021,0.32878753798688576,0.3293
14.26,0.27535988117731375,0.2752,0.302096619326194,0.3021,0.3288330791164311,0.3293
14.28,0.2753535843571637,0.2752,0.30211787697584036,0.3021,0.3288818909490016,0.3294
14.3,0.27534731526964396,0.2752,0.302140710723816,0.3021,0.3289338272294805,0.3294
14.32,0.2753410737529622,0.2752,0.3021650377216114,0.3021,0.32898872242350147,0.3294
14.34,0.27533485964649884,0.2752,0.30219076614401663,0.3021,0.3290463930422186,0.3294
14.36,0.2753286727907961,0.2752,0.3022177958985352,0.3021,0.3291066390611373,0.3295
14.38,0.2753225130275481,0.2752,0.3022460193758011,0.3021,0.32916924542094994,0.3295
14.4,0.2753163801995909,0.2752,0.3022753222352722,0.3021,0.32923398359892514,0.3295
14.42,0.27531027415089315,0.2752,0.3023055842213576,0.3022,0.32930061324116283,0.3295
14.44,0.2753041947265453,0.2752,0.30233668000364755,0.3022,0.32936888384305607,0.3295
14.46,0.2752981417727513,0.2752,0.3023684800361262,0.3022,0.3294385364677164,0.3296
14.48,0.2752921151368183,0.2752,0.3024008514295601,0.3022,0.3295093054907517,0.3296
14.5,0.2752861146671468,0.2752,0.30243365883163287,0.3022,0.3295809203605365,0.3296
14.52,0.27528014021322256,0.2752,0.30246676530954253,0.3022,0.32965310736340486,0.3296
14.54,0.27527419162560635,0.2752,0.30250003322957697,0.3022,0.32972559138280333,0.3296
14.56,0.2752682687559249,0.2752,0.30253332512878495,0.3022,0.329798097642632,0.3296
14.58,0.2752623714568622,0.2752,0.3025665045738862,0.3022,0.3298703534250657,0.3296
14.6,0.2752564995821505,0.2752,0.3025994370024859,0.3022,0.3299420897529817,0.3297
14.62,0.27525065298656065,0.2751,0.3026319905422921,0.3022,0.3300130430283966,0.3297
14.64,0.2752448315258947,0.2751,0.3026640368040475,0.3022,0.330082956618329,0.3297
14.66,0.2752390350569757,0.2751,0.3026954516443665,0.3022,0.33015158238047554,0.3297
14.68,0.27523326343764015,0.2751,0.3027261158945158,0.3022,0.3302186821207726,0.3297
14.7,0.27522751652672894,0.2751,0.30275591605208896,0.3022,0.3302840289767462,0.3297
14.72,0.2752217941840788,0.2751,0.3027847449322498,0.3022,0.3303474087200021,0.3297
14.74,0.27521609627051474,0.2751,0.30281250227564205,0.3022,0.33040862097204493,0.3297
14.76,0.27521042264784024,0.2751,0.302839095310973,0.3022,0.3304674803294502,0.3297
14.78,0.27520477317883063,0.2751,0.3028644392696763,0.3022,0.33052381739319103,0.3297
14.8,0.2751991477272239,0.2751,0.30288845785095775,0.3022,0.3305774796987338,0.3297
14.82,0.27519354615771313,0.2751,0.3029110836355585,0.3022,0.33062833254356866,0.3296
14.84,0.2751879683359383,0.2751,0.3029322584476133,0.3022,0.3306762597109289,0.3296
14.86,0.2751824141284786,0.2751,0.3029519336627195,0.3021,0.3307211640859351,0.3296
14.88,0.275176883402844,0.2751,0.3029700704626106,0.3021,0.330762968164947,0.3296
14.9,0.2751713760274688,0.2751,0.30298664003545517,0.3021,0.3308016144561664,0.3296
14.92,0.27516589187170226,0.2751,0.30300162372232115,0.3021,0.3308370657725722,0.3296
14.94,0.27516043080580205,0.2751,0.3030150131095128,0.3021,0.3308693054166019,0.3296
14.96,0.2751549927009271,0.2751,0.3030268100678001,0.3021,0.33089833725861567,0.3296
14.98,0.27514957742912877,0.2751,0.3030370267392681,0.3021,0.3309241857106043,0.3296
15.0,0.2751441848633446,0.275,0.3030456854726358,0.3021,0.3309468955968345,0.3296
15.02,0.27513881487739095,0.275,0.3030528187087043,0.3021,0.33096653192475306,0.3296
15.04,0.2751334673459548,0.275,0.30305846881690085,0.3021,0.3309831795580848,0.3296
15.06,0.2751281421445878,0.275,0.30306268788519586,0.3021,0.3309969427966755,0.3296
15.08,0.2751228391496984,0.275,0.30306553746527587,0.3021,0.33100794486684787,0.3295
15.1,0.27511755823854483,0.275,0.3030670882742509,0.3021,0.33101632732482567,0.3295
15.12,0.27511229928922853,0.275,0.3030674198565656,0.3021,0.33102224938056785,0.3295
15.14,0.27510706218068715,0.275,0.3030666202066623,0.3021,0.33102588714310394,0.3295
15.16,0.275101846792687,0.275,0.30306478535714065,0.3021,0.3310274327968657,0.3295
15.18,0.2750966530058176,0.275,0.3030620189324892,0.3021,0.33102709370916056,0.3295
15.2,0.27509148070148365,0.275,0.30305843167343244,0.3021,0.33102509147887904,0.3295
15.22,0.2750863297618991,0.275,0.30305414093313465,0.3021,0.33102166092891244,0.3295
15.24,0.27508120007008074,0.275,0.30304927014866867,0.3021,0.33101704904910323,0.3295
15.26,0.2750760915098408,0.275,0.30304394829064285,0.3021,0.33101151389551225,0.3296
15.28,0.27507100396578166,0.275,0.3030383092937991,0.3021,0.33100532345162514,0.3296
15.3,0.27506593732328816,0.275,0.3030324914715438,0.3021,0.33099875445742866,0.3296
15.32,0.2750608914685226,0.275,0.303026636917324,0.3021,0.330992091212174,0.3296
15.34,0.27505586628841733,0.275,0.3030208908957578,0.3021,0.33098562435665163,0.3296
15.36,0.2750508616706693,0.275,0.3030154012263769,0.3021,0.33097964964068777,0.3296
15.38,0.27504587750373316,0.275,0.3030103176630449,0.3021,0.3309744666819948,0.3297
15.4,0.27504091367681627,0.2749,0.30300579127144966,0.3021,0.330970377721167,0.3297
15.42,0.2750359700798713,0.2749,0.30300197380754645,0.3021,0.33096768637858137,0.3297
15.44,0.2750310466035913,0.2749,0.3029990171001886,0.3021,0.33096669641966936,0.3298
15.46,0.27502614313940305,0.2749,0.3029970724392408,0.3021,0.3309677105311576,0.3298
15.48,0.27502125957946194,0.2749,0.3029962899731895,0.3022,0.33097102911629916,0.3298
15.5,0.27501639581664533,0.2749,0.30299681811707435,0.3022,0.33097694911075,0.3299
15.52,0.2750115517445472,0.2749,0.30299880297469595,0.3022,0.3309857628269947,0.3299
15.54,0.2750067272574726,0.2749,0.3030023877753869,0.3022,0.3309977568279012,0.33
15.56,0.2750019222504316,0.2749,0.30300771232921897,0.3023,0.33101321083714663,0.33
15.58,0.2749971366191338,0.2749,0.3030149125011989,0.3023,0.33103239668761897,0.3301
15.6,0.2749923702599827,0.2749,0.3030241197065815,0.3023,0.3310555773120553,0.3302
15.62,0.2749876230700707,0.2749,0.30303546042977036,0.3023,0.33108300578085226,0.3302
15.64,0.2749828949471728,0.2749,0.3030490557667745,0.3024,0.33111492438699114,0.3303
15.66,0.2749781857897419,0.2749,0.3030650209941396,0.3024,0.3311515637839093,0.3304
15.68,0.2749734954969032,0.2749,0.3030834651645352,0.3025,0.33119314217668416,0.3305
15.7,0.2749688239684486,0.2749,0.30310449073027423,0.3025,0.3312398645690821,0.3305
15.72,0.27496417110483184,0.2749,0.3031281931963484,0.3025,0.33129192206963726,0.3306
15.74,0.2749595368071632,0.2749,0.3031546608029684,0.3026,0.33134949125674096,0.3307
15.76,0.27495492097720425,0.2749,0.3031839742385175,0.3026,0.3314127336045574,0.3308
15.78,0.2749503235173625,0.2749,0.30321620638387026,0.3027,0.3314817949716684,0.331
15.8,0.2749457443306872,0.2749,0.30325142208771205,0.3028,0.331556805151719,0.3311
15.82,0.27494118332086287,0.2749,0.30328967797385,0.3028,0.33163787748804857,0.3312
15.84,0.2749366403922059,0.2749,0.30333102228021047,0.3029,0.3317251085516902,0.3313
15.86,0.2749321154496583,0.2748,0.30337549472943404,0.3029,0.33181857788256863,0.3315
15.88,0.2749276083987839,0.2748,0.303423126431346,0.303,0.33191834779444557,0.3316
15.9,0.27492311914576234,0.2748,0.3034739398167954,0.3031,0.33202446324260504,0.3317
15.92,0.2749186475973856,0.2748,0.30352794860237303,0.3032,0.3321369517532929,0.3319
15.94,0.2749141936610519,0.2748,0.30358515778587875,0.3032,0.3322558234146576,0.3321
15.96,0.27490975724476224,0.2748,0.30364556367174284,0.3033,0.3323810709275963,0.3322
15.98,0.2749053382571144,0.2748,0.3037091539256066,0.3034,0.3325126697149212,0.3324
16.0,0.2749009366072997,0.2748,0.30377590765774687,0.3035,0.33265057808821114,0.3326
16.02,0.27489655220509734,0.2748,0.3038457955340585,0.3036,0.3327947374697813,0.3327
16.04,0.2748921849608705,0.2748,0.3039187799136488,0.3037,0.33294507266787376,0.3329
16.06,0.27488783478556134,0.2748,0.3039948150124818,0.3037,0.33310149220395047,0.3331
16.08,0.2748835015906869,0.2748,0.3040738470916693,0.3038,0.3332638886892764,0.3333
16.1,0.2748791852883343,0.2748,0.30415581466890257,0.3039,0.3334321392477861,0.3335
16.12,0.27487488579115726,0.2748,0.3042406487529292,0.304,0.3336061059850386,0.3337
16.14,0.2748706030123702,0.2748,0.30432827309846616,0.3041,0.33378563649804593,0.3339
16.16,0.2748663368657455,0.2748,0.30441860448152014,0.3042,0.3339705644259149,0.3341
16.18,0.2748620872656082,0.2748,0.304511552992518,0.3043,0.3341607100361096,0.3343
16.2,0.2748578541268322,0.2748,0.3046070223473808,0.3044,0.33435588084659923,0.3345
16.22,0.27485363736483615,0.2748,0.30470491021363466,0.3045,0.3345558722780823,0.3347
16.24,0.2748494368955789,0.2748,0.3048051085512322,0.3046,0.33476046833562917,0.335
16.26,0.2748452526355554,0.2748,0.3049075039664052,0.3048,0.33496944231638776,0.3352
16.28,0.2748410845017935,0.2748,0.3050119780765137,0.3049,0.33518255753928233,0.3354
16.3,0.27483693241184826,0.2748,0.30511840788559297,0.305,0.3353995680961078,0.3356
16.32,0.2748327962837998,0.2748,0.30522666616816074,0.3051,0.3356202196191432,0.3358
16.34,0.27482867603624794,0.2747,0.3053366218603022,0.3052,0.3358442500633229,0.3361
16.36,0.27482457158830875,0.2747,0.30544814045672897,0.3053,0.3360713905003534,0.3363
16.38,0.27482048285961075,0.2747,0.3055610844121121,0.3054,0.3363013659213796,0.3365
16.4,0.2748164097702907,0.2747,0.3056753135455347,0.3055,0.33653389604588946,0.3368
16.42,0.2748123522409901,0.2747,0.30579068544673876,0.3057,0.33676869613420746,0.337
16.44,0.2748083101928515,0.2747,0.30590705588264844,0.3058,0.3370054778005399,0.3372
16.46,0.27480428354751396,0.2747,0.3060242792029678,0.3059,0.3372439498241718,0.3375
16.48,0.2748002722271101,0.2747,0.3061422087441027,0.306,0.3374838189573077,0.3377
16.5,0.2747962761542623,0.2747,0.3062606972289742,0.3061,0.3377247907247006,0.3379
16.52,0.27479229525207854,0.2747,0.3063795971631752,0.3062,0.33796657021596255,0.3382
16.54,0.2747883294441491,0.2747,0.3064987612248371,0.3063,0.3382088628652994,0.3384
16.56,0.27478437865454314,0.2747,0.3066180426481817,0.3065,0.3384513752186126,0.3386
16.58,0.27478044280780467,0.2747,0.30673729559931334,0.3066,0.3386938156850845,0.3389
16.6,0.27477652182894924,0.2747,0.30685637554318607,0.3067,0.33893589527111145,0.3391
16.62,0.27477261564346045,0.2747,0.3069751396012057,0.3068,0.3391773282955083,0.3393
16.64,0.2747687241772865,0.2747,0.3070934468980627,0.3069,0.33941783308317375,0.3396
16.66,0.2747648473568366,0.2747,0.30721115889762673,0.307,0.3396571326368792,0.3398
16.68,0.27476098510897745,0.2747,0.30732813972644074,0.3071,0.339894955284258,0.34
16.7,0.2747571373610302,0.2747,0.3074442564848787,0.3072,0.3401310353001197,0.3402
16.72,0.27475330404076664,0.2747,0.3075593795447078,0.3074,0.34036511350157556,0.3405
16.74,0.27474948507640623,0.2747,0.30767338283261947,0.3075,0.34059693781510103,0.3407
16.76,0.2747456803966127,0.2747,0.30778614409956695,0.3076,0.34082626381521064,0.3409
16.78,0.27474188993049053,0.2747,0.30789754517500556,0.3077,0.34105285523294027,0.3411
16.8,0.2747381136075822,0.2747,0.30800747220586433,0.3078,0.3412764844337901,0.3413
16.82,0.274734351357864,0.2747,0.30811581587961967,0.3079,0.3414969328638739,0.3415
16.84,0.27473060311174424,0.2747,0.3082224716317249,0.308,0.34171399146477793,0.3417
16.86,0.27472686880005875,0.2747,0.30832733983657945,0.3081,0.3419274610555017,0.342
16.88,0.27472314835406875,0.2747,0.30843032598215614,0.3082,0.34213715268171296,0.3422
16.9,0.274719441705457,0.2746,0.30853134082802325,0.3083,0.34234288793179385,0.3423
16.92,0.27471574878632476,0.2746,0.3086303005470706,0.3084,0.3425444992202947,0.3425
16.94,0.2747120695291894,0.2746,0.3087271268499763,0.3085,0.34274183003686876,0.3427
16.96,0.2747084038669808,0.2746,0.30882174709374066,0.3086,0.3429347351633425,0.3429
16.98,0.2747047517330382,0.2746,0.3089140943731421,0.3086,0.3431230808566292,0.3431
17.0,0.27470111306110767,0.2746,0.3090041075961172,0.3087,0.3433067449994915,0.3433
17.02,0.27469748778533915,0.2746,0.3090917315425191,0.3088,0.3434856172180598,0.3434
17.04,0.27469387584028293,0.2746,0.30917691690719196,0.3089,0.3436595989679847,0.3436
17.06,0.27469027716088706,0.2746,0.30925962032676346,0.309,0.3438286035880244,0.3438
17.08,0.27468669168249504,0.2746,0.30933980439132824,0.3091,0.34399255632341363,0.3439
17.1,0.27468311934084183,0.2746,0.3094174376406146,0.3091,0.3441513943182007,0.3441
17.12,0.27467956007205213,0.2746,0.30949249454531014,0.3092,0.3443050665779013,0.3442
17.14,0.2746760138126365,0.2746,0.30956495547388924,0.3093,0.34445353390315725,0.3443
17.16,0.27467248049948967,0.2746,0.3096348066454343,0.3093,0.34459676879538154,0.3445
17.18,0.27466896006988695,0.2746,0.30970204006871294,0.3094,0.34473475533491665,0.3446
17.2,0.27466545246148155,0.2746,0.3097666534680733,0.3094,0.3448674890328287,0.3447
17.22,0.27466195761230255,0.2746,0.3098286501967402,0.3095,0.3449949766575027,0.3448
17.24,0.2746584754607511,0.2746,0.3098880391377951,0.3096,0.34511723603660716,0.345
17.26,0.2746550059455991,0.2746,0.3099448345937398,0.3096,0.34523429583622434,0.3451
17.28,0.274651549005985,0.2746,0.3099990561645709,0.3097,0.3453461953170045,0.3452
17.3,0.2746481045814126,0.2746,0.31005072861578437,0.3097,0.3454529840701769,0.3453
17.32,0.2746446726117475,0.2746,0.3100998817360865,0.3097,0.345554721732978,0.3453
17.34,0.2746412530372147,0.2746,0.3101465501859756,0.3098,0.34565147768581805,0.3454
17.36,0.2746378457983967,0.2746,0.3101907733371929,0.3098,0.3457433307311863,0.3455
17.38,0.27463445083622956,0.2746,0.3102325951045144,0.3099,0.3458303687572408,0.3456
17.4,0.2746310680920021,0.2746,0.31027206376963196,0.3099,0.34591268838557343,0.3457
17.42,0.2746276975073519,0.2746,0.3103092317981947,0.3099,0.34599039460529785,0.3457
17.44,0.2746243390242637,0.2746,0.31034415565048845,0.31,0.34606360039441264,0.3458
17.46,0.27462099258506667,0.2746,0.31037689558650605,0.31,0.3461324263299463,0.3459
17.48,0.2746176581324316,0.2746,0.31040751546575396,0.31,0.34619700018757554,0.3459
17.5,0.2746143356093695,0.2745,0.31043608254281296,0.31,0.34625745653275014,0.346
17.52,0.2746110249592281,0.2745,0.310462667258802,0.3101,0.3463139363036262,0.346
17.54,0.27460772612568984,0.2745,0.3104873430296109,0.3101,0.34636658638753604,0.3461
17.56,0.2746044390527699,0.2745,0.3105101860315159,0.3101,0.3464155591922234,0.3461
17.58,0.2746011636848132,0.2745,0.3105312749846152,0.3101,0.3464610122127195,0.3462
17.6,0.27459789996649264,0.2745,0.3105506909347938,0.3101,0.3465031075952772,0.3462
17.62,0.2745946478428066,0.2745,0.3105685170345084,0.3102,0.3465420116989449,0.3462
17.64,0.2745914072590764,0.2745,0.310584838323521,0.3102,0.3465778946570399,0.3463
17.66,0.27458817816094433,0.2745,0.3105997415092279,0.3102,0.346610929937809,0.3463
17.68,0.2745849604943713,0.2745,0.3106133147481799,0.3102,0.3466412939074742,0.3463
17.7,0.27458175420563485,0.2745,0.3106256474280624,0.3102,0.34666916539419823,0.3464
17.72,0.27457855924132635,0.2745,0.3106368299520509,0.3102,0.3466947252567982,0.3464
17.74,0.2745753755483494,0.2745,0.3106469535244826,0.3102,0.3467181559560955,0.3464
17.76,0.27457220307391733,0.2745,0.31065610993958104,0.3103,0.3467396411323672,0.3464
17.78,0.2745690417655513,0.2745,0.31066439137287893,0.3103,0.3467593651881976,0.3465
17.8,0.2745658915710776,0.2745,0.3106718901761998,0.3103,0.34677751287844527,0.3465
17.82,0.2745627524386264,0.2745,0.3106786986761818,0.3103,0.3467942689072948,0.3465
17.84,0.2745596243166287,0.2745,0.3106849089772534,0.3103,0.3468098175342125,0.3465
17.86,0.2745565071538152,0.2745,0.31069061276864934,0.3103,0.3468243421879822,0.3465
17.88,0.2745534008992131,0.2745,0.3106959011367102,0.3103,0.34683802509130873,0.3465
17.9,0.27455030550214543,0.2745,0.3107008643822261,0.3103,0.34685104689550894,0.3466
17.92,0.27454722091222716,0.2745,0.310705591842913,0.3103,0.34686358632546915,0.3466
17.94,0.27454414707936536,0.2745,0.31071017172189963,0.3103,0.3468758198366206,0.3466
17.96,0.2745410839537557,0.2745,0.310714690922247,0.3103,0.3468879212839848,0.3466
17.98,0.2745380314858807,0.2745,0.3107192348872705,0.3103,0.3469000616028195,0.3466
18.0,0.2745349896265078,0.2745,0.3107238874476923,0.3103,0.3469124085029288,0.3466
18.02,0.27453195832668786,0.2745,0.3107287306750611,0.3103,0.34692512617550386,0.3466
18.04,0.2745289375377525,0.2745,0.3107338447420413,0.3103,0.3469383750137069,0.3467
18.06,0.27452592721131286,0.2745,0.31073930778976644,0.3104,0.3469523113473797,0.3467
18.08,0.2745229272992573,0.2745,0.31074519580198307,0.3104,0.3469670871913355,0.3467
18.1,0.2745199377537494,0.2745,0.31075158248635426,0.3104,0.346982850007969,0.3467
18.12,0.27451695852722624,0.2745,0.31075853916325336,0.3104,0.34699974248484683,0.3467
18.14,0.2745139895723966,0.2745,0.3107661346614593,0.3104,0.34701790232610086,0.3467
18.16,0.2745110308422389,0.2745,0.310774435221668,0.3104,0.34703746205945435,0.3468
18.18,0.27450808228999984,0.2744,0.31078350440694724,0.3104,0.34705854885713416,0.3468
18.2,0.2745051438691918,0.2744,0.3107934030208958,0.3104,0.3470812843721918,0.3468
18.22,0.27450221553359183,0.2744,0.31080418903311774,0.3104,0.3471057845894543,0.3468
18.24,0.2744992972372392,0.2744,0.31081591751197624,0.3104,0.34713215969103495,0.3469
18.26,0.274496388934434,0.2744,0.31082864056497167,0.3104,0.3471605139370915,0.3469
18.28,0.2744934905797352,0.2744,0.31084240728609114,0.3105,0.3471909455605276,0.3469
18.3,0.27449060212795934,0.2744,0.3108572637106508,0.3105,0.3472235466766794,0.347
18.32,0.27448772353417794,0.2744,0.3108732527770883,0.3105,0.3472584032069028,0.347
18.34,0.2744848547537163,0.2744,0.31089041429626896,0.3105,0.34729559481718847,0.347
18.36,0.27448199574215215,0.2744,0.3109087849271095,0.3105,0.34733519486940984,0.3471
18.38,0.2744791464553131,0.2744,0.3109283981595893,0.3105,0.3473772703873491,0.3471
18.4,0.2744763068492758,0.2744,0.31094928430421076,0.3106,0.3474218820356184,0.3472
18.42,0.27447347688036355,0.2744,0.31097147048824714,0.3106,0.3474690841121579,0.3472
18.44,0.274470656505145,0.2744,0.3109949806582187,0.3106,0.34751892455318983,0.3473
18.46,0.27446784568043253,0.2744,0.3110198355888136,0.3106,0.3475714449510614,0.3473
18.48,0.2744650443632807,0.2744,0.3110460528977982,0.3107,0.3476266805840669,0.3474
18.5,0.274462252510984,0.2744,0.31107364706699325,0.3107,0.347684660458402,0.3474
18.52,0.2744594700810762,0.2744,0.31110262946887823,0.3107,0.3477454073613732,0.3475
18.54,0.27445669703132813,0.2744,0.311133008398936,0.3108,0.3478089379260884,0.3476
18.56,0.27445393331974616,0.2744,0.3111647891129897,0.3108,0.3478752627061328,0.3476
18.58,0.27445117890457077,0.2744,0.3111979738702797,0.3108,0.34794438626172197,0.3477
18.6,0.2744484337442749,0.2744,0.31123256198088534,0.3109,0.348016307254549,0.3478
18.62,0.27444569779756256,0.2744,0.3112685498582951,0.3109,0.34809101855292357,0.3479
18.64,0.27444297102336684,0.2744,0.3113059310763227,0.311,0.3481685073456065,0.348
18.66,0.274440253380849,0.2744,0.311344696430414,0.311,0.3482487552644237,0.348
18.68,0.2744375448293966,0.2744,0.3113848340029248,0.311,0.34833173851482285,0.3481
18.7,0.2744348453286221,0.2744,0.3114263292324889,0.3111,0.34841742801461006,0.3482
18.72,0.2744321548383613,0.2744,0.3114691649863869,0.3111,0.3485057895386888,0.3483
18.74,0.2744294733186719,0.2744,0.311513321637338,0.3112,0.3485967838726441,0.3484
18.76,0.2744268007298321,0.2744,0.31155877714246993,0.3112,0.3486903669706816,0.3485
18.78,0.274424137032339,0.2744,0.31160550712573243,0.3113,0.34878649012045765,0.3486
18.8,0.27442148218690726,0.2744,0.3116534849630162,0.3113,0.34888510011331536,0.3487
18.82,0.27441883615446766,0.2744,0.3117026818695037,0.3114,0.34898613941898826,0.3488
18.84,0.27441619889616586,0.2744,0.3117530669895249,0.3114,0.3490895463653116,0.3489
18.86,0.27441357037336056,0.2744,0.3118046074883247,0.3115,0.34919525532175794,0.349
18.88,0.2744109505476224,0.2744,0.3118572686455433,0.3115,0.3493031968863978,0.3492
18.9,0.27440833938073256,0.2744,0.3119110139505883,0.3116,0.3494132980766452,0.3493
18.92,0.2744057368346813,0.2744,0.3119658051989058,0.3117,0.3495254825217995,0.3494
18.94,0.27440314287166656,0.2744,0.3120216025899542,0.3117,0.34963967065899326,0.3495
18.96,0.2744005574540928,0.2743,0.3120783648255154,0.3118,0.34975577992981544,0.3496
18.98,0.2743979805445696,0.2743,0.31213604920937355,0.3118,0.3498737249796692,0.3497
19.0,0.27439541210590995,0.2743,0.31219461174686636,0.3119,0.34999341785687416,0.3499
19.02,0.27439285210112957,0.2743,0.3122540072453916,0.3119,0.35011476821368054,0.35
19.04,0.2743903004934449,0.2743,0.3123141894145741,0.312,0.3502376835066031,0.3501
19.06,0.2743877572462725,0.2743,0.3123751109666605,0.3121,0.3503620691972104,0.3502
19.08,0.2743852223232269,0.2743,0.3124367237165002,0.3121,0.35048782895208824,0.3504
19.1,0.27438269568812046,0.2743,0.312498978681366,0.3122,0.35061486484247895,0.3505
19.12,0.27438017730496084,0.2743,0.3125618261797437,0.3123,0.35074307754186373,0.3506
19.14,0.2743776671379506,0.2743,0.31262521592988357,0.3123,0.3508723665230636,0.3508
19.16,0.27437516515148574,0.2743,0.31268909714718185,0.3124,0.35100263025300343,0.3509
19.18,0.27437267131015425,0.2743,0.31275341864035466,0.3125,0.35113376638506,0.351
19.2,0.2743701855787349,0.2743,0.31281812890672084,0.3125,0.35126567194962793,0.3512
19.22,0.2743677079221963,0.2743,0.3128831762258284,0.3126,0.35139824354137295,0.3513
19.24,0.2743652383056956,0.2743,0.31294850875179037,0.3126,0.3515313775039031,0.3514
19.26,0.27436277669457687,0.2743,0.3130140746039522,0.3127,0.35166497011110537,0.3516
19.28,0.2743603230543703,0.2743,0.3130798219555986,0.3128,0.35179891774455785,0.3517
19.3,0.27435787735079126,0.2743,0.31314569912122037,0.3128,0.35193311706806474,0.3518
19.32,0.2743554395497382,0.2743,0.31321165464136397,0.3129,0.35206746519735593,0.352
19.34,0.27435300961729203,0.2743,0.31327763736574327,0.313,0.3522018598663102,0.3521
19.36,0.2743505875197157,0.2743,0.3133435965338854,0.313,0.35233619958824713,0.3522
19.38,0.2743481732234515,0.2743,0.31340948185373896,0.3131,0.3524703838131448,0.3524
19.4,0.2743457666951212,0.2743,0.31347524357793255,0.3132,0.3526043130801564,0.3525
19.42,0.274343367901524,0.2743,0.31354083257731935,0.3132,0.35273788916469995,0.3526
19.44,0.27434097680963626,0.2743,0.31360620041237236,0.3133,0.3528710152212494,0.3528
19.46,0.2743385933866097,0.2743,0.3136712994019008,0.3134,0.3530035959207672,0.3529
19.48,0.2743362175997705,0.2743,0.31373608268903597,0.3134,0.35313553758267746,0.353
19.5,0.2743338494166182,0.2743,0.3138005043046226,0.3135,0.35326674830164817,0.3532
19.52,0.2743314888048245,0.2743,0.3138645192279038,0.3136,0.3533971380689625,0.3533
19.54,0.27432913573223283,0.2743,0.31392808344453793,0.3136,0.3535266188885515,0.3534
19.56,0.2743267901668559,0.2743,0.31399115400165634,0.3137,0.353655104887112,0.3535
19.58,0.2743244520768761,0.2743,0.31405368906003506,0.3138,0.35378251241844894,0.3537
19.6,0.2743221214306434,0.2743,0.31411564794382146,0.3138,0.35390876016293016,0.3538
19.62,0.27431979819667485,0.2743,0.31417699118687414,0.3139,0.35403376922016655,0.3539
19.64,0.274317482343653,0.2743,0.3142376805767091,0.3139,0.3541574631969049,0.354
19.66,0.2743151738404257,0.2743,0.31429767919517637,0.314,0.35427976828838165,0.3542
19.68,0.27431287265600424,0.2743,0.3143569514565503,0.3141,0.3544006133545041,0.3543
19.7,0.2743105787595626,0.2743,0.31441546314254987,0.3141,0.3545199299898923,0.3544
19.72,0.27430829212043667,0.2743,0.314473181434605,0.3142,0.35463765258841173,0.3545
19.74,0.27430601270812294,0.2743,0.31453007494323615,0.3142,0.35475371840193304,0.3546
19.76,0.2743037404922774,0.2743,0.3145861137345579,0.3143,0.3548680675933407,0.3548
19.78,0.27430147544271494,0.2743,0.3146412693539813,0.3143,0.354980643283938,0.3549
19.8,0.27429921752940833,0.2743,0.3146955148472579,0.3144,0.35509139159553577,0.355
19.82,0.2742969667224863,0.2743,0.3147488247785564,0.3145,0.35520026168660684,0.3551
19.84,0.2742947229922343,0.2742,0.3148011752459229,0.3145,0.3553072057832065,0.3552
19.86,0.27429248630909187,0.2742,0.31485254389415607,0.3146,0.35541217920472534,0.3553
19.88,0.2742902566436525,0.2742,0.3149029099247107,0.3146,0.35551514038369536,0.3554
19.9,0.27428803396666235,0.2742,0.314952254103488,0.3147,0.35561605088137277,0.3555
19.92,0.2742858182490201,0.2742,0.31500055876562605,0.3147,0.3557148753973188,0.3556
19.94,0.2742836094617745,0.2742,0.3150478078180251,0.3148,0.3558115817744525,0.3557
19.96,0.27428140757612507,0.2742,0.3150939867393876,0.3148,0.3559061409991298,0.3558
19.98,0.27427921256341986,0.2742,0.31513908257777545,0.3148,0.35599852719626124,0.3559
20.0,0.2742770243951554,0.2742,0.3151830839459784,0.3149,0.3560887176200482,0.356
