E_MeV,numu,numubar,nue,nuebar
0.5,0.0,0.0,0.0,0.0
1.5,2.8380986675039897e-7,1.2913348847169725e-5,3.069876706351577e-5,9.460328895305144e-8
2.5,2.365082221923959e-6,9.167363634715561e-5,0.00018301003882658273,1.0879378212728194e-6
3.5,3.0273052445341794e-6,0.0002552019728853352,0.0004971726438064741,1.4663509837525073e-6
4.5,3.4057183930772955e-6,0.0005004984569615984,0.000932576547383538,2.2704789368428642e-6
5.5,5.439689094222947e-6,0.0007936305970436955,0.0015518408350395651,2.7907970297743877e-6
6.5,8.41969273939769e-6,0.0011674761620799681,0.0022671041167805456,2.4123838754404262e-6
7.5,1.1306946201167956e-5,0.0016176105718643363,0.0031106644771809093,3.831433210499806e-6
8.5,1.4805414656389315e-5,0.0021323808896158533,0.003996254111752273,4.493656234742679e-6
9.5,2.01978022617049e-5,0.0027033910896026164,0.005098468724308714,5.534292403016302e-6
10.5,2.4454949882194978e-5,0.0032946753333587073,0.006184842778862824,6.433023647583238e-6
11.5,2.9800035361777843e-5,0.0040111276932411,0.007389390982684295,6.669531860689295e-6
12.5,3.7131790042125796e-5,0.004664240349184283,0.008620524847741265,6.4330236647197336e-6
13.5,4.6923229544417583e-5,0.0054846420241284706,0.009940176888395871,7.804771336158931e-6
14.5,5.766070217545175e-5,0.006281664489128169,0.011264389130983208,7.000643359166578e-6
15.5,6.887119252033591e-5,0.007181965924258265,0.012699590955644933,9.460328854639388e-6
16.5,7.572992974194146e-5,0.008104989182234894,0.014033032655952543,9.554932084017676e-6
17.5,9.048804405859933e-5,0.00906658133163341,0.015558220585489627,9.744138696991912e-6
18.5,9.247471239992771e-5,0.00994561456470017,0.017078867385382123,1.1257791312062042e-5
19.5,0.00010595568135867467,0.01093012836929102,0.018371409547561206,9.980584342719903e-6
20.5,0.00011688236195624882,0.011979718087490527,0.01998344854177003,1.1352394560380025e-5
21.5,0.0001277144369644539,0.012950944090227245,0.021354786713901466,1.1446997888836558e-5
22.5,0.00013206619070274363,0.014100406512732474,0.022700220962784016,1.579874916854284e-5
23.5,0.00014427001574415397,0.015152144996466395,0.024088800963946454,1.3102555376685171e-5
24.5,0.00014904747895316014,0.016251409716465173,0.025407087093194017,1.542033593306846e-5
25.5,0.00014762843250566886,0.017332859743600652,0.02659298619053725,1.4616208027952039e-5
26.5,0.00015496018295506713,0.01827683249336839,0.02779800502063533,1.4758113008407465e-5
27.5,0.00015221668961090491,0.019466300375885415,0.028850025393261574,1.5514939210467558e-5
28.5,0.0001654613124475035,0.02053274390758415,0.029876305904425516,1.6035257282097677e-5
29.5,0.0001691956090939427,0.021682405042519705,0.030943049840549394,1.6271765577597547e-5
30.5,0.9916355570068799,0.02270799937450223,0.03175394807267571,1.8353037730447376e-5
31.5,0.00016988740992165038,0.023849409680232275,0.03242408230036592,1.683938523024496e-5
32.5,0.00016617067874908817,0.024907995213322917,0.03296962920829408,1.740716560288693e-5
33.5,0.00016583956904386762,0.025866111334105144,0.03353588437099289,2.0054976702056456e-5
34.5,0.00016215003918698814,0.02686787532213045,0.03368790894615149,1.9878704982388322e-5
35.5,0.00016110939932265485,0.02785789101289276,0.0337585818542956,1.9154790312172367e-5
36.5,0.00015992685623080489,0.028951811068969165,0.03388939103625295,1.9772087033661914e-5
37.5,0.00015713599811183887,0.02978335259329909,0.03358865323779404,2.04816116012653e-5
38.5,0.00015439256405507958,0.030688341429898434,0.03323349213566768,2.0245103539292584e-5
39.5,0.0001608719696628929,0.03162333820269587,0.032763430839914176,2.0860024923983633e-5
40.5,0.0001481487479276326,0.03246873205928856,0.031869460821306345,2.161685126955624e-5
41.5,0.00014967050995629168,0.033068643675898186,0.030897470659773763,2.4076536647146288e-5
42.5,0.00014729731841739172,0.033928148503673844,0.029743279814675064,2.2184470829464175e-5
43.5,0.00014351318603666893,0.03460151431440412,0.028187336609815598,2.1380342954813466e-5
44.5,0.00013581503173070767,0.03520235654179825,0.0265651046183729,2.1096533230444648e-5
45.5,0.00013840461085599327,0.03591698761446368,0.02458169076964666,2.516447473518159e-5
46.5,0.0001311201555320748,0.036422386206238694,0.022611232163035736,2.4557664090420942e-5
47.5,0.0001325865077075261,0.03686126613757965,0.020066189454118737,2.511717301502534e-5
48.5,0.00011967315595072987,0.037239710248357025,0.017318660504846924,2.114647785178098e-5
49.5,0.00012364649624811968,0.037369876232580944,0.014306587904700765,2.3461615408545316e-5
50.5,0.00011101695618116541,0.03774320242291912,0.011011154061812231,2.4691458171198478e-5
51.5,0.00011872712451983794,0.03799021672378148,0.007372373635521753,2.436034673341715e-5
52.5,0.00011825411001868238,0.03788884800439064,0.0034440733561754634,2.2041776180659497e-5
53.5,0.000102408057707665,0.012211284553266229,0.00021143816883004987,1.4454204428622872e-5
54.5,9.020423461193591e-5,2.5117173098469637e-5,0.0,6.3384203320370024e-6
55.5,8.287248052767766e-5,2.596860278709993e-5,0.0,2.5542888031985733e-6
56.5,7.757469678783765e-5,2.483336326629314e-5,0.0,7.095246695033958e-7
57.5,7.104706919980652e-5,2.525907812612401e-5,0.0,1.0406361772377622e-6
58.5,6.778325616339182e-5,2.0055897165753798e-5,0.0,8.041279598186175e-7
59.5,7.554072615791387e-5,2.246828114617842e-5,0.0,4.7301644660231693e-7
60.5,6.792516069696173e-5,2.1427645037124252e-5,0.0,6.149213779698576e-7
61.5,6.442483924225713e-5,2.2704789412265806e-5,0.0,2.3650822162107108e-7
62.5,5.576863815680438e-5,1.9535579090679223e-5,0.0,3.784131576879379e-7
63.5,6.404642558788786e-5,1.9157165961546206e-5,0.0,2.365082222025697e-7
64.5,5.477530387787415e-5,1.948827755612646e-5,0.0,2.365082213790475e-7
65.5,5.089656869511597e-5,1.8873356115670407e-5,0.0,2.838098667046393e-7
66.5,5.425498587285264e-5,1.4805414682096656e-5,0.0,1.8920657789083766e-7
67.5,4.725434258732505e-5,1.693398865549888e-5,0.0,9.46032887322961e-8
68.5,4.999783833576007e-5,1.5609542627498902e-5,0.0,0.0
69.5,4.37540209311333e-5,1.4758113066782194e-5,0.0,4.730164447652572e-8
70.5,4.285528981659959e-5,1.5562240993819967e-5,0.0,4.257148000134221e-7
71.5,4.342290934864216e-5,1.2440332457226855e-5,0.0,1.892065778847578e-7
72.5,4.29498931046432e-5,1.2251125897704578e-5,0.0,5.676197330440337e-7
73.5,4.167274817376005e-5,1.078477494057787e-5,4.7301644476525716e-8,3.7841315581220573e-7
74.5,4.271338453275455e-5,1.064287001698517e-5,0.0,1.419049331337545e-7
75.5,3.6753377548162755e-5,1.0879378225775512e-5,0.0,0.0
76.5,3.263813459749238e-5,1.0737473314808627e-5,0.0,9.460328892597486e-8
77.5,3.566543989222753e-5,8.89270916114458e-6,0.0,9.460328883279223e-8
78.5,3.2874642986013436e-5,9.034614126376917e-6,0.0,4.730164447652572e-8
79.5,3.055686237631178e-5,9.79144042900245e-6,0.0,0.0
80.5,3.11244821879566e-5,8.277787789797454e-6,0.0,0.0
81.5,2.9610829536521305e-5,6.811436794415274e-6,0.0,0.0
82.5,3.235432479772362e-5,8.419692757334501e-6,0.0,0.0
83.5,2.8333684893438717e-5,7.568263138648666e-6,0.0,0.0
84.5,3.159749845641603e-5,5.581594029724863e-6,0.0,0.0
85.5,3.39152789300583e-5,5.39238747045498e-6,0.0,0.0
86.5,3.476670849972421e-5,5.155879249509816e-6,0.0,0.0
87.5,3.5901948200043975e-5,6.527626925187234e-6,0.0,0.0
88.5,3.6280361266553346e-5,5.392387470740973e-6,0.0,0.0
89.5,3.826703011104795e-5,5.676197345649958e-6,0.0,0.0
90.5,4.909910670303096e-5,5.25048256341066e-6,0.0,0.0
91.5,5.6241655242908975e-5,2.743495374889337e-6,0.0,9.460328895305144e-8
92.5,6.81143678152601e-5,4.351751290211031e-6,0.0,0.0
93.5,7.757469695738778e-5,4.115243062555168e-6,0.0,0.0
94.5,8.476454669681681e-5,5.203180903391284e-6,0.0,0.0
95.5,8.627820012926776e-5,4.162544709858536e-6,0.0,0.0
96.5,9.41775746936996e-5,4.635561172082206e-6,0.0,0.0
97.5,8.916359983413439e-5,4.162544719886756e-6,0.0,0.0
98.5,8.552137393714494e-5,3.5003216908295607e-6,0.0,0.0
99.5,6.158674095664771e-5,4.020639774574889e-6,0.0,0.0
100.5,5.3498159324449584e-5,2.270478932473566e-6,0.0,0.0
101.5,3.2590833241342255e-5,3.3584167618259325e-6,0.0,0.0
102.5,1.5183827866632538e-5,3.453020041085945e-6,0.0,0.0
103.5,1.1636204513422434e-5,3.405718401264217e-6,0.0,0.0
104.5,8.514296041080645e-6,2.3650822250238116e-6,0.0,0.0
105.5,1.1115886476910398e-5,2.317780582357573e-6,0.0,0.0
106.5,1.116318811241943e-5,2.7434953839470425e-6,4.730164447652572e-8,0.0
107.5,7.000643398309016e-6,3.1692101843353706e-6,0.0,0.0
108.5,7.568263132239024e-6,3.0746068939099053e-6,0.0,0.0
109.5,8.561597666197703e-6,2.8380986595742666e-6,0.0,0.0
110.5,7.61556484061201e-6,2.5069871624582322e-6,0.0,0.0
111.5,6.953341747754023e-6,3.0273052447987853e-6,0.0,0.0
112.5,8.183184494951605e-6,1.98666906769018e-6,0.0,0.0
113.5,8.65620095501413e-6,3.21651182806673e-6,0.0,0.0
114.5,8.84540753938748e-6,1.8920657805645858e-6,0.0,0.0
115.5,6.953341744172808e-6,1.986669063572352e-6,0.0,0.0
116.5,7.000643383468536e-6,1.892065780424783e-6,0.0,0.0
117.5,5.960007197915815e-6,1.939367420955871e-6,0.0,0.0
118.5,5.865403920445175e-6,2.175875644388768e-6,0.0,0.0
119.5,5.392387461432232e-6,2.743495373633465e-6,0.0,0.0
120.5,6.527626951870803e-6,1.655557556990317e-6,0.0,0.0
121.5,5.723498981328073e-6,1.1825411107468672e-6,0.0,0.0
122.5,7.047945025670891e-6,1.5609542684946146e-6,0.0,0.0
123.5,5.486990775779706e-6,2.5069871524132744e-6,0.0,0.0
124.5,4.82476773132602e-6,1.9866690651364992e-6,0.0,0.0
125.5,5.676197320975378e-6,1.7028592019386704e-6,0.0,0.0
126.5,3.878734852443075e-6,2.270478935405773e-6,0.0,0.0
127.5,4.872069371476842e-6,1.6555575548159052e-6,0.0,0.0
128.5,6.669531865270863e-6,1.0406361799264945e-6,0.0,0.0
129.5,4.635561157218678e-6,9.46032890181728e-7,0.0,0.0
130.5,3.689528267719162e-6,1.513652626746793e-6,0.0,0.0
131.5,4.209846361961716e-6,1.7501608425334042e-6,0.0,0.0
132.5,3.6895282695452876e-6,1.0406361800259164e-6,0.0,0.0
133.5,3.5949249820529784e-6,1.040636177541645e-6,0.0,0.0
134.5,4.446354575185205e-6,1.3244460457724106e-6,0.0,0.0
135.5,2.885400316707262e-6,1.1352394662443317e-6,0.0,0.0
136.5,4.257148005338978e-6,1.135239465997069e-6,0.0,0.0
137.5,4.351751287730558e-6,1.087937822505914e-6,0.0,0.0
138.5,3.926036495613452e-6,6.622230219204662e-7,0.0,0.0
139.5,3.074606888898564e-6,6.622230218394416e-7,0.0,0.0
140.5,2.9800035995111673e-6,8.041279577152173e-7,0.0,0.0
141.5,3.7368299181534644e-6,1.1825411107398676e-6,0.0,0.0
142.5,2.932701958141254e-6,6.149213781049531e-7,0.0,0.0
143.5,2.554288798690313e-6,1.1352394668056399e-6,0.0,0.0
144.5,2.7907970199773743e-6,1.466350980818453e-6,0.0,0.0
145.5,2.317780577730847e-6,7.56826312430288e-7,0.0,0.0
146.5,2.223177290620303e-6,8.98731244013389e-7,0.0,0.0
147.5,2.1758756418246576e-6,8.987312455132446e-7,0.0,0.0
148.5,2.4123838620802603e-6,8.987312449474395e-7,0.0,0.0
149.5,2.4123838653093536e-6,5.20318089713923e-7,0.0,0.0
150.5,2.128574001429687e-6,9.460328898728771e-7,0.0,0.0
151.5,2.8380986664578823e-6,4.2571479915110857e-7,0.0,0.0
152.5,2.223177290620303e-6,7.095246676100065e-7,0.0,0.0
153.5,1.7028592022883004e-6,8.041279556509999e-7,0.0,0.0
154.5,1.466350978717616e-6,1.087937822189803e-6,0.0,0.0
155.5,2.1758756418246576e-6,6.622230221850749e-7,0.0,0.0
156.5,2.743495375603719e-6,3.311115112332042e-7,0.0,0.0
157.5,3.1219085334569472e-6,7.568263121889708e-7,0.0,0.0
158.5,1.9393674231615157e-6,5.67619733094833e-7,0.0,0.0
159.5,2.5069871539508446e-6,5.676197352434351e-7,0.0,0.0
160.5,1.6082559090710213e-6,9.460328890629666e-8,0.0,0.0
161.5,1.7028592022883004e-6,2.838098666818171e-7,0.0,0.0
162.5,1.8447641348513067e-6,3.784131560944854e-7,0.0,0.0
163.5,1.5609542672765588e-6,8.041279556509999e-7,0.0,0.0
164.5,2.033970710884518e-6,7.568263116244116e-7,0.0,0.0
165.5,1.0879378223273227e-6,5.676197352434351e-7,0.0,0.0
166.5,1.7028591959753584e-6,1.892065779061029e-7,4.730164447652573e-8,0.0
167.5,1.8920657780220697e-6,3.311115112332042e-7,0.0,0.0
168.5,1.277144401390024e-6,3.311115109597399e-7,0.0,0.0
169.5,1.1352394649830514e-6,2.8380986671624777e-7,0.0,0.0
170.5,1.1352394704868703e-6,3.784131558122058e-7,0.0,0.0
171.5,1.655557558427919e-6,4.257148004846676e-7,0.0,0.0
172.5,1.2771444023575908e-6,1.4190493334090855e-7,0.0,0.0
173.5,1.0406361771860797e-6,1.892065779061029e-7,0.0,0.0
174.5,2.1285740003937674e-6,9.460328895305144e-8,9.460328895305146e-8,0.0
175.5,1.8920657794177758e-6,1.892065779061029e-7,0.0,0.0
176.5,1.087937822189803e-6,1.892065779061029e-7,0.0,0.0
177.5,8.987312451409243e-7,4.73016445090864e-7,0.0,0.0
178.5,1.6082559125744549e-6,3.784131560944854e-7,0.0,0.0
179.5,1.1352394655114949e-6,4.730164447652572e-8,0.0,0.0
180.5,8.514296011441502e-7,3.784131558122058e-7,0.0,0.0
181.5,8.987312451409243e-7,1.892065779061029e-7,0.0,0.0
182.5,6.622230224664084e-7,4.7301644485444396e-7,0.0,0.0
183.5,1.5136526232488231e-6,9.460328895305144e-8,0.0,0.0
184.5,5.676197334324955e-7,1.4190493335812388e-7,0.0,0.0
185.5,6.622230224664084e-7,1.892065779061029e-7,0.0,0.0
186.5,1.087937822189803e-6,0.0,0.0,0.0
187.5,1.087937822189803e-6,9.460328895305144e-8,0.0,0.0
188.5,1.419049335220013e-6,1.892065779061029e-7,0.0,0.0
189.5,1.419049335220013e-6,2.8380986671624777e-7,0.0,0.0
190.5,5.676197334028199e-7,4.730164447652572e-8,0.0,0.0
191.5,6.149213786822318e-7,0.0,0.0,0.0
192.5,6.622230224664084e-7,9.460328895305144e-8,0.0,0.0
193.5,6.622230224664084e-7,3.784131558122058e-7,0.0,0.0
194.5,4.7301644485444396e-7,2.8380986671624777e-7,0.0,0.0
195.5,8.041279556509999e-7,2.3650822242722198e-7,0.0,0.0
196.5,5.203180885930398e-7,2.8380986671624777e-7,0.0,0.0
197.5,6.622230224664084e-7,4.7301644485444396e-7,0.0,0.0
198.5,6.149213786822318e-7,9.460328895305144e-8,0.0,0.0
199.5,8.987312451409243e-7,1.4190493335812388e-7,0.0,0.0
200.5,6.622230221850749e-7,1.4190493334090855e-7,0.0,0.0
201.5,2.3650822242722198e-7,4.730164447652572e-8,0.0,0.0
202.5,3.784131558122058e-7,4.730164447652572e-8,0.0,0.0
203.5,2.8380986671624777e-7,0.0,0.0,0.0
204.5,4.257148005720751e-7,4.257148005720751e-7,0.0,0.0
205.5,4.7301644485444396e-7,4.730164447652572e-8,0.0,0.0
206.5,8.987312455132446e-7,9.460328895305144e-8,0.0,0.0
207.5,1.892065779061029e-7,9.460328895305144e-8,0.0,0.0
208.5,3.784131558122058e-7,4.730164447652572e-8,0.0,0.0
209.5,6.149213786822318e-7,0.0,0.0,0.0
210.5,6.622230224664084e-7,0.0,0.0,0.0
211.5,9.460328895305144e-8,9.460328895305144e-8,0.0,0.0
212.5,2.3650822242722198e-7,4.730164447652572e-8,0.0,0.0
213.5,1.892065779061029e-7,0.0,0.0,0.0
214.5,3.784131558122058e-7,9.460328890629666e-8,0.0,0.0
215.5,4.257148005720751e-7,0.0,0.0,0.0
216.5,4.257148005720751e-7,4.730164447652572e-8,0.0,0.0
217.5,1.4190493335812388e-7,0.0,0.0,0.0
218.5,4.730164447652572e-8,4.730164447652572e-8,0.0,0.0
219.5,4.730164447652572e-8,4.730164447652572e-8,0.0,0.0
220.5,1.4190493335812388e-7,9.460328895305144e-8,0.0,0.0
221.5,1.892065779061029e-7,4.730164447652572e-8,0.0,0.0
222.5,1.4190493335812388e-7,0.0,0.0,0.0
223.5,4.730164447652572e-8,4.730164447652572e-8,0.0,0.0
224.5,5.676197334324955e-7,0.0,0.0,0.0
225.5,9.460328895305144e-8,0.0,0.0,0.0
226.5,1.4190493335812388e-7,0.0,0.0,0.0
227.5,1.4190493335812388e-7,9.460328895305144e-8,0.0,0.0
228.5,2.8380986671624777e-7,0.0,0.0,0.0
229.5,4.7301644485444396e-7,0.0,0.0,0.0
230.5,1.4190493335812388e-7,0.0,0.0,0.0
231.5,4.730164447652572e-8,4.730164447652572e-8,0.0,0.0
232.5,9.460328895305144e-8,4.730164447652572e-8,0.0,0.0
233.5,4.7301644485444396e-7,0.0,0.0,0.0
234.5,1.4190493335812388e-7,0.0,0.0,0.0
235.5,0.0,2.3650822242722198e-7,0.0,0.0
236.5,3.311115120454357e-6,4.730164447652572e-8,0.0,0.0
237.5,1.4190493335812388e-7,0.0,0.0,0.0
238.5,9.460328895305144e-8,9.460328895305144e-8,0.0,0.0
239.5,4.730164447652572e-8,0.0,0.0,0.0
240.5,1.4190493335812388e-7,0.0,0.0,0.0
241.5,9.460328895305144e-8,0.0,0.0,0.0
242.5,1.892065779061029e-7,0.0,0.0,4.730164447652572e-8
243.5,0.0,9.460328895305144e-8,0.0,0.0
244.5,4.730164447652572e-8,0.0,0.0,0.0
245.5,1.4190493335812388e-7,9.460328895305144e-8,0.0,0.0
246.5,4.730164447652572e-8,0.0,0.0,0.0
247.5,4.730164447652572e-8,4.730164447652572e-8,0.0,0.0
248.5,4.730164447652572e-8,9.460328895305144e-8,0.0,0.0
249.5,4.730164447652572e-8,0.0,0.0,0.0
250.5,0.0,4.730164447652572e-8,0.0,0.0
251.5,0.0,1.4190493335812388e-7,0.0,0.0
252.5,1.4190493335812388e-7,0.0,0.0,0.0
253.5,1.4190493335812388e-7,0.0,0.0,0.0
254.5,9.460328895305144e-8,0.0,0.0,0.0
255.5,1.4190493335812388e-7,4.730164447652572e-8,0.0,0.0
256.5,4.730164447652572e-8,0.0,0.0,0.0
257.5,0.0,0.0,0.0,0.0
258.5,4.730164447652572e-8,4.730164447652572e-8,0.0,0.0
259.5,9.460328895305144e-8,1.4190493335812388e-7,0.0,0.0
260.5,9.460328895305144e-8,0.0,0.0,0.0
261.5,1.892065779061029e-7,0.0,0.0,0.0
262.5,4.730164447652572e-8,0.0,0.0,0.0
263.5,4.730164447652572e-8,0.0,0.0,0.0
264.5,0.0,0.0,0.0,0.0
265.5,9.460328895305144e-8,0.0,0.0,0.0
266.5,0.0,0.0,0.0,0.0
267.5,0.0,0.0,0.0,0.0
268.5,0.0,0.0,0.0,0.0
269.5,0.0,0.0,0.0,0.0
270.5,0.0,0.0,0.0,0.0
271.5,9.460328895305144e-8,0.0,0.0,0.0
272.5,4.730164447652572e-8,0.0,0.0,0.0
273.5,0.0,0.0,0.0,0.0
274.5,0.0,0.0,0.0,0.0
275.5,0.0,0.0,0.0,0.0
276.5,0.0,0.0,0.0,0.0
277.5,0.0,0.0,0.0,0.0
278.5,0.0,0.0,0.0,0.0
279.5,0.0,4.730164447652572e-8,0.0,0.0
280.5,0.0,0.0,0.0,0.0
281.5,0.0,0.0,0.0,0.0
282.5,0.0,0.0,0.0,0.0
283.5,4.730164447652572e-8,0.0,0.0,0.0
284.5,0.0,0.0,0.0,0.0
285.5,0.0,0.0,0.0,0.0
286.5,0.0,0.0,0.0,0.0
287.5,0.0,0.0,0.0,0.0
288.5,0.0,0.0,0.0,0.0
289.5,0.0,0.0,0.0,0.0
290.5,0.0,0.0,0.0,0.0
291.5,0.0,0.0,0.0,0.0
292.5,0.0,0.0,0.0,0.0
293.5,4.730164447652572e-8,0.0,0.0,0.0
294.5,0.0,0.0,0.0,0.0
295.5,0.0,0.0,0.0,0.0
296.5,0.0,0.0,0.0,0.0
297.5,0.0,0.0,0.0,0.0
298.5,0.0,0.0,0.0,0.0
299.5,0.0,0.0,0.0,0.0
300.5,0.0,0.0,0.0,0.0
301.5,0.0,0.0,0.0,0.0
302.5,0.0,0.0,0.0,0.0
303.5,0.0,0.0,0.0,0.0
304.5,0.0,0.0,0.0,0.0
305.5,0.0,0.0,0.0,0.0
306.5,0.0,0.0,0.0,0.0
307.5,0.0,0.0,0.0,0.0
308.5,0.0,0.0,0.0,0.0
309.5,0.0,0.0,0.0,0.0
310.5,0.0,0.0,0.0,0.0
311.5,0.0,0.0,0.0,0.0
312.5,0.0,0.0,0.0,0.0
313.5,0.0,0.0,0.0,0.0
314.5,0.0,0.0,0.0,0.0
315.5,0.0,0.0,0.0,0.0
316.5,0.0,0.0,0.0,0.0
317.5,0.0,0.0,0.0,0.0
318.5,0.0,0.0,0.0,0.0
319.5,0.0,0.0,0.0,0.0
320.5,0.0,0.0,0.0,0.0
321.5,0.0,0.0,0.0,0.0
322.5,0.0,0.0,0.0,0.0
323.5,0.0,0.0,0.0,0.0
324.5,0.0,0.0,0.0,0.0
325.5,0.0,0.0,0.0,0.0
326.5,0.0,0.0,0.0,0.0
327.5,0.0,0.0,0.0,0.0
328.5,0.0,0.0,0.0,0.0
329.5,0.0,0.0,0.0,0.0
330.5,0.0,0.0,0.0,0.0
331.5,0.0,0.0,0.0,0.0
332.5,0.0,0.0,0.0,0.0
333.5,0.0,0.0,0.0,0.0
334.5,0.0,0.0,0.0,0.0
335.5,0.0,0.0,0.0,0.0
336.5,0.0,0.0,0.0,0.0
337.5,0.0,0.0,0.0,0.0
338.5,0.0,0.0,0.0,0.0
339.5,0.0,0.0,0.0,0.0
340.5,0.0,0.0,0.0,0.0
341.5,0.0,0.0,0.0,0.0
342.5,0.0,0.0,0.0,0.0
343.5,0.0,0.0,0.0,0.0
344.5,0.0,0.0,0.0,0.0
345.5,0.0,0.0,0.0,0.0
346.5,0.0,0.0,0.0,0.0
347.5,0.0,0.0,0.0,0.0
348.5,0.0,0.0,0.0,0.0
349.5,0.0,0.0,0.0,0.0
350.5,0.0,0.0,0.0,0.0
351.5,0.0,0.0,0.0,0.0
352.5,0.0,0.0,0.0,0.0
353.5,0.0,0.0,0.0,0.0
354.5,0.0,0.0,0.0,0.0
355.5,0.0,0.0,0.0,0.0
356.5,0.0,0.0,0.0,0.0
357.5,0.0,0.0,0.0,0.0
358.5,0.0,0.0,0.0,0.0
359.5,0.0,0.0,0.0,0.0
360.5,0.0,0.0,0.0,0.0
361.5,0.0,0.0,0.0,0.0
362.5,0.0,0.0,0.0,0.0
363.5,0.0,0.0,0.0,0.0
364.5,0.0,0.0,0.0,0.0
365.5,0.0,0.0,0.0,0.0
366.5,0.0,0.0,0.0,0.0
367.5,0.0,0.0,0.0,0.0
368.5,0.0,0.0,0.0,0.0
369.5,0.0,0.0,0.0,0.0
370.5,0.0,0.0,0.0,0.0
371.5,0.0,0.0,0.0,0.0
372.5,0.0,0.0,0.0,0.0
373.5,0.0,0.0,0.0,0.0
374.5,0.0,0.0,0.0,0.0
375.5,0.0,0.0,0.0,0.0
376.5,0.0,0.0,0.0,0.0
377.5,0.0,0.0,0.0,0.0
378.5,0.0,0.0,0.0,0.0
379.5,0.0,0.0,0.0,0.0
380.5,0.0,0.0,0.0,0.0
381.5,0.0,0.0,0.0,0.0
382.5,0.0,0.0,0.0,0.0
383.5,0.0,0.0,0.0,0.0
384.5,0.0,0.0,0.0,0.0
385.5,0.0,0.0,0.0,0.0
386.5,0.0,0.0,0.0,0.0
387.5,0.0,0.0,0.0,0.0
388.5,0.0,0.0,0.0,0.0
389.5,0.0,0.0,0.0,0.0
390.5,0.0,0.0,0.0,0.0
391.5,0.0,0.0,0.0,0.0
392.5,0.0,0.0,0.0,0.0
393.5,0.0,0.0,0.0,0.0
394.5,0.0,0.0,0.0,0.0
395.5,0.0,0.0,0.0,0.0
396.5,0.0,0.0,0.0,0.0
397.5,0.0,0.0,0.0,0.0
398.5,0.0,0.0,0.0,0.0
399.5,0.0,0.0,0.0,0.0
400.5,0.0,0.0,0.0,0.0
401.5,0.0,0.0,0.0,0.0
402.5,0.0,0.0,0.0,0.0
403.5,0.0,0.0,0.0,0.0
404.5,0.0,0.0,0.0,0.0
405.5,0.0,0.0,0.0,0.0
406.5,0.0,0.0,0.0,0.0
407.5,0.0,0.0,0.0,0.0
408.5,0.0,0.0,0.0,0.0
409.5,0.0,0.0,0.0,0.0
410.5,0.0,0.0,0.0,0.0
411.5,0.0,0.0,0.0,0.0
412.5,0.0,0.0,0.0,0.0
413.5,0.0,0.0,0.0,0.0
414.5,0.0,0.0,0.0,0.0
415.5,0.0,0.0,0.0,0.0
416.5,0.0,0.0,0.0,0.0
417.5,0.0,0.0,0.0,0.0
418.5,0.0,0.0,0.0,0.0
419.5,0.0,0.0,0.0,0.0
420.5,0.0,0.0,0.0,0.0
421.5,0.0,0.0,0.0,0.0
422.5,0.0,0.0,0.0,0.0
423.5,0.0,0.0,0.0,0.0
424.5,0.0,0.0,0.0,0.0
425.5,0.0,0.0,0.0,0.0
426.5,0.0,0.0,0.0,0.0
427.5,0.0,0.0,0.0,0.0
428.5,0.0,0.0,0.0,0.0
429.5,0.0,0.0,0.0,0.0
430.5,0.0,0.0,0.0,0.0
431.5,0.0,0.0,0.0,0.0
432.5,0.0,0.0,0.0,0.0
433.5,0.0,0.0,0.0,0.0
434.5,0.0,0.0,0.0,0.0
435.5,0.0,0.0,0.0,0.0
436.5,0.0,0.0,0.0,0.0
437.5,0.0,0.0,0.0,0.0
438.5,0.0,0.0,0.0,0.0
439.5,0.0,0.0,0.0,0.0
440.5,0.0,0.0,0.0,0.0
441.5,0.0,0.0,0.0,0.0
442.5,0.0,0.0,0.0,0.0
443.5,0.0,0.0,0.0,0.0
444.5,0.0,0.0,0.0,0.0
445.5,0.0,0.0,0.0,0.0
446.5,0.0,0.0,0.0,0.0
447.5,0.0,0.0,0.0,0.0
448.5,0.0,0.0,0.0,0.0
449.5,0.0,0.0,0.0,0.0
450.5,0.0,0.0,0.0,0.0
451.5,0.0,0.0,0.0,0.0
452.5,0.0,0.0,0.0,0.0
453.5,0.0,0.0,0.0,0.0
454.5,0.0,0.0,0.0,0.0
455.5,0.0,0.0,0.0,0.0
456.5,0.0,0.0,0.0,0.0
457.5,0.0,0.0,0.0,0.0
458.5,0.0,0.0,0.0,0.0
459.5,0.0,0.0,0.0,0.0
460.5,0.0,0.0,0.0,0.0
461.5,0.0,0.0,0.0,0.0
462.5,0.0,0.0,0.0,0.0
463.5,0.0,0.0,0.0,0.0
464.5,0.0,0.0,0.0,0.0
465.5,0.0,0.0,0.0,0.0
466.5,0.0,0.0,0.0,0.0
467.5,0.0,0.0,0.0,0.0
468.5,0.0,0.0,0.0,0.0
469.5,0.0,0.0,0.0,0.0
470.5,0.0,0.0,0.0,0.0
471.5,0.0,0.0,0.0,0.0
472.5,0.0,0.0,0.0,0.0
473.5,0.0,0.0,0.0,0.0
474.5,0.0,0.0,0.0,0.0
475.5,0.0,0.0,0.0,0.0
476.5,0.0,0.0,0.0,0.0
477.5,0.0,0.0,0.0,0.0
478.5,0.0,0.0,0.0,0.0
479.5,0.0,0.0,0.0,0.0
480.5,0.0,0.0,0.0,0.0
481.5,0.0,0.0,0.0,0.0
482.5,0.0,0.0,0.0,0.0
483.5,0.0,0.0,0.0,0.0
484.5,0.0,0.0,0.0,0.0
485.5,0.0,0.0,0.0,0.0
486.5,0.0,0.0,0.0,0.0
487.5,0.0,0.0,0.0,0.0
488.5,0.0,0.0,0.0,0.0
489.5,0.0,0.0,0.0,0.0
490.5,0.0,0.0,0.0,0.0
491.5,0.0,0.0,0.0,0.0
492.5,0.0,0.0,0.0,0.0
493.5,0.0,0.0,0.0,0.0
494.5,0.0,0.0,0.0,0.0
495.5,0.0,0.0,0.0,0.0
496.5,0.0,0.0,0.0,0.0
497.5,0.0,0.0,0.0,0.0
498.5,0.0,0.0,0.0,0.0
499.5,0.0,0.0,0.0,0.0
500.5,0.0,0.0,0.0,0.0
501.5,0.0,0.0,0.0,0.0
502.5,0.0,0.0,0.0,0.0
503.5,0.0,0.0,0.0,0.0
504.5,0.0,0.0,0.0,0.0
505.5,0.0,0.0,0.0,0.0
506.5,0.0,0.0,0.0,0.0
507.5,0.0,0.0,0.0,0.0
508.5,0.0,0.0,0.0,0.0
509.5,0.0,0.0,0.0,0.0
510.5,0.0,0.0,0.0,0.0
511.5,0.0,0.0,0.0,0.0
512.5,0.0,0.0,0.0,0.0
513.5,0.0,0.0,0.0,0.0
514.5,0.0,0.0,0.0,0.0
515.5,0.0,0.0,0.0,0.0
516.5,0.0,0.0,0.0,0.0
517.5,0.0,0.0,0.0,0.0
518.5,0.0,0.0,0.0,0.0
519.5,0.0,0.0,0.0,0.0
520.5,0.0,0.0,0.0,0.0
521.5,0.0,0.0,0.0,0.0
522.5,0.0,0.0,0.0,0.0
523.5,0.0,0.0,0.0,0.0
524.5,0.0,0.0,0.0,0.0
525.5,0.0,0.0,0.0,0.0
526.5,0.0,0.0,0.0,0.0
527.5,0.0,0.0,0.0,0.0
528.5,0.0,0.0,0.0,0.0
529.5,0.0,0.0,0.0,0.0
530.5,0.0,0.0,0.0,0.0
531.5,0.0,0.0,0.0,0.0
532.5,0.0,0.0,0.0,0.0
533.5,0.0,0.0,0.0,0.0
534.5,0.0,0.0,0.0,0.0
535.5,0.0,0.0,0.0,0.0
536.5,0.0,0.0,0.0,0.0
537.5,0.0,0.0,0.0,0.0
538.5,0.0,0.0,0.0,0.0
539.5,0.0,0.0,0.0,0.0
540.5,0.0,0.0,0.0,0.0
541.5,0.0,0.0,0.0,0.0
542.5,0.0,0.0,0.0,0.0
543.5,0.0,0.0,0.0,0.0
544.5,0.0,0.0,0.0,0.0
545.5,0.0,0.0,0.0,0.0
546.5,0.0,0.0,0.0,0.0
547.5,0.0,0.0,0.0,0.0
548.5,0.0,0.0,0.0,0.0
549.5,0.0,0.0,0.0,0.0
550.5,0.0,0.0,0.0,0.0
551.5,0.0,0.0,0.0,0.0
552.5,0.0,0.0,0.0,0.0
553.5,0.0,0.0,0.0,0.0
554.5,0.0,0.0,0.0,0.0
555.5,0.0,0.0,0.0,0.0
556.5,0.0,0.0,0.0,0.0
557.5,0.0,0.0,0.0,0.0
558.5,0.0,0.0,0.0,0.0
559.5,0.0,0.0,0.0,0.0
560.5,0.0,0.0,0.0,0.0
561.5,0.0,0.0,0.0,0.0
562.5,0.0,0.0,0.0,0.0
563.5,0.0,0.0,0.0,0.0
564.5,0.0,0.0,0.0,0.0
565.5,0.0,0.0,0.0,0.0
566.5,0.0,0.0,0.0,0.0
567.5,0.0,0.0,0.0,0.0
568.5,0.0,0.0,0.0,0.0
569.5,0.0,0.0,0.0,0.0
570.5,0.0,0.0,0.0,0.0
571.5,0.0,0.0,0.0,0.0
572.5,0.0,0.0,0.0,0.0
573.5,0.0,0.0,0.0,0.0
574.5,0.0,0.0,0.0,0.0
575.5,0.0,0.0,0.0,0.0
576.5,0.0,0.0,0.0,0.0
577.5,0.0,0.0,0.0,0.0
578.5,0.0,0.0,0.0,0.0
579.5,0.0,0.0,0.0,0.0
580.5,0.0,0.0,0.0,0.0
581.5,0.0,0.0,0.0,0.0
582.5,0.0,0.0,0.0,0.0
583.5,0.0,0.0,0.0,0.0
584.5,0.0,0.0,0.0,0.0
585.5,0.0,0.0,0.0,0.0
586.5,0.0,0.0,0.0,0.0
587.5,0.0,0.0,0.0,0.0
588.5,0.0,0.0,0.0,0.0
589.5,0.0,0.0,0.0,0.0
590.5,0.0,0.0,0.0,0.0
591.5,0.0,0.0,0.0,0.0
592.5,0.0,0.0,0.0,0.0
593.5,0.0,0.0,0.0,0.0
594.5,0.0,0.0,0.0,0.0
595.5,0.0,0.0,0.0,0.0
596.5,0.0,0.0,0.0,0.0
597.5,0.0,0.0,0.0,0.0
598.5,0.0,0.0,0.0,0.0
599.5,0.0,0.0,0.0,0.0
