cevns_counts,minus2_dlnL
2.0831,14.7324
5.0789,14.1636
8.0747,13.6067
11.0706,13.0615
14.0665,12.5282
17.0623,12.0065
20.0581,11.4966
23.0540,10.9983
26.0498,10.5117
29.0456,10.0366
32.0415,9.5730
35.0370,9.1209
38.0332,8.6802
41.0288,8.2510
44.0250,7.8332
47.0206,7.4266
50.0168,7.0314
53.0123,6.6474
56.0079,6.2746
59.0041,5.9129
61.9997,5.5625
64.9959,5.2231
67.9914,4.8947
70.9876,4.5774
73.9832,4.2711
76.9787,3.9757
79.9750,3.6912
82.9705,3.4176
85.9667,3.1548
88.9623,2.9028
91.9585,2.6616
94.9541,2.4311
97.9496,2.2113
100.9458,2.0021
103.9413,1.8036
106.9376,1.6156
109.9331,1.4382
112.9293,1.2712
115.9249,1.1148
118.9211,0.9688
121.9166,0.8332
124.9122,0.7079
127.9084,0.5930
130.9040,0.4884
133.9002,0.3941
136.8957,0.3099
139.8920,0.2360
142.8875,0.1723
145.8831,0.1187
148.8793,0.0751
148.8793,0.0751
151.8748,0.0417
154.8710,0.0182
157.8666,0.0048
160.8628,0.0000
163.8584,0.0078
166.8539,0.0242
169.8501,0.0504
172.8457,0.0865
175.8419,0.1323
178.8374,0.1880
181.8337,0.2533
184.8292,0.3284
187.8248,0.4132
190.8210,0.5076
193.8165,0.6117
196.8127,0.7253
199.8083,0.8484
202.8045,0.9811
205.8001,1.1233
208.7963,1.2750
211.7918,1.4360
214.7874,1.6065
217.7836,1.7864
220.7791,1.9756
223.7754,2.1741
226.7709,2.3818
229.7671,2.5988
232.7627,2.8251
235.7582,3.0605
238.7544,3.3051
241.7500,3.5589
244.7462,3.8218
247.7418,4.0937
250.7380,4.3747
253.7335,4.6647
256.7291,4.9637
259.7253,5.2717
262.7208,5.5886
265.7171,5.9144
268.7126,6.2491
271.7088,6.5927
274.7044,6.9451
277.6999,7.3062
280.6962,7.6762
283.6917,8.0549
286.6879,8.4423
289.6835,8.8384
292.6797,9.2432
295.6752,9.6567
