coszen,prem,newtrinos
-1.0,8.591845455493697,8.591768833780314
-0.99,8.405027220765007,8.400834927871436
-0.98,8.175262379017953,8.082005300241603
-0.97,8.022956946866136,7.986285876622249
-0.96,7.868887652289789,7.884627166451695
-0.95,7.712165926594431,7.776308976271058
-0.94,7.552098768747188,7.660455699318777
-0.93,7.387962194503487,7.535983287670568
-0.92,7.219217733159216,7.401519933115185
-0.91,7.045026870082112,7.2552823618462305
-0.9,6.863421962517553,7.094872707103577
-0.89,6.672595919156432,6.916922471147162
-0.88,6.469180567606777,6.716412598768623
-0.87,6.2490108087550125,6.485211725439948
-0.86,6.00138836476505,6.20832567679653
-0.85,5.70359890197737,5.850858029014963
-0.84,5.250736384445356,5.258672799786557
-0.83,4.886276409071131,4.774351029915241
-0.82,4.856227193107125,4.7683812755719135
-0.81,4.826883211202297,4.762157377027262
-0.8,4.798164005875844,4.755663976474312
-0.79,4.769931803693864,4.748884471033689
-0.78,4.742252086548372,4.741800881860314
-0.77,4.7149349921404955,4.734393705829288
-0.76,4.687892859565604,4.7266417469236215
-0.75,4.661372862885729,4.718521923867376
-0.74,4.635080914736061,4.710009049829177
-0.73,4.609128446907876,4.701075579122897
-0.72,4.583210762873997,4.691691314702344
-0.71,4.557680828558711,4.681823068813244
-0.7,4.532413363702045,4.671434267333111
-0.69,4.507286151237753,4.660484485964996
-0.68,4.482163674589969,4.648928903371651
-0.67,4.457248031133006,4.63671765228479
-0.66,4.432405351647002,4.6237950442336855
-0.65,4.40755446823736,4.6100986362796395
-0.64,4.382761049924498,4.5955580982432425
-0.63,4.357959168462927,4.580093825215025
-0.62,4.332933496440007,4.563615220894195
-0.61,4.307958702517391,4.5460185497900385
-0.6,4.282715540218738,4.527184216248205
-0.59,4.257430751822259,4.506973268655796
-0.58,4.231849806509571,4.48522283640936
-0.57,4.205866182437565,4.461740065315513
-0.56,4.179385688684338,4.436293888485994
-0.55,4.152566685297727,4.408603588716919
-0.54,4.125047124291554,4.3783224475044
-0.53,4.096907009000161,4.345013575556509
-0.52,4.067604703217006,4.308112716223831
-0.51,4.037223158606221,4.26686808822419
-0.5,4.005389329345936,4.220236806587066
-0.49,3.971615113212743,4.166691349679448
-0.48,3.9352198080128233,4.103815173789903
-0.47,3.8948593915221363,4.027306972512372
-0.46,3.848134599699951,3.9277588662401577
-0.45,3.7857996130395777,3.7712500227879495
-0.44,3.714024085717996,3.5788893194029834
-0.43,3.693400765452285,3.5788893194029834
-0.42,3.6685550897118753,3.5788893194029834
-0.41,3.6412782930486065,3.5788893194029834
-0.4,3.614153611150938,3.578889319402984
-0.39,3.58706481387814,3.5788893194029834
-0.38,3.5595236683672353,3.5788893194029834
-0.37,3.5309070969391496,3.5788893194029834
-0.36,3.499813277827797,3.578889319402983
-0.35,3.458990530334067,3.5788893194029834
-0.34,3.4283686437476457,3.5788893194029834
-0.33,3.4175507301882515,3.5788893194029834
-0.32,3.4068486217218226,3.5788893194029834
-0.31,3.396027771119523,3.5788893194029834
-0.3,3.3849980968008064,3.5788893194029834
-0.29,3.3739390521545007,3.5788893194029834
-0.28,3.3620571796947765,3.5788893194029834
-0.27,3.3488520410877056,3.5788893194029834
-0.26,3.328487262496278,3.5788893194029834
-0.25,3.320859326600788,3.5788893194029834
-0.24,3.3179015224687145,3.578889319402984
-0.23,3.314318718969943,3.5788893194029834
-0.22,3.3100229999323334,3.578889319402983
-0.21,3.304810202622015,3.578889319402983
-0.2,3.2985241655361124,3.578889319402984
-0.19,3.2911085961212216,3.5788893194029834
-0.18,3.281986854678806,3.578889319402983
-0.17,3.2709942854030767,3.5788893194029834
-0.16,3.257353589838321,3.5788893194029834
-0.15,3.2406250981644558,3.5788893194029834
-0.14,3.2194121152608357,3.5788893194029834
-0.13,3.192273670251285,3.5788893194029834
-0.12,3.1564462771510597,3.5788893194029834
-0.11,3.1075437431081556,3.578889319402983
-0.1,3.0365802734689735,3.578889319402984
-0.09,2.919516486859867,3.578889319402984
-0.08,2.7010940000000008,3.5788893194029834
-0.07,2.6215799999999994,3.5788893194029834
-0.06,2.468780999999998,3.5788893194029834
-0.05,2.4146659999999978,3.578889319402983
-0.04,2.319391999999998,3.5788893194029834
-0.03,2.1270549999999986,3.5788893194029834
-0.02,1.5827959999999992,3.578889319402984
