contour,sin2_theta23,dm2_32
deepcore_3yr_2018,0.4399640848483003,0.0021172767912724104
deepcore_3yr_2018,0.4333063123423526,0.002120762847049303
deepcore_3yr_2018,0.4299642981424487,0.0021229105064118525
deepcore_3yr_2018,0.41996449744091807,0.0021324415959210036
deepcore_3yr_2018,0.4099647107350665,0.002147054409315862
deepcore_3yr_2018,0.40527032206184793,0.0021567530415447585
deepcore_3yr_2018,0.3999649100335359,0.0021708327092022535
deepcore_3yr_2018,0.3935350991476296,0.0021927432360402143
deepcore_3yr_2018,0.3899651233276843,0.0022077712587151395
deepcore_3yr_2018,0.3858463629372922,0.0022287333089516933
deepcore_3yr_2018,0.38153148109665214,0.002264723503447149
deepcore_3yr_2018,0.3799653226261537,0.002296771459085533
deepcore_3yr_2018,0.3798012792722426,0.0023007136979426046
deepcore_3yr_2018,0.37940983412545143,0.0023367037708540836
deepcore_3yr_2018,0.3799653226261537,0.002357919262889847
deepcore_3yr_2018,0.3804551993835631,0.002372694026141528
deepcore_3yr_2018,0.3840154482065825,0.0024086841598449952
deepcore_3yr_2018,0.38965665856186227,0.002444674354340451
deepcore_3yr_2018,0.3899651233276843,0.0024462040023499752
deepcore_3yr_2018,0.3986964536516854,0.0024806644880439183
deepcore_3yr_2018,0.3999649100335359,0.002484661804442387
deepcore_3yr_2018,0.4099647107350665,0.0025096168548462403
deepcore_3yr_2018,0.41365755462121645,0.002516654682539374
deepcore_3yr_2018,0.41996449744091807,0.0025264644425228777
deepcore_3yr_2018,0.4299642981424487,0.0025376876162342818
deepcore_3yr_2018,0.4399640848483003,0.0025461271855935635
deepcore_3yr_2018,0.4490962654154007,0.0025526448162428413
deepcore_3yr_2018,0.4499638855498309,0.002553209026686224
deepcore_3yr_2018,0.4599636862513615,0.0025577759640150336
deepcore_3yr_2018,0.4699634589615341,0.002560382846057178
deepcore_3yr_2018,0.4799632596630647,0.0025628541011734314
deepcore_3yr_2018,0.48996306036459525,0.0025658194735705617
deepcore_3yr_2018,0.49996286106612586,0.002568287628295412
deepcore_3yr_2018,0.5099626337762985,0.0025716516137598046
deepcore_3yr_2018,0.5199624344778291,0.0025754998682029698
deepcore_3yr_2018,0.5299622351793597,0.002578495150258342
deepcore_3yr_2018,0.5399620358808903,0.002580862876618526
deepcore_3yr_2018,0.5499618085910628,0.0025817879483044388
deepcore_3yr_2018,0.5599616092925934,0.0025817636923011083
deepcore_3yr_2018,0.569961409994124,0.0025818028423415713
deepcore_3yr_2018,0.5799612106956546,0.002580915461688403
deepcore_3yr_2018,0.5899609834058273,0.002577265814671004
deepcore_3yr_2018,0.5999607841073579,0.0025676591607203996
deepcore_3yr_2018,0.6095385311120587,0.0025526448162428413
deepcore_3yr_2018,0.6099605848088885,0.0025519425471940364
deepcore_3yr_2018,0.6199603855104191,0.0025296500035016187
deepcore_3yr_2018,0.6241245758749427,0.002516654682539374
deepcore_3yr_2018,0.6299601582205916,0.002491871126334506
deepcore_3yr_2018,0.6318614712168225,0.0024806644880439183
deepcore_3yr_2018,0.6362422867013731,0.002444674354340451
deepcore_3yr_2018,0.639127272002551,0.0024086841598449952
deepcore_3yr_2018,0.6399599589221223,0.002386974246568414
deepcore_3yr_2018,0.6406548723773218,0.002372694026141528
deepcore_3yr_2018,0.6401978294829168,0.0023367037708540836
deepcore_3yr_2018,0.6399599589221223,0.0023339036918731326
deepcore_3yr_2018,0.6378423007194451,0.0023007136979426046
deepcore_3yr_2018,0.633965805533063,0.002264723503447149
deepcore_3yr_2018,0.6299601582205916,0.0022415700236164716
deepcore_3yr_2018,0.6271935203812916,0.0022287333089516933
deepcore_3yr_2018,0.6199603855104191,0.0022052074174007097
deepcore_3yr_2018,0.6156341531740857,0.0021927432360402143
deepcore_3yr_2018,0.6099605848088885,0.0021786241751743027
deepcore_3yr_2018,0.5999607841073579,0.002156886662335035
deepcore_3yr_2018,0.5998792452813289,0.0021567530415447585
deepcore_3yr_2018,0.5899609834058273,0.0021433396540789964
deepcore_3yr_2018,0.5799612106956546,0.002132783125311255
deepcore_3yr_2018,0.569961409994124,0.0021239921174676297
deepcore_3yr_2018,0.5654047527982401,0.002120762847049303
deepcore_3yr_2018,0.5599616092925934,0.002117661969310259
deepcore_3yr_2018,0.5499618085910628,0.002112190082443663
deepcore_3yr_2018,0.5399620358808903,0.0021063480939523156
deepcore_3yr_2018,0.5299622351793597,0.0021022177646834537
deepcore_3yr_2018,0.5199624344778291,0.0021009864837524903
deepcore_3yr_2018,0.5099626337762985,0.0021009754196106203
deepcore_3yr_2018,0.49996286106612586,0.002100786356527017
deepcore_3yr_2018,0.48996306036459525,0.0021008323152701693
deepcore_3yr_2018,0.4799632596630647,0.0021023494401301046
deepcore_3yr_2018,0.4699634589615341,0.002105104533039716
deepcore_3yr_2018,0.4599636862513615,0.0021088061572071093
deepcore_3yr_2018,0.4499638855498309,0.0021128927162443975
deepcore_3yr_2018,0.4399640848483003,0.0021172767912724104
upgrade_3yr,0.4519578219498825,0.0022650285576444225
upgrade_3yr,0.44458089547265534,0.002267039191865351
upgrade_3yr,0.44133470968707,0.002268103173244522
upgrade_3yr,0.4307383711582421,0.0022734368191297313
upgrade_3yr,0.42833048455951905,0.0022752002731262454
upgrade_3yr,0.420173662864022,0.002282776778627677
upgrade_3yr,0.4197211545696228,0.0022833612328031624
upgrade_3yr,0.4151039520662549,0.0022915223140640563
upgrade_3yr,0.41210679139765105,0.00229968339532495
upgrade_3yr,0.4106508628951932,0.0023078443550018676
upgrade_3yr,0.41065447378038294,0.0023160054362627615
upgrade_3yr,0.4120097593549358,0.0023241665175236553
upgrade_3yr,0.41464334027369726,0.002332327477200573
upgrade_3yr,0.4185088488520408,0.0023404884368774903
upgrade_3yr,0.420173662864022,0.0023431854126462898
upgrade_3yr,0.4250033057793869,0.002348649518138384
upgrade_3yr,0.4307383711582421,0.0023538787841796876
upgrade_3yr,0.4356436187317272,0.002356810599399278
upgrade_3yr,0.44133470968707,0.0023596615004824453
upgrade_3yr,0.4519578219498825,0.002362881956062469
upgrade_3yr,0.46260285144605595,0.0023646345282930777
upgrade_3yr,0.4669251370009029,0.0023649716198681837
upgrade_3yr,0.473264927679288,0.0023653995954657932
upgrade_3yr,0.4839392361359923,0.0023656671410062875
upgrade_3yr,0.49462082234579224,0.002365731702097859
upgrade_3yr,0.5053048717951014,0.0023657459882151085
upgrade_3yr,0.5159864859962595,0.0023657699402584976
upgrade_3yr,0.5266607664616058,0.0023657705481783804
upgrade_3yr,0.5373228706861959,0.0023656241610705616
upgrade_3yr,0.5479679001823693,0.0023651175814320843
upgrade_3yr,0.5492925632112045,0.0023649716198681837
upgrade_3yr,0.5585910124451817,0.002363787878272068
upgrade_3yr,0.5691873369783307,0.002361201179170039
upgrade_3yr,0.5796885468767915,0.002356810599399278
upgrade_3yr,0.5797520312768717,0.002356778865981387
upgrade_3yr,0.5901744455023934,0.002348649518138384
upgrade_3yr,0.5902803088185766,0.0023485461717582794
upgrade_3yr,0.5959427366232659,0.0023404884368774903
upgrade_3yr,0.6001820557928228,0.002332327477200573
upgrade_3yr,0.600767327098501,0.0023306022005727092
upgrade_3yr,0.6023504903190209,0.0023241665175236553
upgrade_3yr,0.6032438065201502,0.0023160054362627615
upgrade_3yr,0.6029697991161,0.0023078443550018676
upgrade_3yr,0.6014709178746991,0.00229968339532495
upgrade_3yr,0.600767327098501,0.0022976272886967757
upgrade_3yr,0.5979729498233634,0.0022915223140640563
upgrade_3yr,0.5924634388077563,0.0022833612328031624
upgrade_3yr,0.5902803088185766,0.0022809272431757346
upgrade_3yr,0.5831700280182298,0.0022752002731262454
upgrade_3yr,0.5797520312768717,0.0022729857425765687
upgrade_3yr,0.5691873369783307,0.0022682376451226348
upgrade_3yr,0.5651685617189292,0.002267039191865351
upgrade_3yr,0.5585910124451817,0.002265386744039467
upgrade_3yr,0.5479679001823693,0.00226371156000996
upgrade_3yr,0.5373228706861959,0.0022627140850659862
upgrade_3yr,0.5266607664616058,0.0022621521239261705
upgrade_3yr,0.5159864859962595,0.0022618496229924057
upgrade_3yr,0.5053048717951014,0.002261701655292891
upgrade_3yr,0.49462082234579224,0.002261681958688683
upgrade_3yr,0.4839392361359923,0.002261839288354395
upgrade_3yr,0.473264927679288,0.0022623004563776146
upgrade_3yr,0.46260285144605595,0.0022632702101749256
upgrade_3yr,0.4519578219498825,0.0022650285576444225
