sin2_theta12,dm2_21,dchi2,log_likelihood,log_posterior,kamland_energy_scale,kamland_flux_scale,kamland_geonu_scale,dm2_31,dcp,theta12,sin2_theta13,theta13,sin2_theta23,theta23
0.22100178525192987,2.0e-5,18.986408590153204,-71.52839325903429,-72.10614551152632,0.1506262754242912,-0.33107372054138073,0.4999999517808873,0.0024752999999999997,1.0,0.48941344411630505,0.022200000000000004,0.149553513097907,0.57,0.8556288707523761
0.21748232677527435,2.05e-5,18.989995346634984,-71.55078033872675,-72.10793888976721,0.15785984750247942,-0.2572760170024715,0.4999915305034165,0.0024752999999999997,1.0,0.48516011656258795,0.022200000000000004,0.149553513097907,0.57,0.8556288707523761
0.21426054295816466,2.1000000000000002e-5,19.047299942346953,-71.59341562641544,-72.1365911876232,0.1668721405458785,-0.18787865611188875,0.49999988709118326,0.0024752999999999997,1.0,0.48124470092733174,0.022200000000000004,0.149553513097907,0.57,0.8556288707523761
0.21131300745354428,2.15e-5,19.1465764399684,-71.6505085481139,-72.18622943643392,0.18162101706317968,-0.1234874936914774,0.4999999538488549,0.0024752999999999997,1.0,0.4776437859476493,0.022200000000000004,0.149553513097907,0.57,0.8556288707523761
0.20870824956405365,2.2000000000000003e-5,19.276694282948498,-71.70706914562271,-72.25128835792397,0.24738148212686104,-0.06351696781558096,0.49999991913255315,0.0024752999999999997,1.0,0.47444630496377677,0.022200000000000004,0.149553513097907,0.57,0.8556288707523761
0.20625279322344323,2.25e-5,19.43050119557718,-71.78102704365789,-72.32819181423831,0.2665844629631562,-0.007472855192629613,0.4999998021440445,0.0024752999999999997,1.0,0.47141862280046587,0.022200000000000004,0.149553513097907,0.57,0.8556288707523761
0.20397446933007002,2.3000000000000003e-5,19.611987991098985,-71.86924179961768,-72.41893521199921,0.2723709077056115,0.044659732376332764,0.4999989816200332,0.0024752999999999997,1.0,0.46859740132807604,0.022200000000000004,0.149553513097907,0.57,0.8556288707523761
0.20087353878047629,2.3500000000000002e-5,19.79012311041022,-71.95934788470447,-72.50800277165483,0.2606623751174087,0.0784759733683535,0.4477683315496921,0.0024752999999999997,1.0,0.4647386405801314,0.022200000000000004,0.149553513097907,0.57,0.8556288707523761
0.19799010051829094,2.4e-5,19.92013630647655,-72.02436366106181,-72.573009369688,0.2482017021875965,0.11171799577861928,0.3892725103905684,0.0024752999999999997,1.0,0.46113047204251895,0.022200000000000004,0.149553513097907,0.57,0.8556288707523761
0.19541669229040912,2.4500000000000003e-5,20.01115209239184,-72.06795927667544,-72.61851726264564,0.23798615907604997,0.1458497114357043,0.3306602901054866,0.0024752999999999997,1.0,0.4578935154336709,0.022200000000000004,0.149553513097907,0.57,0.8556288707523761
0.1931172967000878,2.5e-5,20.07741684533481,-72.09727269471533,-72.65164963911712,0.2303892457338569,0.1801895184271851,0.27209420248241,0.0024752999999999997,1.0,0.45498755084981557,0.022200000000000004,0.149553513097907,0.57,0.8556288707523761
0.19105524162362103,2.5500000000000003e-5,20.13714349245585,-72.12166781994037,-72.68151296267764,0.2252724903519148,0.21386016193402047,0.2137107106536491,0.0024752999999999997,1.0,0.45237032612479905,0.022200000000000004,0.149553513097907,0.57,0.8556288707523761
0.18919316334398528,2.6000000000000002e-5,20.211667752124995,-72.15226828534,-72.71877509251222,0.22229888697998845,0.24574457774109543,0.15578535355563639,0.0024752999999999997,1.0,0.44999763505614787,0.022200000000000004,0.149553513097907,0.57,0.8556288707523761
0.18749937844490733,2.65e-5,20.324488709678846,-72.20138319940898,-72.77518557128914,0.22127061807146267,0.27465912625625055,0.09864384331375553,0.0024752999999999997,1.0,0.4478316007006691,0.022200000000000004,0.149553513097907,0.57,0.8556288707523761
0.18593173956156953,2.7000000000000002e-5,20.50022929179552,-72.28206848300505,-72.86305586234748,0.22210604049109692,0.29906060215191443,0.042621556536959204,0.0024752999999999997,1.0,0.44582016846679906,0.022200000000000004,0.149553513097907,0.57,0.8556288707523761
0.18446591843358143,2.7500000000000004e-5,20.763582777209862,-72.40738512533353,-72.99473260505465,0.2248448679585928,0.3177000520808078,-0.011757777339223119,0.0024752999999999997,1.0,0.44393345127640527,0.022200000000000004,0.149553513097907,0.57,0.8556288707523761
0.18307081119878377,2.8000000000000003e-5,21.13830955000735,-72.58993978200681,-73.1820959914534,0.22970850433630505,0.3291504218833725,-0.06406018189085155,0.0024752999999999997,1.0,0.4421323579679898,0.022200000000000004,0.149553513097907,0.57,0.8556288707523761
0.18171708199752662,2.85e-5,21.64632500295137,-72.84126134027751,-73.4361037179254,0.2371620832179372,0.33201277065310214,-0.11377946842382441,0.0024752999999999997,1.0,0.4403795868202262,0.022200000000000004,0.149553513097907,0.57,0.8556288707523761
0.18038168374394725,2.9e-5,22.30686304173078,-73.17118012079936,-73.76637273731511,0.24801595193458914,0.3250644534776591,-0.16045281204686446,0.0024752999999999997,1.0,0.43864556686035305,0.022200000000000004,0.149553513097907,0.57,0.8556288707523761
0.18000005300516703,2.9500000000000002e-5,23.139502030726547,-73.57137739596887,-74.182692231813,0.26879000502068423,0.3566162968604834,-0.2024993088159348,0.0024752999999999997,1.0,0.4381490995676358,0.022200000000000004,0.149553513097907,0.57,0.8556288707523761
0.18000001436039179,3.0000000000000004e-5,24.048350068757614,-73.89463819745748,-74.63711625082853,0.5615190817568991,0.3826826437953666,-0.21938746050232522,0.0024752999999999997,1.0,0.4381490492734734,0.022200000000000004,0.149553513097907,0.57,0.8556288707523761
0.1800000241019836,3.0500000000000003e-5,25.128180962644805,-74.26222981792085,-75.17703169777212,0.7909182073045221,0.42525959995509766,-0.2564138663822064,0.0024752999999999997,1.0,0.4381490619516482,0.022200000000000004,0.149553513097907,0.57,0.8556288707523761
0.1800000728142136,3.1e-5,26.42311982881047,-74.89043577786946,-75.82450113085496,0.7982852119697404,0.45570275906414726,-0.29286563926825887,0.0024752999999999997,1.0,0.43814912534807665,0.022200000000000004,0.149553513097907,0.57,0.8556288707523761
0.18000000401843502,3.15e-5,27.9331142773335,-75.62919096567988,-76.57949835511647,0.8060645289793336,0.47714602826782354,-0.32618055830261095,0.0024752999999999997,1.0,0.4381490358139546,0.022200000000000004,0.149553513097907,0.57,0.8556288707523761
0.18000000473324543,3.2000000000000005e-5,29.66044646752674,-76.47987808078474,-77.44316445021309,0.8144963962259968,0.4898590998326003,-0.3563129735602641,0.0024752999999999997,1.0,0.43814903674424316,0.022200000000000004,0.149553513097907,0.57,0.8556288707523761
0.18000000491144666,3.2500000000000004e-5,31.366965447419247,-76.6483686791547,-78.29642394015934,1.4240272914152812,0.49502562924658605,-0.3568850942239128,0.0024752999999999997,1.0,0.4381490369761628,0.022200000000000004,0.149553513097907,0.57,0.8556288707523761
0.1800000021900845,3.3e-5,33.756174232117345,-78.51120796305382,-79.49102833250839,0.8344396575683449,0.49004568673094556,-0.4067201767356132,0.0024752999999999997,1.0,0.43814903343445144,0.022200000000000004,0.149553513097907,0.57,0.8556288707523761
0.18000001616964798,3.35e-5,35.489970077660544,-78.68650639173649,-80.35792625527999,1.4407762572303735,0.49375812093119287,-0.40396119862286595,0.0024752999999999997,1.0,0.43814905162812623,0.022200000000000004,0.149553513097907,0.57,0.8556288707523761
0.18000000165768001,3.4e-5,37.84690789243932,-79.86080333026679,-81.53639516266938,1.4478136211530654,0.48146958523469185,-0.4228755250627083,0.0024752999999999997,1.0,0.43814903274155464,0.022200000000000004,0.149553513097907,0.57,0.8556288707523761
0.1800000043949553,3.45e-5,40.65597185447244,-80.29151890013735,-82.94092714368594,2.0145899885601355,0.46587256131661736,-0.43744144760889764,0.0024752999999999997,1.0,0.43814903630397617,0.022200000000000004,0.149553513097907,0.57,0.8556288707523761
0.18000000127253377,3.5000000000000004e-5,43.22996406528067,-81.55271472653536,-84.22792324909005,2.031979045152952,0.4452771984572448,-0.45200054693617436,0.0024752999999999997,1.0,0.4381490322403069,0.022200000000000004,0.149553513097907,0.57,0.8556288707523761
0.1800000153874873,3.55e-5,45.963521395128154,-82.88016428190983,-85.5947019140138,2.0566103820476096,0.41978873133896544,-0.46338829819034744,0.0024752999999999997,1.0,0.43814905061018483,0.022200000000000004,0.149553513097907,0.57,0.8556288707523761
0.18000000114989528,3.600000000000001e-5,48.84064167566116,-84.27018542174831,-87.0332620542803,2.086402359867981,0.38713309868643625,-0.4720716989506977,0.0024752999999999997,1.0,0.4381490320806993,0.022200000000000004,0.149553513097907,0.57,0.8556288707523761
0.18000000160814203,3.6500000000000006e-5,51.847602149297856,-85.74519915648696,-88.53674229109865,2.1065306853347705,0.34986900300490154,-0.47846443801886474,0.0024752999999999997,1.0,0.43814903267708355,0.022200000000000004,0.149553513097907,0.57,0.8556288707523761
0.18000000186034365,3.7000000000000005e-5,55.45522741045677,-86.22889066953154,-90.3405549216781,2.6623816047851645,0.33443425825107487,-0.48223894094624176,0.0024752999999999997,1.0,0.43814903300531083,0.022200000000000004,0.149553513097907,0.57,0.8556288707523761
0.18000000208552364,3.7500000000000003e-5,58.20182003486319,-88.89283108871513,-91.71385123388131,2.1333739177720217,0.2599030503854502,-0.48403010106694644,0.0024752999999999997,1.0,0.4381490332983709,0.022200000000000004,0.149553513097907,0.57,0.8556288707523761
0.18000044929723616,3.8e-5,61.77525727163943,-89.12861082906255,-93.50056985226944,2.766929423700355,0.25458434549719033,-0.48624970572141163,0.0024752999999999997,1.0,0.438149615320882,0.022200000000000004,0.149553513097907,0.57,0.8556288707523761
0.18000000194524088,3.85e-5,65.06591580805183,-90.74446530170862,-95.14589912047563,2.7817336381373794,0.20400779957213072,-0.48574189583049704,0.0024752999999999997,1.0,0.43814903311580017,0.022200000000000004,0.149553513097907,0.57,0.8556288707523761
0.18000000080324788,3.9e-5,68.4293044558547,-92.40299876167346,-96.82759344437707,2.793529069622762,0.1489237418179808,-0.48297649795838926,0.0024752999999999997,1.0,0.4381490316295557,0.022200000000000004,0.149553513097907,0.57,0.8556288707523761
0.18000000938442615,3.95e-5,71.8826787889595,-95.68422358429729,-98.55428061092947,2.171630385814492,0.030481124795498405,-0.4686875945331897,0.0024752999999999997,1.0,0.438149042797513,0.022200000000000004,0.149553513097907,0.57,0.8556288707523761
0.18000000123341797,4.0e-5,75.31684354651817,-95.80387175845058,-100.2713629897088,2.812649088075703,0.027949027900626824,-0.47168595703520066,0.0024752999999999997,1.0,0.43814903218939966,0.022200000000000004,0.149553513097907,0.57,0.8556288707523761
0.1800000410510642,4.05e-5,79.1500867328537,-97.17602774345767,-102.18798458287657,2.9999878364558694,-0.02793274515452472,-0.4625679569678,0.0024752999999999997,1.0,0.43814908400999397,0.022200000000000004,0.149553513097907,0.57,0.8556288707523761
0.18000000141245082,4.100000000000001e-5,82.50579875390768,-100.95562271550094,-103.86584059340356,2.1831836644643854,-0.1758932099836128,-0.4379386250358799,0.0024752999999999997,1.0,0.4381490324224016,0.022200000000000004,0.149553513097907,0.57,0.8556288707523761
0.18000000097529656,4.1500000000000006e-5,87.04614702431651,-104.44647610262662,-106.13601472860798,1.5000650936480686,-0.3250777523586762,-0.40338732642409736,0.0024752999999999997,1.0,0.4381490318534681,0.022200000000000004,0.149553513097907,0.57,0.8556288707523761
0.18000000515582362,4.2000000000000004e-5,90.48566004096433,-106.13718434856858,-107.85577123693189,1.5003994152156113,-0.40344634072515584,-0.3876416033773714,0.0024752999999999997,1.0,0.43814903729420673,0.022200000000000004,0.149553513097907,0.57,0.8556288707523761
0.18000000300761382,4.25e-5,93.82929078687123,-107.77449469073771,-109.52758660988533,1.4998433624954415,-0.4831638485760803,-0.37071319045328804,0.0024752999999999997,1.0,0.4381490344984233,0.022200000000000004,0.149553513097907,0.57,0.8556288707523761
0.18000000461331897,4.3e-5,97.05503337295734,-109.3474822933755,-111.14045790292839,1.4984730019531285,-0.5633147076196189,-0.35309744559753636,0.0024752999999999997,1.0,0.4381490365881651,0.022200000000000004,0.149553513097907,0.57,0.8556288707523761
0.18000000087352735,4.35e-5,100.1419542207464,-110.84557181967939,-112.68391832682292,1.4961524930028818,-0.6442160431606379,-0.334824707538991,0.0024752999999999997,1.0,0.4381490317210207,0.022200000000000004,0.149553513097907,0.57,0.8556288707523761
0.18000000048050327,4.4e-5,103.0706407569864,-112.25902822529358,-114.14826159494292,1.4929783441091793,-0.7254488139193254,-0.31608230242940316,0.0024752999999999997,1.0,0.4381490312095203,0.022200000000000004,0.149553513097907,0.57,0.8556288707523761
0.18000000052848922,4.4500000000000004e-5,105.8235508987665,-113.57909695642601,-115.52471666583297,1.4890411082863484,-0.8067152998081246,-0.2970670599886073,0.0024752999999999997,1.0,0.4381490312719715,0.022200000000000004,0.149553513097907,0.57,0.8556288707523761
0.18000000161337984,4.5e-5,108.38529291047563,-114.79820170461431,-116.80558767168753,1.4844199741841637,-0.8877290423810479,-0.27792636254262226,0.0024752999999999997,1.0,0.4381490326839003,0.022200000000000004,0.149553513097907,0.57,0.8556288707523761
0.18000004389207888,4.55e-5,110.74281363156807,-115.90977216798281,-117.98434803223375,1.4792995546914403,-0.9683068389146293,-0.2588902397195366,0.0024752999999999997,1.0,0.43814908770742655,0.022200000000000004,0.149553513097907,0.57,0.8556288707523761
0.18000000078406425,4.600000000000001e-5,112.96817893482687,-115.83438130852515,-119.09703068386315,2.137674305266761,-0.965629791159902,-0.2672770290495101,0.0024752999999999997,1.0,0.4381490316045892,0.022200000000000004,0.149553513097907,0.57,0.8556288707523761
0.1800000117764354,4.6500000000000005e-5,115.10774011482,-116.84780265987985,-120.16681127385972,2.1261079007521952,-1.0461720702714723,-0.2486493224465936,0.0024752999999999997,1.0,0.4381490459105886,0.022200000000000004,0.149553513097907,0.57,0.8556288707523761
0.18000000151303272,4.7000000000000004e-5,116.72942988055651,-119.29467751213814,-120.97765615672797,0.8165869407230816,-1.2945797139293707,-0.19383212415831041,0.0024752999999999997,1.0,0.43814903255330373,0.022200000000000004,0.149553513097907,0.57,0.8556288707523761
0.18000000356518117,4.75e-5,117.9231350285797,-119.79558663518809,-121.57450873073957,0.8090779585255168,-1.3711420883440142,-0.17588752590503476,0.0024752999999999997,1.0,0.4381490352240683,0.022200000000000004,0.149553513097907,0.57,0.8556288707523761
0.18000000175827113,4.8e-5,119.36715138247762,-120.58554032116324,-122.29651690768853,0.19058472615733382,-1.537017961347028,-0.14074649768238046,0.0024752999999999997,1.0,0.4381490328724688,0.022200000000000004,0.149553513097907,0.57,0.8556288707523761
0.18000000048911077,4.85e-5,119.71492054815634,-120.58092703215976,-122.47040149052789,-0.19457086109575386,-1.6486008234396725,-0.11109452214271609,0.0024752999999999997,1.0,0.4381490312207226,0.022200000000000004,0.149553513097907,0.57,0.8556288707523761
0.18000000160407795,4.9e-5,120.0354851034888,-120.68312499149259,-122.63068376819412,0.11705445333547329,-1.6906239637053078,-0.10783046871200819,0.0024752999999999997,1.0,0.4381490326717944,0.022200000000000004,0.149553513097907,0.57,0.8556288707523761
0.18000000080379508,4.950000000000001e-5,120.00822666342181,-120.54651671729678,-122.61705454816062,0.07803073922718232,-1.7640239351439044,-0.09109192959945378,0.0024752999999999997,1.0,0.4381490316302678,0.022200000000000004,0.149553513097907,0.57,0.8556288707523761
0.1800000029296834,5.000000000000001e-5,119.27435877025646,-119.97588884714665,-122.25012060157795,-0.25622617859385205,-1.8600014066024375,-0.06536454367225619,0.0024752999999999997,1.0,0.4381490343970009,0.022200000000000004,0.149553513097907,0.57,0.8556288707523761
0.1800000170697967,5.05e-5,118.67227544054025,-119.5439297153037,-121.94907893671984,-0.27488623402991896,-1.9265330465554884,-0.05142041870804659,0.0024752999999999997,1.0,0.43814905279962296,0.022200000000000004,0.149553513097907,0.57,0.8556288707523761
0.18000001815247912,5.1000000000000006e-5,117.85751094661912,-119.0058029693839,-121.54169668975928,-0.2910329927478434,-1.9909497271855612,-0.03787838479721922,0.0024752999999999997,1.0,0.4381490542086778,0.022200000000000004,0.149553513097907,0.57,0.8556288707523761
0.18000000282712728,5.1500000000000005e-5,115.80523894562451,-116.66171733280898,-120.51556068926197,-1.3963636977831964,-2.1759247952804976,6.199515759930385e-5,0.0024752999999999997,1.0,0.43814903426352947,0.022200000000000004,0.149553513097907,0.57,0.8556288707523761
0.18000000081969772,5.2000000000000004e-5,115.62715100436013,-117.63250698369467,-120.42651671862978,-0.319825476002893,-2.112468866768695,-0.013224838181801257,0.0024752999999999997,1.0,0.4381490316509643,0.022200000000000004,0.149553513097907,0.57,0.8556288707523761
0.18000000115855597,5.25e-5,111.92852732459927,-113.51595336080045,-118.57720487874936,-1.9143689011750884,-2.3311989027984588,0.02339388749404514,0.0024752999999999997,1.0,0.4381490320919707,0.022200000000000004,0.149553513097907,0.57,0.8556288707523761
0.18000000264794974,5.3e-5,109.79071014756038,-112.30877606891279,-117.50829629022991,-1.9268541598100288,-2.3797199557414843,0.030528096848076225,0.0024752999999999997,1.0,0.4381490340303392,0.022200000000000004,0.149553513097907,0.57,0.8556288707523761
0.18000000121735474,5.35e-5,107.50787007976491,-111.0324187199503,-116.36687625633218,-1.939267383576098,-2.4258917259554065,0.03652720519160635,0.0024752999999999997,1.0,0.4381490321684942,0.022200000000000004,0.149553513097907,0.57,0.8556288707523761
0.18000000000000113,5.4e-5,104.27320316766615,-106.45073012738365,-114.7495428002828,-2.9999999997256666,-2.5640629722652175,0.05384144165924298,0.0024752999999999997,1.0,0.43814903058417176,0.022200000000000004,0.149553513097907,0.57,0.8556288707523761
0.18000000091890556,5.450000000000001e-5,103.64138996236515,-109.82891522311064,-114.4336361976323,-1.4464959107434243,-2.4685795728602957,0.04601569860714072,0.0024752999999999997,1.0,0.43814903178007814,0.022200000000000004,0.149553513097907,0.57,0.8556288707523761
0.18000017357716303,5.500000000000001e-5,99.0424088035587,-102.66483232120441,-112.13414561822907,-2.9858700880399147,-2.999999998282509,0.10948042200682806,0.0024752999999999997,1.0,0.43814925648578223,0.022200000000000004,0.149553513097907,0.57,0.8556288707523761
0.18,5.550000000000001e-5,95.59164581718913,-101.88530799154901,-110.40876412504429,-2.988850178396581,-2.6627956092022016,0.05720172908029564,0.0024752999999999997,1.0,0.4381490305841703,0.022200000000000004,0.149553513097907,0.57,0.8556288707523761
0.18000000000000005,5.6000000000000006e-5,92.58341238649608,-100.28958624817281,-108.90464740969776,-2.9935851878018505,-2.6917213126028687,0.05626786003019357,0.0024752999999999997,1.0,0.4381490305841704,0.022200000000000004,0.149553513097907,0.57,0.8556288707523761
0.18000000194324717,5.6500000000000005e-5,89.53831085672896,-98.67498297117697,-107.3820966448142,-2.999999999999955,-2.7186432140999957,0.054442668708875486,0.0024752999999999997,1.0,0.43814903311320547,0.022200000000000004,0.149553513097907,0.57,0.8556288707523761
0.18000002524294473,5.7e-5,86.71182786688853,-96.45725196362372,-105.96885514989398,-2.9999999918088767,-2.9999999999974207,0.08925709616306587,0.0024752999999999997,1.0,0.43814906343654975,0.022200000000000004,0.149553513097907,0.57,0.8556288707523761
0.1800000154260885,5.75e-5,84.1820403265984,-97.18247462105857,-104.70396137974892,-2.559193976907885,-2.733183726761948,0.05762504268143542,0.0024752999999999997,1.0,0.43814905066042226,0.022200000000000004,0.149553513097907,0.57,0.8556288707523761
0.18000000394549254,5.8e-5,81.13045357119229,-95.58224075117948,-103.17816800204587,-2.563799082502219,-2.756008407931802,0.054664568701436544,0.0024752999999999997,1.0,0.43814903571902375,0.022200000000000004,0.149553513097907,0.57,0.8556288707523761
0.1800010033013242,5.85e-5,77.2751824160968,-92.30135679822634,-101.25053242449812,-2.9999985370932776,-2.806270408973267,0.04245621590706139,0.0024752999999999997,1.0,0.4381503363272678,0.022200000000000004,0.149553513097907,0.57,0.8556288707523761
0.18000035394247094,5.9e-5,74.36951000608552,-90.28609300864137,-99.79769621949248,-2.999999999999955,-2.999999999999955,0.06422146471336909,0.0024752999999999997,1.0,0.4381494912217201,0.022200000000000004,0.149553513097907,0.57,0.8556288707523761
0.1921598901315136,5.950000000000001e-5,71.01651833873804,-90.04319245657237,-98.12120038581874,-2.9999998260234073,-2.476451186809364,0.05256475761126811,0.0024752999999999997,1.0,0.453773711908311,0.022200000000000004,0.149553513097907,0.57,0.8556288707523761
0.1987124206876847,6.000000000000001e-5,67.74764659443203,-88.83044037266093,-96.48676451366573,-2.9999996566784093,-2.299879109917795,0.05782336061652349,0.0024752999999999997,1.0,0.46203618455596457,0.022200000000000004,0.149553513097907,0.57,0.8556288707523761
0.20533731698531685,6.050000000000001e-5,64.40518919758775,-87.55079720093106,-94.81553581524359,-2.999999819553874,-2.1227981273778833,0.06297083883947274,0.0024752999999999997,1.0,0.47028639566307867,0.022200000000000004,0.149553513097907,0.57,0.8556288707523761
0.21200365614662853,6.1000000000000005e-5,61.00539409443125,-86.20980755234054,-93.11563826366535,-2.999999763163941,-1.946395751629962,0.06786728445311296,0.0024752999999999997,1.0,0.47848916679088843,0.022200000000000004,0.149553513097907,0.57,0.8556288707523761
0.21871844805925889,6.15e-5,57.56568558372764,-84.81693242408222,-91.39578400831354,-2.999999772714672,-1.7704513860797715,0.07244068989444852,0.0024752999999999997,1.0,0.48665679244340915,0.022200000000000004,0.149553513097907,0.57,0.8556288707523761
0.22540857151151947,6.2e-5,54.10468161158737,-83.378196374128,-89.6652820222434,-2.9999996231572856,-1.5971747354576447,0.07660985509731055,0.0024752999999999997,1.0,0.4947050977644454,0.022200000000000004,0.149553513097907,0.57,0.8556288707523761
0.23210413869822918,6.25e-5,50.6421885819653,-81.90601973594427,-87.93403550743237,-2.99999991600981,-1.425771940113345,0.08035806755746833,0.0024752999999999997,1.0,0.5026755937045477,0.022200000000000004,0.149553513097907,0.57,0.8556288707523761
0.2387517251728771,6.3e-5,47.199139540509364,-80.41013971508568,-86.2125109867044,-2.999999890440572,-1.2575916582465225,0.08364182963440181,0.0024752999999999997,1.0,0.5105099878675736,0.022200000000000004,0.149553513097907,0.57,0.8556288707523761
0.2453251221601343,6.35e-5,43.79743636473212,-78.9022247565428,-84.51165939881578,-2.999999934709075,-1.0934638789593263,0.08630799302410475,0.0024752999999999997,1.0,0.5181836560033075,0.022200000000000004,0.149553513097907,0.57,0.8556288707523761
0.2517808767088986,6.400000000000001e-5,40.45969124088448,-77.39485160768183,-82.84278683689196,-2.999999832027689,-0.9341654267587484,0.08841424101636708,0.0024752999999999997,1.0,0.5256527250006623,0.022200000000000004,0.149553513097907,0.57,0.8556288707523761
0.258100581276005,6.450000000000001e-5,37.20884735202323,-75.90118243919594,-81.21736489246133,-2.999998241849788,-0.7804928146537995,0.0898199396789312,0.0024752999999999997,1.0,0.5329030783331825,0.022200000000000004,0.149553513097907,0.57,0.8556288707523761
0.2642145013565042,6.500000000000001e-5,34.067667663465485,-74.43438970720591,-79.64677504818246,-2.9999998406831465,-0.6336917359027568,0.09031289105078599,0.0024752999999999997,1.0,0.5398624361885184,0.022200000000000004,0.149553513097907,0.57,0.8556288707523761
0.2701083073351728,6.55e-5,31.05820435234311,-73.00849681773258,-78.14204339262128,-2.999999903376223,-0.4938494789075727,0.09030782486966626,0.0024752999999999997,1.0,0.546522535289829,0.022200000000000004,0.149553513097907,0.57,0.8556288707523761
0.2757392868119883,6.6e-5,28.20113777266745,-71.63633811410477,-76.71351010278345,-2.999999913392883,-0.3621299149439189,0.0894672091900709,0.0024752999999999997,1.0,0.5528429915016658,0.022200000000000004,0.149553513097907,0.57,0.8556288707523761
0.28105093524514385,6.65e-5,25.51518000574471,-70.33025763258243,-75.37053121932207,-2.99999985446221,-0.23946111376015145,0.08787722457104463,0.0024752999999999997,1.0,0.5587684668585471,0.022200000000000004,0.149553513097907,0.57,0.8556288707523761
0.28605240417232747,6.7e-5,23.016514278386452,-69.10170050709004,-74.12119835564295,-2.999999598722853,-0.12566496355696993,0.0856887316108903,0.0024752999999999997,1.0,0.5643168035452084,0.022200000000000004,0.149553513097907,0.57,0.8556288707523761
0.28501871266675743,6.75e-5,20.928188397160895,-69.25389152934976,-73.07703541503017,-2.5698711349952923,-0.13727235401225094,0.08803291229285415,0.0024752999999999997,1.0,0.5631725014285469,0.022200000000000004,0.149553513097907,0.57,0.8556288707523761
0.2894884508644183,6.8e-5,18.573300987483336,-68.12378411535038,-71.89959171019139,-2.554838115986573,-0.034798981040330565,0.08564616247693013,0.0024752999999999997,1.0,0.5681116805858754,0.022200000000000004,0.149553513097907,0.57,0.8556288707523761
0.29360578819591904,6.85e-5,16.413616184800233,-67.08228348228221,-70.81974930884984,-2.539345632380123,0.05872810864047765,0.08252514522503751,0.0024752999999999997,1.0,0.5726414804481904,0.022200000000000004,0.149553513097907,0.57,0.8556288707523761
0.2973457251638556,6.900000000000001e-5,14.455794760233985,-66.13856493099917,-69.84083859656671,-2.522079546650991,0.14302331906745805,0.07869190592589193,0.0024752999999999997,1.0,0.5767400030849426,0.022200000000000004,0.149553513097907,0.57,0.8556288707523761
0.2953852739382076,6.950000000000001e-5,13.177874886392786,-66.75267641640563,-69.20187865964611,-1.9664659028392875,0.09060859643914851,0.07435549690167853,0.0024752999999999997,1.0,0.5745934620593424,0.022200000000000004,0.149553513097907,0.57,0.8556288707523761
0.298238890050351,7.000000000000001e-5,11.32847557346561,-65.98690473930078,-68.27717900318252,-1.8795337910252987,0.15714590180717372,0.07345104902413269,0.0024752999999999997,1.0,0.5777165929795048,0.022200000000000004,0.149553513097907,0.57,0.8556288707523761
0.30135405532260606,7.05e-5,9.64393995555993,-65.20447767562501,-67.43491119422968,-1.840116799580293,0.22722407312819237,0.07195708439583592,0.0024752999999999997,1.0,0.5811161866053449,0.022200000000000004,0.149553513097907,0.57,0.8556288707523761
0.3042525617002192,7.1e-5,8.14760804148655,-64.49024243279763,-66.686745237193,-1.8124071312670067,0.29151256854633456,0.06939941871188648,0.0024752999999999997,1.0,0.5842703734487182,0.022200000000000004,0.149553513097907,0.57,0.8556288707523761
0.3032964981046509,7.15e-5,7.29005220783462,-64.7590404833686,-66.25796732036703,-1.379306666131652,0.2686268286283155,0.06614871948427758,0.0024752999999999997,1.0,0.5832309170556211,0.022200000000000004,0.149553513097907,0.57,0.8556288707523761
0.3059073208027107,7.2e-5,5.9771360100676105,-64.13258975488544,-65.60150922148352,-1.3447732747034737,0.325910035342137,0.06274805373663184,0.0024752999999999997,1.0,0.586067302340666,0.022200000000000004,0.149553513097907,0.57,0.8556288707523761
0.30822094338736933,7.25e-5,4.84835259031145,-63.61106044827251,-65.03711751160544,-1.2994374704218397,0.3746597995873174,0.06003745198951105,0.0024752999999999997,1.0,0.5885751557523491,0.022200000000000004,0.149553513097907,0.57,0.8556288707523761
0.30963205394129856,7.3e-5,3.827449761271069,-63.33162758005027,-64.52666609708525,-1.0981876924814973,0.4010665835611215,0.05957068129516452,0.0024752999999999997,1.0,0.5901021647579334,0.022200000000000004,0.149553513097907,0.57,0.8556288707523761
0.3112850894606119,7.35e-5,2.9304032298542637,-62.90991424529043,-64.07814283137685,-1.0575728694477613,0.44135062736798936,0.056249571006621646,0.0024752999999999997,1.0,0.5918885311005133,0.022200000000000004,0.149553513097907,0.57,0.8556288707523761
0.31274685770904476,7.400000000000001e-5,2.2058452396835833,-62.558402821855026,-63.71586383629151,-1.0318466078562545,0.47645375958822145,0.052013428125421424,0.0024752999999999997,1.0,0.5934660377772489,0.022200000000000004,0.149553513097907,0.57,0.8556288707523761
0.3108472762687152,7.450000000000001e-5,2.0048253203034676,-62.95337492708445,-63.61535387660145,-0.3335025351426279,0.4353476040874682,0.05324099856852871,0.0024752999999999997,1.0,0.5914156589684186,0.022200000000000004,0.149553513097907,0.57,0.8556288707523761
0.31208770636416483,7.500000000000001e-5,1.2871189338648037,-62.59375258592316,-63.25650068338212,-0.28708912462879443,0.46890255675889514,0.04964271939827192,0.0024752999999999997,1.0,0.5927549467471854,0.022200000000000004,0.149553513097907,0.57,0.8556288707523761
0.3132119518367859,7.55e-5,0.7273269914581135,-62.30820652974992,-62.976604712178776,-0.2566297383557243,0.4977259492395714,0.04662375336076241,0.0024752999999999997,1.0,0.5939675345346332,0.022200000000000004,0.149553513097907,0.57,0.8556288707523761
0.31412901825727635,7.6e-5,0.3275062806437745,-62.101907710926035,-62.77669435677161,-0.2345383565164226,0.5209209434366782,0.04351133032720411,0.0024752999999999997,1.0,0.594955786610186,0.022200000000000004,0.149553513097907,0.57,0.8556288707523761
0.31480025134526535,7.650000000000002e-5,0.08611264999574075,-61.97607275435478,-62.65599754144759,-0.2167164068887052,0.5382166399026637,0.040242285597767324,0.0024752999999999997,1.0,0.5956786272794976,0.022200000000000004,0.149553513097907,0.57,0.8556288707523761
0.31521731779559886,7.7e-5,0.0,-61.92996373577242,-62.61294121644972,-0.20130598021569948,0.5497494356352163,0.03693137166089888,0.0024752999999999997,1.0,0.5961275498573335,0.022200000000000004,0.149553513097907,0.57,0.8556288707523761
0.3153650305976424,7.75e-5,0.06562509199076771,-61.96234895204944,-62.6457537624451,-0.1873597168507955,0.5554273450147738,0.0337234496564186,0.0024752999999999997,1.0,0.5962865067167795,0.022200000000000004,0.149553513097907,0.57,0.8556288707523761
0.31523874696784276,7.8e-5,0.2794711157457357,-62.07175142174955,-62.75267677432259,-0.17417914328362688,0.555253013938957,0.03067456361595866,0.0024752999999999997,1.0,0.596150611487211,0.022200000000000004,0.149553513097907,0.57,0.8556288707523761
0.31574955343315364,7.85e-5,0.44131317992773234,-62.03900382925916,-62.833597806413586,0.5118274496657605,0.5513748220355579,0.039227512042636414,0.0024752999999999997,1.0,0.5967002057424655,0.022200000000000004,0.149553513097907,0.57,0.8556288707523761
0.3155984643004511,7.900000000000001e-5,0.6424280940807847,-62.12207768551461,-62.93415526349011,0.5436896076606975,0.5525851470768959,0.03733482154397072,0.0024752999999999997,1.0,0.5965376687179621,0.022200000000000004,0.149553513097907,0.57,0.8556288707523761
0.31521514030586434,7.950000000000001e-5,0.975504996150562,-62.274599068945705,-63.100693714525,0.5727828219510138,0.5485459947294073,0.03537312728086539,0.0024752999999999997,1.0,0.5961252064644519,0.022200000000000004,0.149553513097907,0.57,0.8556288707523761
0.3145886134285448,8.0e-5,1.437203461137912,-62.49202153544209,-63.331542947018676,0.604382544950969,0.5390344523395548,0.03317901618345165,0.0024752999999999997,1.0,0.5954507626965219,0.022200000000000004,0.149553513097907,0.57,0.8556288707523761
0.3136998989155087,8.05e-5,2.021331276422302,-62.76570063371423,-63.62360685466087,0.6464956144850719,0.5240700722633216,0.030039859672751135,0.0024752999999999997,1.0,0.5944934552806638,0.022200000000000004,0.149553513097907,0.57,0.8556288707523761
0.31398181026459204,8.1e-5,2.6078631549763145,-62.776946238086936,-63.91687279393788,0.9892792071773926,0.527231770899287,0.01830924212550633,0.0024752999999999997,1.0,0.5947972046655917,0.022200000000000004,0.149553513097907,0.57,0.8556288707523761
0.313539412892523,8.15e-5,3.3439222362224967,-62.64900894464949,-64.28490233456097,1.4036040434798294,0.5277082974970987,0.028995871473809443,0.0024752999999999997,1.0,0.594320504245234,0.022200000000000004,0.149553513097907,0.57,0.8556288707523761
0.3125080544933899,8.2e-5,4.005761522570637,-62.96508401631867,-64.61582197773504,1.4206944588631132,0.5098007019273495,0.027335508446022616,0.0024752999999999997,1.0,0.593208464660429,0.022200000000000004,0.149553513097907,0.57,0.8556288707523761
0.31125200330462455,8.25e-5,4.792708046192885,-63.347814543066846,-65.00929523954616,1.436376573369589,0.48639213678975535,0.025933301815008747,0.0024752999999999997,1.0,0.5918528018636678,0.022200000000000004,0.149553513097907,0.57,0.8556288707523761
0.3097789957937203,8.3e-5,5.7026037923980795,-63.7956284878293,-65.46424311264876,1.4507425859105683,0.45756833081155346,0.024901190031648368,0.0024752999999999997,1.0,0.5902610647378839,0.022200000000000004,0.149553513097907,0.57,0.8556288707523761
0.308080637462855,8.35e-5,6.733516941173903,-64.30744979343959,-65.97969968703667,1.4636250772985244,0.4231961703445639,0.024028268133318598,0.0024752999999999997,1.0,0.5884232204658615,0.022200000000000004,0.149553513097907,0.57,0.8556288707523761
0.3061722542103939,8.400000000000001e-5,7.883236409626235,-64.88059448755898,-66.55455942126284,1.4756986568533246,0.38345393447748843,0.023785272994041984,0.0024752999999999997,1.0,0.586354744527016,0.022200000000000004,0.149553513097907,0.57,0.8556288707523761
0.30406905128093825,8.450000000000001e-5,9.148456946450423,-65.51073035082611,-67.18716968967493,1.4883471272561286,0.33837122333810843,0.02385872889843177,0.0024752999999999997,1.0,0.5840709277534093,0.022200000000000004,0.149553513097907,0.57,0.8556288707523761
0.3018251226455444,8.5e-5,10.523922736708514,-66.18939366421453,-67.87490258480398,1.5048109341889226,0.2887134770348931,0.02424064673755999,0.0024752999999999997,1.0,0.5816293899618662,0.022200000000000004,0.149553513097907,0.57,0.8556288707523761
0.30379306588649846,8.55e-5,11.393003804201342,-65.71634115751601,-68.30944311855039,2.0134314014991683,0.3302900116914021,0.013179625833406927,0.0024752999999999997,1.0,0.5837709131158676,0.022200000000000004,0.149553513097907,0.57,0.8556288707523761
0.301480465098699,8.6e-5,12.793451468779736,-66.37788199179323,-69.00966695083959,2.040068427216217,0.28015051073578506,0.013723655326400297,0.0024752999999999997,1.0,0.5812539258458759,0.022200000000000004,0.149553513097907,0.57,0.8556288707523761
0.3063260632498162,8.65e-5,15.25573343221778,-65.15966758978814,-70.24080793255861,2.999998716560374,0.37293694436764574,0.01669218965927688,0.0024752999999999997,1.0,0.5865215893185858,0.022200000000000004,0.149553513097907,0.57,0.8556288707523761
0.3041284673543581,8.7e-5,16.513467478747245,-65.80478258514724,-70.86967495582334,2.999995600181289,0.32650378028799065,0.016844109639600258,0.0024752999999999997,1.0,0.5841355069775152,0.022200000000000004,0.149553513097907,0.57,0.8556288707523761
0.30172880707387467,8.75e-5,17.879288069909634,-66.50324480153354,-71.55258525140454,2.9999939976451966,0.2747917250064541,0.017203002770315612,0.0024752999999999997,1.0,0.5815244776679932,0.022200000000000004,0.149553513097907,0.57,0.8556288707523761
0.29657572204287824,8.8e-5,18.78861861703716,-67.82322473233313,-72.0072505249683,2.704491513675281,0.17484512010907635,0.015554727516411515,0.0024752999999999997,1.0,0.5758973995609808,0.022200000000000004,0.149553513097907,0.57,0.8556288707523761
0.2937997595733106,8.85e-5,20.462360746708626,-68.62468931872604,-72.84412158980403,2.720898261328552,0.11122397202259124,0.016294227283067952,0.0024752999999999997,1.0,0.5728544217402682,0.022200000000000004,0.149553513097907,0.57,0.8556288707523761
0.29348514528268876,8.900000000000001e-5,22.57720637756428,-68.88594422431636,-73.90154440523186,2.9999964751848665,0.08952702947494712,0.020380104139051114,0.0024752999999999997,1.0,0.5725090182294846,0.022200000000000004,0.149553513097907,0.57,0.8556288707523761
0.291320592924586,8.950000000000001e-5,24.062668279658013,-70.24306808181,-74.64427535627873,2.7889633502985287,0.029858967268165174,0.009954563270554884,0.0024752999999999997,1.0,0.5701296869223886,0.022200000000000004,0.149553513097907,0.57,0.8556288707523761
0.2851116254042619,9.0e-5,25.941234842169607,-71.12941667169329,-75.58355863753452,2.806389437809569,-0.0962072415705316,0.0203395542841196,0.0024752999999999997,1.0,0.5632754072528093,0.022200000000000004,0.149553513097907,0.57,0.8556288707523761
0.28194081498134627,9.05e-5,27.894957488415784,-72.04375272662115,-76.56041996065761,2.8248337253481206,-0.17447770776243002,0.022418652561117858,0.0024752999999999997,1.0,0.5597578187587231,0.022200000000000004,0.149553513097907,0.57,0.8556288707523761
0.2786689837862967,9.1e-5,29.902644631599017,-72.9841242359855,-77.56426353224923,2.8410054229369384,-0.256437824174997,0.024755599064678502,0.0024752999999999997,1.0,0.5561155421463377,0.022200000000000004,0.149553513097907,0.57,0.8556288707523761
0.27532591275617313,9.15e-5,31.956929466691847,-73.94117279945156,-78.59140594979564,2.8567015165181484,-0.34134487620045667,0.02728812075406828,0.0024752999999999997,1.0,0.5523803790387268,0.022200000000000004,0.149553513097907,0.57,0.8556288707523761
0.2719456845844338,9.2e-5,34.04970208155687,-74.90649310358417,-79.63779225722816,2.8733098280061142,-0.4283485938679874,0.02992578075250263,0.0024752999999999997,1.0,0.548589375470043,0.022200000000000004,0.149553513097907,0.57,0.8556288707523761
0.26854347559434966,9.25e-5,36.17271228339946,-75.87409648909114,-80.69929735814945,2.8913467492503986,-0.5170196243983374,0.032623672822554184,0.0024752999999999997,1.0,0.5447587848029254,0.022200000000000004,0.149553513097907,0.57,0.8556288707523761
0.26510961427284524,9.3e-5,38.31840586166966,-76.84611552381966,-81.77214414728455,2.908586001925008,-0.6074358358155366,0.03526920980959336,0.0024752999999999997,1.0,0.5408769515707321,0.022200000000000004,0.149553513097907,0.57,0.8556288707523761
0.2616121662147942,9.35e-5,40.48008631604175,-77.82626709978378,-82.8529843744706,2.922340774727804,-0.700108937262028,0.037814395052378935,0.0024752999999999997,1.0,0.536906678486869,0.022200000000000004,0.149553513097907,0.57,0.8556288707523761
0.2580617874692004,9.400000000000001e-5,42.65100098609203,-78.80973827880841,-83.93844170949573,2.9329817511263663,-0.7948701071443054,0.04031420758544002,0.0024752999999999997,1.0,0.5328587505473292,0.022200000000000004,0.149553513097907,0.57,0.8556288707523761
0.25451648840555835,9.45e-5,44.82395844322251,-79.78282917231346,-85.02492043806097,2.944201637603604,-0.8903105227528932,0.04278597595675904,0.0024752999999999997,1.0,0.52879845144809,0.022200000000000004,0.149553513097907,0.57,0.8556288707523761
0.25153946829502294,9.5e-5,46.98386355267185,-80.62030753697802,-86.10487299278564,2.9999994689153944,-0.9725881329832491,0.04707508828189333,0.0024752999999999997,1.0,0.5253745835321194,0.022200000000000004,0.149553513097907,0.57,0.8556288707523761
0.2478925976248066,9.55e-5,49.13737137200472,-81.59584712028949,-87.18162690245208,2.9999991541688753,-1.071614771085416,0.04918724219368664,0.0024752999999999997,1.0,0.5211619188384513,0.022200000000000004,0.149553513097907,0.57,0.8556288707523761
0.24425212181546924,9.6e-5,51.27308549979118,-82.55238279111992,-88.24948396634531,2.9999994606842937,-1.1708967352597555,0.051061572348843454,0.0024752999999999997,1.0,0.5169358696784717,0.022200000000000004,0.149553513097907,0.57,0.8556288707523761
0.24066178755001758,9.650000000000001e-5,53.385055840671455,-83.48787331507393,-89.30546913678545,2.999999555925409,-1.2696408492828373,0.05282623469199588,0.0024752999999999997,1.0,0.5127470993025823,0.022200000000000004,0.149553513097907,0.57,0.8556288707523761
0.2371070924330477,9.7e-5,55.46798541406851,-84.39979637809537,-90.34693392348397,2.9999984726730338,-1.3678734711346336,0.05438822855266923,0.0024752999999999997,1.0,0.5085788296845819,0.022200000000000004,0.149553513097907,0.57,0.8556288707523761
0.23360373946031862,9.75e-5,57.51723319413803,-85.28626403794885,-91.37155781351873,2.9999992839946326,-1.4653959961282468,0.05576082333885135,0.0024752999999999997,1.0,0.5044496415702886,0.022200000000000004,0.149553513097907,0.57,0.8556288707523761
0.2290101772523522,9.8e-5,59.53269772570515,-86.3563948441689,-92.3792900793023,2.913638409439101,-1.5916328934792756,0.05334219493644565,0.0024752999999999997,1.0,0.4990026895937659,0.022200000000000004,0.149553513097907,0.57,0.8556288707523761
0.22550628129925107,9.85e-5,61.49595905662393,-87.19912792898394,-93.36092074476169,2.9057746758002607,-1.6902226904554962,0.053987638184717746,0.0024752999999999997,1.0,0.4948220081672089,0.022200000000000004,0.149553513097907,0.57,0.8556288707523761
0.22207161417365823,9.900000000000001e-5,63.412746125466626,-88.01019512835245,-94.31931427918303,2.89836914585157,-1.7873131159184312,0.05443814774886513,0.0024752999999999997,1.0,0.49070152373513076,0.022200000000000004,0.149553513097907,0.57,0.8556288707523761
0.21870444205352765,9.95e-5,65.28063175113486,-88.7884799780729,-95.25325709201715,2.8914867798987243,-1.8829901773128455,0.054701307940170585,0.0024752999999999997,1.0,0.48663985129613596,0.022200000000000004,0.149553513097907,0.57,0.8556288707523761
0.21540617785020977,0.0001,67.09770089863987,-89.5343044955825,-96.16179166576966,2.8848861343829335,-1.9771696716055107,0.05481491049587772,0.0024752999999999997,1.0,0.4826394137725532,0.022200000000000004,0.149553513097907,0.57,0.8556288707523761
