source,cl_newtrinos,cl_bahcall,ga_newtrinos,ga_bahcall
pp,0.0,0.0,70.66773603764969,69.6
pep,0.22416000000000144,0.22,2.8807922400000003,2.9
hep,0.034692520972544834,0.03,0.05636075217994767,0.1
be7,1.1559936849000079,1.17,34.75304771907359,34.8
b8,6.640974701626558,6.64,14.030328783712335,14.0
n13,0.09978434585963504,0.1,3.453851475508201,3.5
o15,0.35258297170578934,0.34,5.729762575835905,5.7
f17,0.004184109081484396,0.0,0.06773302904436397,0.1
total,8.51237233414602,8.5,131.63961261300403,130.54
