c0,c1
0.170,1.119318e+02
0.175,1.063382e+02
0.180,1.007958e+02
0.185,9.555350e+01
0.190,9.055459e+01
0.195,8.585399e+01
0.200,8.136618e+01
0.205,7.704717e+01
0.210,7.298007e+01
0.215,6.920812e+01
0.220,6.568581e+01
0.225,6.244939e+01
0.230,5.945863e+01
0.235,5.199892e+01
0.240,4.436299e+01
0.245,3.746872e+01
0.250,3.124458e+01
0.255,2.569789e+01
0.260,2.076841e+01
0.265,1.645815e+01
0.270,1.271155e+01
0.275,9.527281e+00
0.280,6.860807e+00
0.285,4.702256e+00
0.290,3.015074e+00
0.295,1.788025e+00
0.300,9.849409e-01
0.305,5.948431e-01
0.310,5.912553e-01
0.315,9.543191e-01
0.320,1.661129e+00
0.325,2.694771e+00
0.330,4.036348e+00
0.335,5.666135e+00
0.340,7.567312e+00
0.345,9.720155e+00
0.350,1.210887e+01
0.355,1.471444e+01
0.360,1.752494e+01
0.365,2.052128e+01
0.370,2.369169e+01
0.375,2.701746e+01
0.380,3.048891e+01
0.385,3.408797e+01
0.390,3.780511e+01
0.395,4.162388e+01
0.400,4.553577e+01
0.405,4.952471e+01
0.410,5.358296e+01
0.415,5.769698e+01
0.420,6.185868e+01
0.425,6.605515e+01
0.430,7.027955e+01
0.435,7.452011e+01
0.440,7.877020e+01
0.445,8.301898e+01
0.450,8.726137e+01
0.455,9.149029e+01
0.460,9.569800e+01
0.465,9.987549e+01
0.470,1.040200e+02
0.475,1.081256e+02
0.480,1.121863e+02
0.485,1.161961e+02
0.490,1.201522e+02
0.495,1.240515e+02
0.500,1.278903e+02
0.505,1.316624e+02
0.510,1.353695e+02
0.515,1.390095e+02
0.520,1.425806e+02
0.525,1.460813e+02
0.530,1.495104e+02
0.535,1.528676e+02
0.540,1.561510e+02
0.545,1.593623e+02
0.550,1.625021e+02
0.555,1.655701e+02
0.560,1.685707e+02
0.565,1.715054e+02
0.570,1.743746e+02
0.575,1.771803e+02
0.580,1.799270e+02
0.585,1.826172e+02
0.590,1.849966e+02
0.595,1.860683e+02
0.600,1.871839e+02
0.605,1.883235e+02
0.610,1.895103e+02
0.615,1.907478e+02
0.620,1.920397e+02
0.625,1.933889e+02
0.630,1.947984e+02
0.635,1.962721e+02
0.640,1.978134e+02
0.645,1.994249e+02
0.650,2.011098e+02
0.655,2.028394e+02
0.660,2.046475e+02
0.665,2.065371e+02
0.670,2.085108e+02
0.675,2.105722e+02
0.680,2.127242e+02
0.685,2.149697e+02
0.690,2.173114e+02
0.695,2.197502e+02
0.700,2.222906e+02
0.705,2.248973e+02
0.710,2.276098e+02
0.715,2.304301e+02
0.720,2.333608e+02
0.725,2.364040e+02
0.730,2.395620e+02
0.735,2.428372e+02
0.740,2.462312e+02
0.745,2.497462e+02
0.750,2.533833e+02
0.755,2.571022e+02
0.760,2.609460e+02
0.765,2.649161e+02
0.770,2.690138e+02
0.775,2.732401e+02
0.780,2.775962e+02
0.785,2.820837e+02
0.790,2.867034e+02
0.795,2.914563e+02
0.800,2.963425e+02
0.805,3.013190e+02
0.810,3.064304e+02
0.815,3.116765e+02
0.820,3.170577e+02
0.825,3.225750e+02
0.830,3.282280e+02
