dm2_31,channel,max_abs_spray_vs_bruteforce,max_abs_ray_vs_bruteforce
0.0025,P(νμ → νe),3.764853883300723e-6,1.9861653360903064e-5
0.0025,P(νμ → νμ),4.291985383081398e-5,0.0002604329537168881
0.02,P(νμ → νe),3.1216503845653276e-5,0.0012946293731423142
0.02,P(νμ → νμ),0.00040634789241705827,0.01770176547855118
0.2,P(νμ → νe),0.0002086984958800317,0.04562796546254302
0.2,P(νμ → νμ),0.0028140603525783625,0.5894288555359858
1.0,P(νμ → νe),0.00020532462750230684,0.03813458092545528
1.0,P(νμ → νμ),0.002846101418085445,0.5956924986841127
10.0,P(νμ → νe),0.00019737737871049904,0.03710580889960027
10.0,P(νμ → νμ),0.002785415362321908,0.5049531052953211
