zenith_deg,Kamioka_newtrinos,Kamioka_bahcall,Sudbury_newtrinos,Sudbury_bahcall,Gran_newtrinos,Gran_bahcall
0.25,0.0,0.0,0.0,0.0,0.0,0.0
0.75,0.0,0.0,0.0,0.0,0.0,0.0
1.25,0.0,0.0,0.0,0.0,0.0,0.0
1.75,0.0,0.0,0.0,0.0,0.0,0.0
2.25,0.0,0.0,0.0,0.0,0.0,0.0
2.75,0.0,0.0,0.0,0.0,0.0,0.0
3.25,0.0,0.0,0.0,0.0,0.0,0.0
3.75,0.0,0.0,0.0,0.0,0.0,0.0
4.25,0.0,0.0,0.0,0.0,0.0,0.0
4.75,0.0,0.0,0.0,0.0,0.0,0.0
5.25,0.0,0.0,0.0,0.0,0.0,0.0
5.75,0.0,0.0,0.0,0.0,0.0,0.0
6.25,0.0,0.0,0.0,0.0,0.0,0.0
6.75,0.0,0.0,0.0,0.0,0.0,0.0
7.25,0.0,0.0,0.0,0.0,0.0,0.0
7.75,0.0,0.0,0.0,0.0,0.0,0.0
8.25,0.0,0.0,0.0,0.0,0.0,0.0
8.75,0.0,0.0,0.0,0.0,0.0,0.0
9.25,0.0,0.0,0.0,0.0,0.0,0.0
9.75,0.0,0.0,0.0,0.0,0.0,0.0
10.25,0.0,0.0,0.0,0.0,0.0,0.0
10.75,0.0,0.0,0.0,0.0,0.0,0.0
11.25,0.0,0.0,0.0,0.0,0.0,0.0
11.75,0.0,0.0,0.0,0.0,0.0,0.0
12.25,0.0,0.0,0.0,0.0,0.0,0.0
12.75,9.328145775750935e-5,8.758994700808208e-5,0.0,0.0,0.0,0.0
13.25,0.001179427077144608,0.0011813992852534325,0.0,0.0,0.0,0.0
13.75,0.0012137842333802243,0.0012116492669521938,0.0,0.0,0.0,0.0
14.25,0.001242450497609369,0.001239849249891204,0.0,0.0,0.0,0.0
14.75,0.0012714825564885148,0.0012755492282927171,0.0,0.0,0.0,0.0
15.25,0.0013015178358215004,0.0013042992108989776,0.0,0.0,0.0,0.0
15.75,0.0013339537944623157,0.0013346491925372386,0.0,0.0,0.0,0.0
16.25,0.0013596574986427627,0.001360049177170248,0.0,0.0,0.0,0.0
16.75,0.0013941590511023704,0.001401199152274513,0.0,0.0,0.0,0.0
17.25,0.001422596825368452,0.0014169491427457688,0.0,0.0,0.0,0.0
17.75,0.0014490621586642873,0.0014469991245655298,0.0,0.0,0.0,0.0
18.25,0.001481570691461141,0.0014797491047517917,0.0,0.0,0.0,0.0
18.75,0.001504202605435455,0.0015120490852103036,0.0,0.0,0.0001161398928222971,0.000110054931215668
19.25,0.0015399630412216926,0.0015417490672418144,0.0,0.0,0.0014756244221618973,0.0014781990761255775
19.75,0.0015681947214571013,0.0015635490540528223,0.0,0.0,0.0015087413828493508,0.001505199059250588
20.25,0.0015940797087749558,0.0015940490356003338,0.0,0.0,0.0015328012720188335,0.0015302490435943478
20.75,0.0016212889625406247,0.001613549023802841,0.0,0.0,0.0015588903508104266,0.0015646990220631112
21.25,0.0016482334878765857,0.0016621989943696085,0.0,0.0,0.0015900414228943159,0.0015907490057818713
21.75,0.0016765659577979604,0.0016778489849013645,0.0,0.0,0.0016202067531182213,0.0016189989881256325
22.25,0.0017031366079650085,0.001701598970532623,0.0,0.0,0.001639967249878296,0.0016412989741881412
22.75,0.0017438224495248402,0.0017331489514448846,0.0004639028837397199,0.0004542897819409047,0.001674889786499861,0.0016829989481256574
23.25,0.001756340650799963,0.0017719489279708989,0.0016717491979337663,0.0016814491929043874,0.001694332327880439,0.001694098941188162
23.75,0.0017934611189172414,0.001778448924038401,0.0017005622616924347,0.0016911991882243896,0.0017266108793223911,0.001722848923219423
24.25,0.001819362017374296,0.001834698890007172,0.001727535633459472,0.0017391991651844007,0.0017582330038555586,0.0017545989033756855
24.75,0.0018426828294540235,0.0018340988903701716,0.0017531842084022838,0.0017475491611764027,0.001781585632958424,0.0017859988837506976
25.25,0.0018701572278475925,0.0018833988605436896,0.001782744794151498,0.001788049141736412,0.001809403252150816,0.0018146488658444587
25.75,0.0019080386052167315,0.0019014988495931963,0.0018045645812840687,0.0017986991366244146,0.0018370318746481064,0.0018341988536257165
26.25,0.001924745718466303,0.0019262488346194553,0.0018371529524891406,0.001844799114496425,0.0018630197624723021,0.001863548835281978
26.75,0.001959647375023789,0.001971898807001222,0.0018634070522296428,0.0018578491082324282,0.0018886211795922341,0.0018806488245944847
27.25,0.0019865017605781654,0.0019614988132932182,0.0018913453489412925,0.0018923490916724361,0.0019176997404615214,0.0019318987925632549
27.75,0.0020084791636708066,0.002040048765770497,0.0019160974639066694,0.0019154490805844413,0.0019430865586489037,0.0019442987848132594
28.25,0.002038458295277442,0.0020362487680694956,0.0019467820237460461,0.0019455490661364485,0.0019751495468814666,0.001966548770907018
28.75,0.002073042286144302,0.002056298755939253,0.001967686336444231,0.0019749990520004554,0.0019963501128199453,0.0019977987513757805
29.25,0.0020998670254136556,0.0021229487156160273,0.0020016243722611824,0.0019983990407684603,0.0020332541812502457,0.002038148726157046
29.75,0.0021258623213850376,0.002115648720032525,0.0020212309932426476,0.002022349029272466,0.002052620256640001,0.002040248724844547
30.25,0.002154589122833776,0.0021367987072367822,0.002051990030725492,0.002060299011056475,0.0020731459140919174,0.0021004486872195703
30.75,0.0021743782326493883,0.0022142486603795608,0.0020837814024096133,0.002074599004192478,0.002110168256669054,0.0020946486908445684
31.25,0.002215921652028971,0.002203198667064807,0.0021031169745788347,0.002096348993752483,0.0021403479898735953,0.002147448657844589
31.75,0.00224289454625708,0.0022141986604098107,0.002133614924760423,0.002147498969200495,0.0021679521794233767,0.002163298647938345
32.25,0.0022670310115228405,0.002304298605899344,0.002157497069001388,0.002165048960776499,0.0021846168679271766,0.0021872986329383544
32.75,0.0022908309330445975,0.0022967486104670913,0.0021864039612344392,0.002182998952160503,0.0022221222914623694,0.002235148603032123
33.25,0.0023270682995765245,0.0023058486049615944,0.00221250010760865,0.0022186989350245112,0.002245620229879296,0.002219498612813367
33.75,0.0023546226268569065,0.0023673985677238668,0.0022485059536971994,0.0022376989259045156,0.0022752070396434084,0.0023046985595634
34.25,0.002385894409455947,0.0024019485468211293,0.0022667506076768404,0.0022773489068725248,0.002299102479517327,0.0022968985644383974
34.75,0.002405877805122783,0.00240234854657913,0.002299628608086211,0.0022922988996965286,0.002332868336217842,0.0023152985529384046
35.25,0.0024471555960582183,0.0024187485366571355,0.0023249740636927174,0.0023372488781205386,0.002358340609181705,0.0023870485080946823
35.75,0.002474753086838255,0.00251339847939392,0.0023492093560894688,0.0023401988767045396,0.002384748666579756,0.002375398515375928
36.25,0.0025040232828437226,0.002505348484264167,0.0023789268566748465,0.002399698848144553,0.0024165984424921764,0.002395998502500936
36.75,0.002534717113155885,0.002517448476943672,0.0024127059469141155,0.0023885488534965507,0.0024434608342261575,0.0024798484500947186
37.25,0.002567246883044908,0.002559898451261437,0.002435415354504407,0.002435698830864561,0.0024748531906508705,0.0024634984603134624
37.75,0.0026005885903672608,0.0026283984098189623,0.0024632479215030557,0.002486198806624573,0.0024988004431069893,0.002473098454313466
38.25,0.0026233661538852576,0.0026208484143867097,0.0024928526512833006,0.0024626488179285673,0.0025258724876054167,0.0025707483932822543
38.75,0.0026606874976539863,0.0026365484048882152,0.002520179526050112,0.0025574487724245895,0.002562537037433527,0.00255904840059475
39.25,0.0026929897330037426,0.0027080483616307416,0.002554177725050825,0.0025455987781125866,0.0025863323971801007,0.002566948395657253
39.75,0.0027266560839819863,0.0027428983405465043,0.0025720541869738156,0.002547198777344587,0.0026171437662328434,0.0026322483548447784
40.25,0.0027514178737142302,0.002742248340939754,0.002608652036508793,0.0026499487280246107,0.0026521185042968254,0.002667998332501042
40.75,0.0027915753199861323,0.0027879983132610207,0.0026384040545467196,0.002632448736424607,0.0026785449186706614,0.0026654983340635412
41.25,0.002821690515223645,0.002843798279502041,0.002668056260497447,0.002637698733904608,0.0027080711644468336,0.0026809483244072973
41.75,0.0028547657210683444,0.0028539482733612952,0.002694356466194658,0.0027296486897686293,0.0027332684929317393,0.0027837982601260874
42.25,0.0028895725374171793,0.0028760482599908027,0.0027241073050946374,0.0027295486898166288,0.0027778510873037138,0.002772148267407333
42.75,0.002929106407395899,0.002930948226776323,0.002754381665330453,0.00273299868816063,0.002792435294739249,0.002782298261063587
43.25,0.002955755586779729,0.0029848481941668428,0.0027819860324516635,0.002786848662312642,0.0028406744839674382,0.0028272982329386044
43.75,0.002996821437111521,0.0029761481994303395,0.0028173764132175872,0.0028454986341606555,0.002867678814710469,0.002900598187126133
44.25,0.0030393994331246563,0.003048098155900616,0.002844868806647427,0.002833748639800653,0.0028965913119765063,0.0028900481937198788
44.75,0.003074535136182405,0.003090748130097382,0.002878095303791334,0.0028478486330326563,0.0029225635973338313,0.002904898184438635
45.25,0.00311371319472887,0.003102998122686136,0.002907541729455773,0.00295064858368868,0.0029705508169064632,0.0029813481366574145
45.75,0.0031493831877728255,0.003149298094674653,0.0029400389816336275,0.0029437485870006785,0.002993552815524019,0.0030179981137511787
46.25,0.003190232515771581,0.0032055980606131734,0.0029682248260162873,0.00295174858316068,0.003035002362602018,0.0030141981161261773
46.75,0.0032328584235154926,0.0032374980413136852,0.0030054330301127075,0.00299224856372069,0.003057343306904713,0.0030630480855949466
47.25,0.0032761088301104997,0.0032762480178699497,0.0030369984728124623,0.003076348523352709,0.003105403611406481,0.0031219480487824696
47.75,0.0033147320824358914,0.0033086479982679614,0.0030587171301356807,0.003062848529832706,0.003130940872859807,0.003130948043157473
48.25,0.0033651448934611614,0.0033664479632989825,0.003113544923687486,0.0030766985231847088,0.0031726225596461224,0.003153048029344982
48.75,0.0034052487504966492,0.0034134979348337496,0.0031326010016561536,0.0031426984915047243,0.003208299783402823,0.0032118979925637547
49.25,0.003458057690365826,0.003463097904825768,0.0031660789866653186,0.0032037484622007384,0.0032417654803951674,0.0032684479572200266
49.75,0.0035082016974194385,0.0035033978804442827,0.0032154001908559437,0.003189498469040735,0.0032791655672986674,0.0032572479642200224
50.25,0.0035580824370455254,0.003561197845475304,0.00323488778491547,0.003232498448400745,0.003315163925277818,0.0033341479161575526
50.75,0.003604442767289325,0.003601597821033319,0.0032681810749403623,0.0033002484158807604,0.0033697820617885955,0.0033785978883763197
51.25,0.003654003814350811,0.0036641977831603414,0.003310574635304424,0.003311848410312763,0.003390288886877463,0.0033898978813138242
51.75,0.0037242594122837195,0.003744947734306621,0.0033544044938553564,0.003321498405680765,0.0034484225445910372,0.0034391978505013436
52.25,0.0037887065120087867,0.0037673477207546295,0.0033827191232091245,0.003398648368648783,0.0034831802376729965,0.0034985978133763667
52.75,0.0038361613583532714,0.0038436476745931573,0.0034256648654829667,0.0034484483447447946,0.0035261409706251598,0.0035317477926576296
53.25,0.00391123777356687,0.003929147622865689,0.0034568390003516095,0.0034403983486087928,0.0035710326809223615,0.003572097767438895
53.75,0.003978846036077943,0.003983647589893209,0.0034975694197888043,0.0035124983140008095,0.0036154523181677807,0.0036056477464701587
54.25,0.004056198558205706,0.00404089755525698,0.0035415653646864533,0.00355999829120082,0.0036629360727741035,0.0036673977078764326
54.75,0.00413807639194457,0.004142897493547017,0.0035885641022437406,0.0035617982903368207,0.003706593551162664,0.0037159976775014516
55.25,0.00423282835883274,0.004229597441093549,0.0036270105569924734,0.0036370482542168385,0.003756087492503294,0.0037689476444077224
55.75,0.00431833295407194,0.00434279737260759,0.003664285840078514,0.0036821982325448486,0.00381222044517062,0.0038111976180014886
56.25,0.004442426473423905,0.004444647310988377,0.0037085541099087876,0.0037075982203528543,0.0038701623688713956,0.003872347579782763
56.75,0.004551916708116346,0.004536647255328411,0.003764204779994095,0.0037460982018728633,0.003918752528608356,0.003914397553501529
57.25,0.004696832395218095,0.0047273471399549806,0.0038046709807349065,0.0038158481683928792,0.0039766372152111144,0.003980747512032805
57.75,0.004871106882281376,0.004873147051746034,0.0038439300349764447,0.0038601481471288897,0.0040478256272684365,0.004067147458032839
58.25,0.005088310899101144,0.005083996924181862,0.0038943808299219044,0.0039033481263928992,0.004102714975660064,0.004089847443845347
58.75,0.005376709016905712,0.005382996743286971,0.003957485488098708,0.003958798099776913,0.0041662705961553964,0.0041708973931891295
59.25,0.005851031840789823,0.005842496465289639,0.004000008019544495,0.003998898080528921,0.004233918443531117,0.004262297336064165
59.75,0.007153477478310132,0.007130995685747611,0.004055093403161012,0.004068848046952937,0.00432659861035328,0.004318647300845437
60.25,0.006174350605053767,0.006168496268059759,0.00411961949088254,0.004105798029216946,0.004395084458382655,0.004379497262814211
60.75,0.005578644969003143,0.005566996631967038,0.004164761346566911,0.004183997991680964,0.004480183209774473,0.004488547194658003
61.25,0.005263567647293386,0.0052584968186094256,0.004238093160094804,0.004222097973392973,0.0045782865368602195,0.00458094713690804
61.75,0.005053195601580055,0.00505199694354185,0.00429586801465089,0.0042991979363849915,0.004682242106633134,0.004701197061751836
62.25,0.004904096850011507,0.0048959970379217925,0.004363000626904737,0.004386647894409011,0.004798872372375977,0.00480964699397063
62.75,0.004776595070712709,0.0047725971125787475,0.004435448241317294,0.004418247879241019,0.004925785729829831,0.004907096933064417
63.25,0.00466817708451517,0.00467064717425846,0.004508185484000743,0.004502897838609038,0.005087853507608573,0.005110996805626997
63.75,0.004588485596502409,0.004583697226863178,0.0045871343480886565,0.004612947785785063,0.0052642108109657105,0.005266996708127057
64.25,0.004508277068153768,0.0045096472716634,0.0046729878849366725,0.00468774774988108,0.005490310381921069,0.005491496567814645
64.75,0.0044540862505405305,0.0044440473113513766,0.004774814917247696,0.0047740477084571,0.0058017001391401845,0.00581149636781477
65.25,0.0043804739689764765,0.004385697346653106,0.004862920052852462,0.004871547661657122,0.006319254344187639,0.006302496060939962
65.75,0.004338215402437835,0.004333697378113087,0.004987254272197289,0.004975897611569147,0.0076989581321439925,0.007682995198128001
66.25,0.004291794285975313,0.00428714740627582,0.005101906564957514,0.0050829975601611715,0.006663152243531805,0.006649495844065097
66.75,0.004247168540704389,0.004244897431837055,0.005244740574285175,0.005285997462721218,0.006007490088062621,0.006002496248439845
67.25,0.0042086016451026624,0.00420474745612779,0.005399104504173815,0.0053724974212012375,0.005680885136519226,0.005671496455314716
67.75,0.004168747760786965,0.004170197477030527,0.005612524394365135,0.005622497301201295,0.005453946219873286,0.005448496594689629
68.25,0.004143593322470191,0.004137297496935015,0.005861846803618973,0.005897997168961359,0.005286137658078342,0.005281496699064563
68.75,0.004103379334141294,0.004107097515206003,0.006228734933834733,0.006221497013681433,0.0051537873587443545,0.005148496782189512
69.25,0.004074945783502772,0.0040785475324787435,0.006833801996379092,0.0068204967261615715,0.005044280926219016,0.005038996850626969
69.75,0.004052203643142966,0.004052247548390234,0.008184985639478358,0.00815649608488188,0.004939199877986443,0.004945946908783182
70.25,0.0040362435490949354,0.004028347562849725,0.006828755389525519,0.0068224967252015715,0.0048731546834789585,0.0048658469588456505
70.75,0.004003923085799164,0.004005747576522716,0.00627175414491171,0.006256496996881441,0.004800964908220166,0.004795797002626874
71.25,0.003991214720807318,0.003984297589499959,0.005942610498023966,0.005940497148561368,0.0047334839004663015,0.00473369704143935
71.75,0.003956442332941763,0.003963997601781451,0.0057290107212168845,0.005721497253681318,0.004678912811846823,0.004678197076126828
72.25,0.003954545133608982,0.0039452476131251945,0.005555373792058099,0.00555499733360128,0.004634189814956474,0.004628347107283058
72.75,0.00392337965143015,0.003928397623319439,0.005426455450691335,0.005421997397441249,0.004590093551521862,0.004583147135533041
73.25,0.003916213724512727,0.003910697634027931,0.005313368099029125,0.0053114974504812245,0.0045435906366253324,0.0045419471612830244
73.75,0.003902615854458024,0.0038964976426189265,0.005215802761780084,0.005217997495361203,0.004498116564667154,0.00450434718478301
74.25,0.0038774516350371627,0.003881297651814921,0.005146201823797427,0.005136997534241184,0.0044766854965381285,0.004469847206345496
74.75,0.003861948824158463,0.003867547660133666,0.005066172011198903,0.005066497568081168,0.004442274493451881,0.0044379972262517334
75.25,0.003856076760328066,0.003854497668028911,0.00500390567929308,0.005003497598321153,0.004404736788229772,0.004408597244626723
75.75,0.0038481019931836634,0.0038418476756821567,0.004956445495296912,0.004947847625033141,0.004375667665770554,0.0043815472615329615
76.25,0.0038305449401013995,0.0038302476827001522,0.004891829510639336,0.0048976976491051285,0.004362482260374617,0.004356347277282952
76.75,0.003818705630670577,0.0038196476891131487,0.004864088564015987,0.0048524976708011185,0.004338909065558295,0.004333047291845442
77.25,0.0038085754204522974,0.0038092976953748945,0.004806623895862592,0.004811397690529109,0.004308519364996974,0.004311347305407934
77.75,0.0038037620719253186,0.0037998977010618917,0.004772150330213281,0.0047740477084571,0.004296863408284856,0.004291147318032926
78.25,0.003787736675030263,0.0037905977066883876,0.0047421650356172336,0.004739947724825092,0.004273387957621068,0.004272397329751669
78.75,0.0037846954398158827,0.003781897711951885,0.004722995101762734,0.004708647739849085,0.004253162655804132,0.004254897340689162
79.25,0.003779069484642211,0.0037742977165498817,0.004668406540417362,0.004680047753577078,0.004233434447651118,0.004238697350814156
79.75,0.00375827492442599,0.0037660477215411287,0.004659013469572317,0.004653797766177072,0.004233158069596665,0.0042235473602829
80.25,0.00376126417123392,0.0037592477256551265,0.004636140820386749,0.004629647777769067,0.004208442798526233,0.004209497369064144
80.75,0.003758003051351672,0.003752397729799374,0.004607003924889573,0.004607447788425062,0.004196113705495488,0.004196447377220389
81.25,0.0037413560773045373,0.0037463977334293718,0.004585009697788897,0.004587047798217057,0.004185898024830495,0.004184347384782884
81.75,0.0037456940463977515,0.0037405977369383697,0.004572643967119181,0.004568397807169053,0.004167512197698257,0.00417309739181413
82.25,0.0037342528513139767,0.0037349477403566173,0.0045493343503134245,0.004551247815401048,0.004160793746280128,0.004162697398314126
82.75,0.00373285279455649,0.0037303477431396156,0.004548780208889,0.004535497822961045,0.004155524732316593,0.004153147404282873
83.25,0.003730403166723851,0.003725747745922614,0.004509813445540431,0.004521197829825042,0.0041492086965958935,0.004144397409751619
83.75,0.003715557011365484,0.0037213477485846125,0.004513003104465406,0.004508147836089039,0.00413795679769332,0.004136297414814116
84.25,0.003717005333186174,0.003717447750944111,0.004491265836344546,0.004496347841753036,0.004131017763054379,0.004128997419376613
84.75,0.0037128038469555714,0.00371379775315236,0.00449007793926541,0.004485697846865033,0.00412168970828876,0.00412239742350161
85.25,0.0037161859968417544,0.0037108977549068587,0.004473396066411623,0.004476097851473032,0.004112332051187539,0.004116347427282859
85.75,0.0037061227118749553,0.0037072977570848575,0.0044641887868682555,0.004467697855505029,0.004116102730328368,0.004111097430564106
86.25,0.003705379225925037,0.0037058977579318567,0.00447883153311945,0.004460297859057028,0.004108562653067874,0.004106397433501604
86.75,0.0037071660589068603,0.003703097759625856,0.004445880107540792,0.004453747862201027,0.004102767104380309,0.004102347436032853
87.25,0.003690462404503771,0.003700997760896355,0.004447620382058646,0.0044483478647930254,0.004096452917246468,0.004098847438220352
87.75,0.0037037453140828518,0.0036999477615316046,0.00443897041528178,0.004443847866953024,0.004101306435073155,0.0040959974400016
88.25,0.003696606665759342,0.0036988477621971044,0.004444626922185996,0.0044402478686810225,0.004099177015004322,0.004093697441439099
88.75,0.0036967989881304467,0.0036970477632861038,0.004436006846958735,0.004437547869977023,0.0040821769312709665,0.004091997442501599
89.25,0.0037079424277528966,0.0036969477633466037,0.0044421071208128856,0.004435847870793022,0.004100167495447074,0.004090897443189098
89.75,0.0036937680173418194,0.0036968477634071032,0.00443332713850619,0.004434897871249022,0.004083462981632567,0.0040902974435640975
90.25,0.0036926191310755452,0.0036963977636793534,0.004435015946017123,0.0044349978712010215,0.0040914551801010035,0.004090397443501598
90.75,0.003701365467714132,0.0036968977633768537,0.004435348475499952,0.004435897870769022,0.00409896473619841,0.004090897443189098
91.25,0.003696539200506626,0.003698047762681104,0.004444119671546472,0.004437647869929022,0.004086450845748414,0.004092097442439099
91.75,0.0036968870438612443,0.003698547762378604,0.004437376734291259,0.0044404478685850235,0.004092794238571313,0.004093847441345349
92.25,0.0036991338708342644,0.0036997477616526045,0.004440122331623941,0.004444047866857024,0.004096239877774482,0.004096197439876601
92.75,0.0036966571290534132,0.003701147760805605,0.004446692266919303,0.004448647864649025,0.004102611236129656,0.004099047438095351
93.25,0.0037088564675834892,0.0037036477592931063,0.004456999909078096,0.004454147862009026,0.004099440195309395,0.0041025974358766025
93.75,0.003703242167906156,0.003705547758143607,0.004463716039990332,0.0044605978589130285,0.004113399102625922,0.004106597433376605
94.25,0.0037099770285144522,0.0037079477566916074,0.004469069664967484,0.00446819785526503,0.004106749985361336,0.004111397430376606
94.75,0.0037101393206962876,0.003711247754695109,0.004468065788122695,0.004476647851209032,0.004127941035796379,0.004116747427032858
95.25,0.003713566614692725,0.00371394775306161,0.004493951172529058,0.004486197846625034,0.004107981645560094,0.0041227474232828605
95.75,0.0037193995681434775,0.0037176977507928613,0.004495023360361615,0.004496997841441037,0.004128613348543442,0.0041293974191266136
96.25,0.0037193844061946466,0.0037214977484938626,0.0045088130275496435,0.004508797835777039,0.004137120764716673,0.004136797414501616
96.75,0.0037232145594257465,0.0037258477458621143,0.00452110599801864,0.004521947829465042,0.004149629810756785,0.00414489740943912
97.25,0.0037389346993735007,0.003730397743109366,0.004540786742849173,0.004536347822553045,0.004154410047794522,0.004153697403939122
97.75,0.0037343027987064487,0.003735847739812118,0.004545397720806576,0.0045520978149930485,0.004168130561284651,0.004163297397939127
98.25,0.003745192264584665,0.0037404477370291196,0.0045727445495690085,0.004569247806761053,0.004168529506910997,0.004173747391407881
98.75,0.003740803706411476,0.0037471477329756218,0.004590415641860701,0.004588147797689057,0.004189668725751419,0.0041849473844078845
99.25,0.0037526896316114637,0.0037530477294061243,0.004607103840229189,0.004608597787873062,0.004187359335806329,0.004197197376751639
99.75,0.0037626491666818275,0.0037595977254433767,0.004638068584622811,0.004630747777241068,0.0042118629416575725,0.0042102973685641445
100.25,0.003760087130897874,0.003766897721026879,0.0046462425090348395,0.004655047765577073,0.004224592191435633,0.00422439735975165
100.75,0.0037784565519585157,0.0037745477163986323,0.0046818219258729634,0.004681447752905079,0.004240369123879883,0.004239547350282906
101.25,0.0037852766538951856,0.003782247711740135,0.004718936341930928,0.004710147739129085,0.004260333958608747,0.004255897340064162
101.75,0.003788451388409216,0.0037911477063556384,0.0047349983365599585,0.004741497724081093,0.004280566452534182,0.004273447329095419
102.25,0.0038014005036442772,0.0038004977006988916,0.004775425219458546,0.004775647707689101,0.004282664037921408,0.004292197317376677
102.75,0.0038131808477805834,0.0038100476949211454,0.0048133297897488825,0.004813297689617109,0.004307292424806129,0.004312547304657935
103.25,0.003814969171502596,0.003820347688689649,0.004851536263593338,0.004854447669865119,0.004339437881202555,0.004334147291157943
103.75,0.0038320534527032228,0.0038311976821254028,0.004907026471322313,0.004899797648097129,0.00435471758661005,0.004357697276439202
104.25,0.003846141729184767,0.003843097674925907,0.004954029723667054,0.004950147623929141,0.004388744343934064,0.004382897260689213
104.75,0.0038562338703618873,0.0038551476676356613,0.004996303313931619,0.005005997597121154,0.004406445276409124,0.004410097243689223
105.25,0.0038647076816829364,0.0038681976597404162,0.005073201449970966,0.0050689975668811674,0.00443759212295752,0.004439597225251735
105.75,0.003880283170741288,0.0038822476512401713,0.005133948182257419,0.005139997532801184,0.004476667311784149,0.004471447205345497
106.25,0.00389834644049534,0.0038966976424979266,0.005222883783907172,0.005220997493921203,0.004500931728833537,0.0045060971836892606
106.75,0.003917360270638067,0.003912197633120433,0.00531854735775811,0.005314997448801225,0.004541727982167187,0.0045438471600955255
107.25,0.003924455821162707,0.0039287476231076885,0.005421429782167906,0.00542599739552125,0.004587034929831262,0.004585147134283041
107.75,0.00394610696480144,0.0039467476122176945,0.005557614118985418,0.005559497331441282,0.004628539155648675,0.004630497105939309
108.25,0.003972922733428547,0.003965347600964703,0.005728151182846492,0.005726497251281319,0.0046924759249413785,0.0046805470746580785
108.75,0.0039782514379258895,0.003985447588804209,0.005947977556077277,0.005946997145441371,0.004731956357119348,0.004736247039845601
109.25,0.004013914037548766,0.0040067975758874665,0.006264776062724393,0.006264496993041444,0.004796134453717874,0.004798497000939374
109.75,0.0040284317226770665,0.004029497562153975,0.006836316393101483,0.0068329967201615745,0.004867427921941725,0.0048688469569706525
110.25,0.004051099540853254,0.004053997547331485,0.00818477688968759,0.008181996072641886,0.00494544580860057,0.004949246906720683
110.75,0.004078502362024273,0.004079997531601494,0.006833897948392214,0.006829996721601574,0.005045786946039377,0.00504249684843947
111.25,0.004105872595118524,0.004108297514480004,0.006216626564304304,0.006235497006961436,0.00514784542212239,0.005152496779689513
111.75,0.004138557922362869,0.004139497495604016,0.005865230909155604,0.005846497193681347,0.005285165323455318,0.005285996696252065
112.25,0.004167199410248091,0.004170997476546527,0.00561086963311826,0.0056134973055212934,0.00545497806877843,0.005453996591252131
112.75,0.004208747422366656,0.0042078974542220406,0.0054059409008456565,0.005410497402961247,0.005681147121470615,0.005677996451252218
113.25,0.004252513570952962,0.004246497430869055,0.005241500148954638,0.005267497471601213,0.006012637983151884,0.006010496243439848
113.75,0.004280651764439177,0.004288997405156571,0.0051022314832476195,0.005086497558481172,0.006660833874634033,0.006659995837502602
114.25,0.004345119603605099,0.004336247376570338,0.004990061755687768,0.00499119760422515,0.007702719991108205,0.0077109951806280125
114.75,0.004389666750897883,0.004388447344989358,0.004860920195803119,0.004871647661609122,0.006311237650120607,0.006303996060002462
115.25,0.004442169074567718,0.004446447309899378,0.004776569420020524,0.004766647712009098,0.005806694495858624,0.005813496366564771
115.75,0.004513595178551009,0.004511897270302152,0.004678688494570697,0.004676797755137078,0.005489665134685404,0.005499996562502148
116.25,0.004587187214551675,0.0045873472246549295,0.004577423858693907,0.004596097793873059,0.005259457778273708,0.005261996711252056
116.75,0.004672021179261586,0.004674147172140961,0.004517031949130534,0.004499397840289037,0.005090403469500535,0.005086996820626987
117.25,0.00477215974379289,0.004776147110430998,0.0044306557104316835,0.004436897870289022,0.004929242669351978,0.00491454692840817
117.75,0.004900135809058402,0.0049003470352900445,0.004362309988243778,0.004370647902089008,0.004800028869433686,0.00481154699278313
118.25,0.0050572950309574205,0.005056996940516851,0.004304029333097788,0.0042959479379449895,0.004674597086494973,0.004693047066845583
118.75,0.005261923434471337,0.005264996814676928,0.004235501749273765,0.004227897970608974,0.004589341837711403,0.004569397144126785
119.25,0.005578093308893051,0.005574496627429541,0.004166138874165088,0.004170097998352961,0.004481198811865827,0.004482797198251751
119.75,0.00617114111948257,0.006178496262009762,0.00411209153706665,0.004132448016424952,0.004398593616424441,0.00440149724906422
120.25,0.0071539743218740764,0.00715649567032012,0.004051428287444249,0.004055948053144935,0.0043083279474050405,0.004327597295251691
120.75,0.005861730029619667,0.0058429964649871395,0.004008234169680063,0.00399539808220892,0.004240832880366489,0.00422389736006415
121.25,0.005373815743719993,0.0053849967420769715,0.003951780164025982,0.0039566981007849115,0.004171310591849644,0.004181347386657884
121.75,0.005083019038008645,0.0050919969193418645,0.003889978094081375,0.0038941981307848974,0.004101434738597918,0.004091147443032848
122.25,0.00487260438237438,0.004868697054438283,0.0038517915348775518,0.0038507481516408875,0.004040410777283504,0.004050697468314083
122.75,0.004699236575375623,0.004705347153264972,0.003800431649612476,0.003812148170168878,0.003981863940667024,0.0039762975148140535
123.25,0.004558778329483122,0.004542347251879913,0.0037596302792688935,0.00373219820854486,0.003925082199869989,0.003918097551189031
123.75,0.004428386499826333,0.004447297309385129,0.0037132660321257728,0.0037370982061928613,0.0038528460299399655,0.0038594475878452575
124.25,0.004326624080726313,0.004334347377719837,0.0036676802938408874,0.0036461982498248403,0.0038141676814161937,0.003821347611657743
124.75,0.0042274854588677585,0.004219247447355295,0.003619566022067295,0.0036482482488408405,0.003767352471866593,0.0037508976556889654
125.25,0.004143889518262912,0.004137797496632515,0.0035903204264438947,0.003580148281528825,0.0037082385397729026,0.003729097669313957
125.75,0.004054481343459538,0.004060747543247737,0.003540552542491951,0.00351584831239281,0.0036651197825126438,0.0036437977226264234
126.25,0.003983222601921286,0.003991297585264961,0.0035030060610921057,0.0035311983050248137,0.003606810914448059,0.003632947729407669
126.75,0.003898929407671686,0.0038937976442524258,0.003454538078175034,0.0034524983428007956,0.0035744421399249372,0.0035552477779701385
127.25,0.003843860527774324,0.003853447668664161,0.0034228646710770623,0.0034023483668727842,0.0035248086286135236,0.0035433977853763844
127.75,0.0037821867901842395,0.0037686477199681302,0.003392455132242878,0.0034210483578967885,0.003483120448264771,0.003476197827376358
128.25,0.0037247503603800927,0.0037298977434118657,0.0033417803267231376,0.003336048398696769,0.0034492408460278434,0.003432997854376341
128.75,0.00366013719828564,0.0036598977857618398,0.00331564172017932,0.0032884484215447577,0.0033908887866978986,0.0034311478555325904
129.25,0.0036067945660414567,0.00360494781900657,0.0032740204322586485,0.0032900484207767583,0.003369583381738941,0.0033275979202513
129.75,0.003554479656946785,0.0035493478526445496,0.003238035888974114,0.0032574984364007508,0.0033119974186134014,0.0033467479082825574
130.25,0.0034994519173028116,0.003512597874878286,0.0032054801180983966,0.003176498475280732,0.003277973395732667,0.003279397950376281
130.75,0.0034613035140478744,0.003446397914929262,0.003170941136517932,0.0031654984805607293,0.00325013826263631,0.0032186979883137576
131.25,0.003411596232307485,0.003425097927815754,0.003132729224673795,0.003185248471080734,0.0032007188420566965,0.0032299979812512617
131.75,0.003356209539571971,0.003344797976397225,0.0031099715540365137,0.0030679485273847067,0.0031765462655879797,0.0031739980162512403
132.25,0.003318297701158741,0.0033338479830219707,0.0030597806721612054,0.003051398535328703,0.003129627202052288,0.0031093480566574644
132.75,0.003279648405534818,0.0032603480274894436,0.0030319812202031426,0.0030524485348247033,0.003109158532874499,0.003104998059376213
133.25,0.003228654782374849,0.0032482980347796893,0.0030103633841439183,0.003021948549464696,0.003061510952173712,0.003092348067282458
133.75,0.0031934589681709797,0.003184848073166916,0.0029685283714138053,0.0029438985869286783,0.003039976997041686,0.0030014481240949226
134.25,0.003153133570078855,0.0031438480979719013,0.0029378172612055335,0.0029312985929766753,0.0029846914890211905,0.0029888481319699173
134.75,0.003110138833448665,0.0031403481000893997,0.0029100998090350835,0.002942598587552678,0.0029665515699124263,0.0030142981160636777
135.25,0.0030733757547645214,0.0030439981583811142,0.002873739712453976,0.0028648486248726603,0.0029243887591028357,0.0028963981897511316
135.75,0.003036225734651708,0.0030597481488523703,0.0028504376818663797,0.002824448644264651,0.002899534319441326,0.0028791482005323748
136.25,0.0029963103639471644,0.0029963981871790973,0.002810894961881777,0.00282119864582465,0.0028681281852182302,0.0028756982026886236
136.75,0.0029670745131844963,0.002939348221694326,0.0027884498007221684,0.0028183986471686496,0.0028311037137323334,0.002857248214219866
137.25,0.0029245719421073435,0.002947598216703079,0.002751230274705314,0.0027238986925286275,0.002797111736201053,0.002774898265688584
137.75,0.002886180088667438,0.00289459824876806,0.0027274012920364826,0.0027124486980246248,0.0027778962492422017,0.002761048274344829
138.25,0.0028617033801447782,0.002834548285098288,0.0026947744108885177,0.0027159486963446258,0.002731173925201349,0.002772748267032333
138.75,0.002819207447436408,0.0028284982887585353,0.002663541781090154,0.0026675487195766145,0.0027143481360639202,0.0026993983128760545
139.25,0.0027903649402335417,0.002814648297137781,0.0026349420657319476,0.0026140487452566024,0.002678104680280564,0.002657398339126038
139.75,0.002753350939340664,0.0027300483483207495,0.0026177077529490785,0.0026268987390886053,0.002642276290031786,0.0026501983436260355
140.25,0.002728890100437983,0.002716648356427745,0.0025721092080538887,0.0025880987577125963,0.00262016421842453,0.0026558483400947876
140.75,0.0026864433051502533,0.002737298343934502,0.002545228479752981,0.002521398789728581,0.0025872310860788725,0.00255914840053225
141.25,0.0026610959213008286,0.0026291484093652123,0.0025183313391122877,0.0025376987819045846,0.002563815400319441,0.0025456984089384945
141.75,0.002631815640636958,0.002611298420164456,0.002501518020905902,0.002483748807800572,0.0025283122526061773,0.002551548405282247
142.25,0.002596668501978509,0.002605698423552454,0.00246435907748707,0.0024541488220085656,0.0025016062994998294,0.002504698434563478
142.75,0.0025702280019358923,0.002586898434926447,0.0024279867409703307,0.0024471988253445638,0.002476050826695952,0.002449398469125957
143.25,0.0025317417611834263,0.0025099984814509193,0.0024169627514585216,0.002407448844424555,0.0024411176311657395,0.002452898466938458
143.75,0.0025033344942264036,0.0024955484901931636,0.0023761741784318604,0.0023646488649685447,0.002410612268683828,0.0024208484869696957
144.25,0.0024732516471965066,0.0025035484853531665,0.002356098753982994,0.0023546488697685423,0.002386570349368617,0.0023739485162821775
144.75,0.0024382669049531815,0.0024352485266746415,0.002324322160171184,0.0023285988822725366,0.002358721101638744,0.0023558985275634204
145.25,0.0024140488167765928,0.0023944485513586267,0.002293857630501709,0.00229989889604853,0.0023338018351845013,0.0023343485410321618
145.75,0.0023849877735329103,0.0023863485562591238,0.002272055570200516,0.002262198914144521,0.002301956103774442,0.002299198563000898
146.25,0.0023533559695789437,0.0023883485550491245,0.0022468660292284917,0.0022480489209365183,0.0022695994491466194,0.002275598577750889
146.75,0.002322779383044779,0.002299198608984842,0.0022143345734009314,0.0021961989458245063,0.0022527819483396474,0.002241998598750876
147.25,0.0023034706392960525,0.0022848986176363367,0.0021840861069761484,0.0022056989412645085,0.0022156858869913157,0.0022154986153133656
147.75,0.0022594355817014767,0.0022867486165170873,0.002157028058424116,0.0021380489737364925,0.002186524754662604,0.002197348626657108
148.25,0.002247093921351176,0.0022420986435303207,0.0021359935661840997,0.002144698970544494,0.002168982322518647,0.002169698643938348
148.75,0.0022091112864302304,0.002190548674718052,0.0021019500520023924,0.0021032489904404847,0.002141529300994393,0.0021203986747508285
149.25,0.002184953615406867,0.0021900486750205516,0.0020828759027880376,0.002062399010048475,0.0021020233206001685,0.0021031986855008216
149.75,0.0021490989447651666,0.0021588486938965406,0.0020532483672716364,0.0020724490052244776,0.0020794234325414405,0.0020830486980945636
150.25,0.0021242422794857875,0.002114448720758524,0.002022315302731771,0.0020135490334964637,0.0020505841660479578,0.0020495987190008004
150.75,0.002094790715969806,0.002095248732374517,0.0019954999088413303,0.0019761490514484553,0.0020324267050999584,0.0020295987315007927
151.25,0.0020827048987778858,0.002072698746017259,0.0019716930543530716,0.0019728990530084546,0.0019970910467315677,0.0019920987549382784
151.75,0.0020315060237045615,0.0020383987667687464,0.0019448254927809517,0.0019468490655124486,0.0019793164975104127,0.0019757487651570218
152.25,0.002012914396131747,0.0020142487813794873,0.0019168694624060064,0.0019155490805364413,0.0019398012019068605,0.0019338987913132555
152.75,0.001987496206001262,0.0019811488014049757,0.0018892281125108747,0.0018823990964484338,0.0019203276007621478,0.0019369987893757567
153.25,0.001960209681481575,0.0019544488175584655,0.0018619658332180728,0.0018510491114964265,0.0018910064486241417,0.0018818988238132352
153.75,0.0019234910478128687,0.0019349988293257086,0.0018414553645424857,0.0018324491204244223,0.0018580876023373688,0.0018472988454382216
154.25,0.0019066157692429271,0.0019069988462656984,0.0018049933882499486,0.0018139991292804181,0.0018374638335973586,0.0018496488439694726
154.75,0.0018700720391657468,0.0018600488746704311,0.0017776532333294989,0.0017815491448564106,0.0018066381408124996,0.0018009988743757036
155.25,0.0018429679890697253,0.0018405988864376738,0.001758159605492498,0.0017482991608164028,0.0017827656646441808,0.0017712488929694419
155.75,0.0018199236998398627,0.0018199988989006663,0.0017241459964238031,0.001705499181360393,0.0017596002997503262,0.0017448489094694316
156.25,0.0017956478936393674,0.0017863989192286542,0.0017031987995531459,0.0016875491899763888,0.0017244028276232565,0.0017231989230006733
156.75,0.0017566737705914345,0.0017647489323268963,0.0016728980643377518,0.001658149204088382,0.00169868516067114,0.0016977989388756631
157.25,0.0017398472768223022,0.0017277989546816326,0.0004635159077186014,0.00046408977723690694,0.0016738450865908905,0.0016830489480944074
157.75,0.0017044333740157626,0.0017092989658741258,0.0,0.0,0.0016412564913791752,0.0016359489775318891
158.25,0.0016755412754699116,0.001668848990346361,0.0,0.0,0.0016178288262914658,0.0016028489982193761
158.75,0.0016470702433822606,0.0016664989917681101,0.0,0.0,0.0015927402287150326,0.0015836490102193687
159.25,0.0016222670791267379,0.0016144990232280913,0.0,0.0,0.0015552686512349647,0.0015545490284068573
159.75,0.0015946323145680516,0.0015800990440400786,0.0,0.0,0.0015330163366600457,0.0015380990386881007
160.25,0.0015664058688057805,0.0015765490461878272,0.0,0.0,0.0015084095603562294,0.0014864990709380808
160.75,0.0015401541438998514,0.0015299990743505602,0.0,0.0,0.0014775157799156327,0.0014688990819380738
161.25,0.0015039953817722986,0.0014996990926820493,0.0,0.0,0.00011570318378908165,0.0001139199288000445
161.75,0.0014860992177512635,0.0014712491098942885,0.0,0.0,0.0,0.0
162.25,0.0014468805969652609,0.00144744912429328,0.0,0.0,0.0,0.0
162.75,0.0014221700095702603,0.00141969914108202,0.0,0.0,0.0,0.0
163.25,0.0013907523652402407,0.0014011491523047632,0.0,0.0,0.0,0.0
163.75,0.0013641871223563952,0.0013554491799532462,0.0,0.0,0.0,0.0
164.25,0.001331693606524912,0.0013214492005232338,0.0,0.0,0.0,0.0
164.75,0.0013029150747744128,0.0012982992145289755,0.0,0.0,0.0,0.0
165.25,0.0012718090307914972,0.0012672992332839641,0.0,0.0,0.0,0.0
165.75,0.0012426577616404838,0.0012458992462309564,0.0,0.0,0.0,0.0
166.25,0.0012143674315784041,0.001196399276178438,0.0,0.0,0.0,0.0
166.75,0.001177277875098054,0.0011732992901539296,0.0,0.0,0.0,0.0
167.25,9.345944425081107e-5,9.071494511745821e-5,0.0,0.0,0.0,0.0
167.75,0.0,0.0,0.0,0.0,0.0,0.0
168.25,0.0,0.0,0.0,0.0,0.0,0.0
168.75,0.0,0.0,0.0,0.0,0.0,0.0
169.25,0.0,0.0,0.0,0.0,0.0,0.0
169.75,0.0,0.0,0.0,0.0,0.0,0.0
170.25,0.0,0.0,0.0,0.0,0.0,0.0
170.75,0.0,0.0,0.0,0.0,0.0,0.0
171.25,0.0,0.0,0.0,0.0,0.0,0.0
171.75,0.0,0.0,0.0,0.0,0.0,0.0
172.25,0.0,0.0,0.0,0.0,0.0,0.0
172.75,0.0,0.0,0.0,0.0,0.0,0.0
173.25,0.0,0.0,0.0,0.0,0.0,0.0
173.75,0.0,0.0,0.0,0.0,0.0,0.0
174.25,0.0,0.0,0.0,0.0,0.0,0.0
174.75,0.0,0.0,0.0,0.0,0.0,0.0
175.25,0.0,0.0,0.0,0.0,0.0,0.0
175.75,0.0,0.0,0.0,0.0,0.0,0.0
176.25,0.0,0.0,0.0,0.0,0.0,0.0
176.75,0.0,0.0,0.0,0.0,0.0,0.0
177.25,0.0,0.0,0.0,0.0,0.0,0.0
177.75,0.0,0.0,0.0,0.0,0.0,0.0
178.25,0.0,0.0,0.0,0.0,0.0,0.0
178.75,0.0,0.0,0.0,0.0,0.0,0.0
179.25,0.0,0.0,0.0,0.0,0.0,0.0
179.75,0.0,0.0,0.0,0.0,0.0,0.0
