sin2_theta23,dm2_32,dcp,dchi2,log_likelihood,log_posterior,nc_norm,nutau_cc_norm,dm2_21,dm2_31,sin2_theta12,theta12,sin2_theta13,theta13,theta23
0.24999999999999994,0.0019247000000000001,1.0,106.38360464620507,-321.03429329083156,-317.1368512924039,1.0,1.0,7.53e-5,0.002,0.30699999999999994,0.5872523687443223,0.02373202794946092,0.15466795855206347,0.5235987755982988
0.2730047501302265,0.0019247000000000001,1.0,94.12432132414745,-314.9065329394583,-311.0072096313751,1.0,1.0,7.53e-5,0.002,0.30699999999999994,0.5872523687443223,0.023760556461399608,0.15476164351533675,0.5497787143782138
0.29663167846209976,0.0019247000000000001,1.0,83.31294247785377,-309.5030995173449,-305.60152020822824,1.0,1.0,7.53e-5,0.002,0.30699999999999994,0.5872523687443223,0.023797936324838728,0.1548843124761671,0.5759586531581287
0.32081602522734987,0.0019247000000000001,1.0,74.02186949265149,-304.85996509694576,-300.9559837156271,1.0,1.0,7.53e-5,0.002,0.30699999999999994,0.5872523687443223,0.02384293545207505,0.15503186085247275,0.6021385919380436
0.3454915028125263,0.0019247000000000001,1.0,66.27030614404396,-300.9864827352771,-297.08020204132333,1.0,1.0,7.53e-5,0.002,0.30699999999999994,0.5872523687443223,0.023893696393912988,0.15519813879524996,0.6283185307179586
0.3705904774487395,0.0019247000000000001,1.0,60.02044619762307,-297.8635259064232,-293.9552720681129,1.0,1.0,7.53e-5,0.002,0.30699999999999994,0.5872523687443223,0.02394779637604699,0.15537516489051384,0.6544984694978735
0.39604415459112025,0.0019247000000000001,1.0,55.17869867935542,-295.4441472686143,-291.53439830897906,1.0,1.0,7.53e-5,0.002,0.30699999999999994,0.5872523687443223,0.024002466085169837,0.15555385721517134,0.6806784082777885
0.4217827674798846,0.0019247000000000001,1.0,51.60449395899957,-293.658011099864,-289.74729594880114,1.0,1.0,7.53e-5,0.002,0.30699999999999994,0.5872523687443223,0.024055024765747817,0.1557254624220262,0.7068583470577035
0.4477357683661731,0.0019247000000000001,1.0,49.12861505301032,-292.42055473938484,-288.5093564958065,1.0,1.0,7.53e-5,0.002,0.30699999999999994,0.5872523687443223,0.0241035266075356,0.15588365981029537,0.7330382858376183
0.47383202187852796,0.0019247000000000001,1.0,47.58080757112748,-291.64675107101027,-287.7354527548651,1.0,1.0,7.53e-5,0.002,0.30699999999999994,0.5872523687443223,0.02414749601834889,0.15602693976950058,0.7592182246175333
0.4999999999999999,0.0019247000000000001,1.0,46.82257449603833,-291.2674391807712,-287.3563362173205,1.0,1.0,7.53e-5,0.002,0.30699999999999994,0.5872523687443223,0.024188489745090528,0.15616040852869778,0.7853981633974483
0.5261679781214718,0.0019247000000000001,1.0,46.776971074680205,-291.2441541459418,-287.33353450664146,1.0,1.0,7.53e-5,0.002,0.30699999999999994,0.5872523687443223,0.024230159972317828,0.15629596686861036,0.8115781021773631
0.5522642316338265,0.0019247000000000001,1.0,47.44570988310295,-291.5776232251174,-287.66790391085283,1.0,1.0,7.53e-5,0.002,0.30699999999999994,0.5872523687443223,0.02427766729225325,0.15645037538997747,0.837758040957278
0.5782172325201155,0.0019247000000000001,1.0,48.90720415972885,-292.3067377839468,-288.3986510491658,1.0,1.0,7.53e-5,0.002,0.30699999999999994,0.5872523687443223,0.02433660265765908,0.15664172281071503,0.8639379797371931
0.6039558454088795,0.0019247000000000001,1.0,51.296300143609415,-293.4983742197719,-289.59319904110606,1.0,1.0,7.53e-5,0.002,0.30699999999999994,0.5872523687443223,0.02441185311215743,0.15688571290412479,0.890117918517108
0.6294095225512604,0.0019247000000000001,1.0,54.77314174298181,-295.23180373662234,-291.33161984079226,1.0,1.0,7.53e-5,0.002,0.30699999999999994,0.5872523687443223,0.024506802386585147,0.1571930513616403,0.916297857297023
0.6545084971874737,0.0019247000000000001,1.0,59.49098970974853,-297.5826254111642,-293.6905438241756,1.0,1.0,7.53e-5,0.002,0.30699999999999994,0.5872523687443223,0.024623064586306857,0.15756858760776218,0.9424777960769379
0.67918397477265,0.0019247000000000001,1.0,65.57054069107971,-300.61000509148306,-296.7303193148412,1.0,1.0,7.53e-5,0.002,0.30699999999999994,0.5872523687443223,0.024760607536248484,0.15801174819686908,0.9686577348568528
0.7033683215379,0.0019247000000000001,1.0,73.08396849020357,-304.34881007185686,-300.48703321440314,1.0,1.0,7.53e-5,0.002,0.30699999999999994,0.5872523687443223,0.024918136109777594,0.15851783090450566,0.9948376736367678
0.7269952498697734,0.0019247000000000001,1.0,82.04826775814115,-308.80640180026523,-304.96918284837193,1.0,1.0,7.53e-5,0.002,0.30699999999999994,0.5872523687443223,0.025093514770939646,0.15907942922883733,1.0210176124166828
0.7499999999999999,0.0019247000000000001,1.0,92.42563463488682,-313.96293877408317,-310.15786628674476,1.0,1.0,7.53e-5,0.002,0.30699999999999994,0.5872523687443223,0.0252840805744906,0.15968749668995794,1.0471975511965976
0.24999999999999994,0.0019747000000000002,1.0,97.73828266325302,-316.71104695178906,-312.81419030092786,1.0,1.0,7.53e-5,0.00205,0.30699999999999994,0.5872523687443223,0.023723555550571616,0.15464012540742608,0.5235987755982988
0.2730047501302265,0.0019747000000000002,1.0,85.21677208770234,-310.45234651900466,-306.5534350131525,1.0,1.0,7.53e-5,0.00205,0.30699999999999994,0.5872523687443223,0.023754128902085822,0.1547405408030865,0.5497787143782138
0.29663167846209976,0.0019747000000000002,1.0,74.21278247899863,-304.95277991841243,-301.05144020880067,1.0,1.0,7.53e-5,0.00205,0.30699999999999994,0.5872523687443223,0.023793772201385423,0.15487065178644624,0.5759586531581287
0.32081602522734987,0.0019747000000000002,1.0,64.79633745396029,-300.24710879465545,-296.3432176962815,1.0,1.0,7.53e-5,0.00205,0.30699999999999994,0.5872523687443223,0.02384112003232303,0.15502591087373893,0.6021385919380436
0.3454915028125263,0.0019747000000000002,1.0,56.980864641849735,-296.34178034661795,-292.4354812902262,1.0,1.0,7.53e-5,0.00205,0.30699999999999994,0.5872523687443223,0.023894144448323204,0.1551996057223961,0.6283185307179586
0.3705904774487395,0.0019747000000000002,1.0,50.719294206769746,-293.2130267818652,-289.3046960726862,1.0,1.0,7.53e-5,0.00205,0.30699999999999994,0.5872523687443223,0.023950219350801372,0.15538308878851792,0.6544984694978735
0.39604415459112025,0.0019747000000000002,1.0,45.90546095622051,-290.807615655517,-286.8977794474116,1.0,1.0,7.53e-5,0.00205,0.30699999999999994,0.5872523687443223,0.02400635284280721,0.15556655383232623,0.6806784082777885
0.4217827674798846,0.0019747000000000002,1.0,42.3835196275287,-289.047586891995,-285.1368087830657,1.0,1.0,7.53e-5,0.00205,0.30699999999999994,0.5872523687443223,0.024059649618610245,0.15574055390770283,0.7068583470577035
0.4477357683661731,0.0019747000000000002,1.0,39.96752850238954,-287.84003634640806,-283.9288132204961,1.0,1.0,7.53e-5,0.00205,0.30699999999999994,0.5872523687443223,0.02410800668760695,0.15589826455369532,0.7330382858376183
0.47383202187852796,0.0019747000000000002,1.0,38.47108685674391,-287.0918850624708,-283.1805923976733,1.0,1.0,7.53e-5,0.00205,0.30699999999999994,0.5872523687443223,0.02415091246106299,0.15603806735718154,0.7592182246175333
0.4999999999999999,0.0019747000000000002,1.0,37.742758584330545,-286.72751822156897,-282.8164282614666,1.0,1.0,7.53e-5,0.00205,0.30699999999999994,0.5872523687443223,0.024190058926737455,0.15616551533059106,0.7853981633974483
0.5261679781214718,0.0019747000000000002,1.0,37.69845016785882,-286.70490479871376,-282.79427405323077,1.0,1.0,7.53e-5,0.00205,0.30699999999999994,0.5872523687443223,0.024229418400654897,0.15629355543930212,0.8115781021773631
0.5522642316338265,0.0019747000000000002,1.0,38.34010055436897,-287.0248879708614,-283.11509924648584,1.0,1.0,7.53e-5,0.00205,0.30699999999999994,0.5872523687443223,0.024274597231531986,0.15644040151872096,0.837758040957278
0.5782172325201155,0.0019747000000000002,1.0,39.75360488145168,-287.7300966674389,-283.8218514100272,1.0,1.0,7.53e-5,0.00205,0.30699999999999994,0.5872523687443223,0.024331669060998297,0.1566257134080919,0.8639379797371931
0.6039558454088795,0.0019747000000000002,1.0,42.08677527564669,-288.893874892182,-284.9884366071247,1.0,1.0,7.53e-5,0.00205,0.30699999999999994,0.5872523687443223,0.024405921207165893,0.1568664927757496,0.890117918517108
0.6294095225512604,0.0019747000000000002,1.0,45.5155534927311,-290.60335532030183,-286.7028257156669,1.0,1.0,7.53e-5,0.00205,0.30699999999999994,0.5872523687443223,0.024501022661173457,0.1571743597508829,0.916297857297023
0.6545084971874737,0.0019747000000000002,1.0,50.20923904234007,-292.942091236964,-289.0496684904714,1.0,1.0,7.53e-5,0.00205,0.30699999999999994,0.5872523687443223,0.02461873110178373,0.15755460563060505,0.9424777960769379
0.67918397477265,0.0019747000000000002,1.0,56.30287193251161,-295.97632744618295,-292.09648493555716,1.0,1.0,7.53e-5,0.00205,0.30699999999999994,0.5872523687443223,0.024759055976987215,0.1580067558041938,0.9686577348568528
0.7033683215379,0.0019747000000000002,1.0,63.88012168057355,-299.7465640352734,-295.88510980958813,1.0,1.0,7.53e-5,0.00205,0.30699999999999994,0.5872523687443223,0.024920688659076474,0.15852601847381362,0.9948376736367678
0.7269952498697734,0.0019747000000000002,1.0,72.96611335885154,-304.2641063372366,-300.4281056487271,1.0,1.0,7.53e-5,0.00205,0.30699999999999994,0.5872523687443223,0.02510140340704331,0.15910464524358986,1.0210176124166828
0.7499999999999999,0.0019747000000000002,1.0,83.52771318677958,-309.5113278800808,-305.70890556269114,1.0,1.0,7.53e-5,0.00205,0.30699999999999994,0.5872523687443223,0.025298435174370366,0.15973320955638606,1.0471975511965976
0.24999999999999994,0.0020247,1.0,89.35192284379036,-312.5173877113832,-308.62101039119653,1.0,1.0,7.53e-5,0.0021,0.30699999999999994,0.5872523687443223,0.023716745756299427,0.15461775066146993,0.5235987755982988
0.2730047501302265,0.0020247,1.0,76.61739742746659,-306.1523666482397,-302.25374768303465,1.0,1.0,7.53e-5,0.0021,0.30699999999999994,0.5872523687443223,0.023749627989842738,0.15472576192510437,0.5497787143782138
0.29663167846209976,0.0020247,1.0,65.47454657770288,-300.5835469583874,-296.6823222581528,1.0,1.0,7.53e-5,0.0021,0.30699999999999994,0.5872523687443223,0.02379179130762509,0.154864152920621,0.5759586531581287
0.32081602522734987,0.0020247,1.0,55.99011777511316,-295.8440285555708,-291.94010785685794,1.0,1.0,7.53e-5,0.0021,0.30699999999999994,0.5872523687443223,0.023841714007606516,0.15502785763258636,0.6021385919380436
0.3454915028125263,0.0020247,1.0,48.17035028379678,-291.9366461218171,-288.03022411119974,1.0,1.0,7.53e-5,0.0021,0.30699999999999994,0.5872523687443223,0.023897166133743125,0.15520949834994166,0.6283185307179586
0.3705904774487395,0.0020247,1.0,41.95690522266921,-288.83198962029826,-284.92350158063596,1.0,1.0,7.53e-5,0.0021,0.30699999999999994,0.5872523687443223,0.023955278481687017,0.1553996324950611,0.6544984694978735
0.39604415459112025,0.0020247,1.0,37.22842662478922,-286.469237457961,-282.55926228169596,1.0,1.0,7.53e-5,0.0021,0.30699999999999994,0.5872523687443223,0.02401279112818178,0.15558758315281832,0.6806784082777885
0.4217827674798846,0.0020247,1.0,33.81066242192799,-284.76124563319047,-280.85038018026535,1.0,1.0,7.53e-5,0.0021,0.30699999999999994,0.5872523687443223,0.024066552897926547,0.15576307755836394,0.7068583470577035
0.4477357683661731,0.0020247,1.0,31.497556598870233,-283.60507960536415,-279.69382726873647,1.0,1.0,7.53e-5,0.0021,0.30699999999999994,0.5872523687443223,0.02411427333140674,0.15591869114795093,0.7330382858376183
0.47383202187852796,0.0020247,1.0,30.083334750852373,-282.8979986513338,-278.98671634472754,1.0,1.0,7.53e-5,0.0021,0.30699999999999994,0.5872523687443223,0.024155398646535205,0.15605267800455427,0.7592182246175333
0.4999999999999999,0.0020247,1.0,29.401075614226215,-282.5566619378259,-278.64558677641446,1.0,1.0,7.53e-5,0.0021,0.30699999999999994,0.5872523687443223,0.02419178788274141,0.1561711419209356,0.7853981633974483
0.5261679781214718,0.0020247,1.0,29.358153948641416,-282.53478067488743,-278.62412594362206,1.0,1.0,7.53e-5,0.0021,0.30699999999999994,0.5872523687443223,0.024227795720555396,0.15628827871200457,0.8115781021773631
0.5522642316338265,0.0020247,1.0,29.95680136184376,-282.8333488445079,-278.92344965022323,1.0,1.0,7.53e-5,0.0021,0.30699999999999994,0.5872523687443223,0.02426956264075096,0.1564240440417287,0.837758040957278
0.5782172325201155,0.0020247,1.0,31.291895108749827,-283.4994886130295,-279.59099652367627,1.0,1.0,7.53e-5,0.0021,0.30699999999999994,0.5872523687443223,0.024323726186853203,0.15659993564700722,0.8639379797371931
0.6039558454088795,0.0020247,1.0,33.52683521410768,-284.6143296418137,-280.7084665763552,1.0,1.0,7.53e-5,0.0021,0.30699999999999994,0.5872523687443223,0.024396057638351783,0.1568345285130405,0.890117918517108
0.6294095225512604,0.0020247,1.0,36.85660989406824,-286.2744962604206,-282.3733539163355,1.0,1.0,7.53e-5,0.0021,0.30699999999999994,0.5872523687443223,0.024490547625816615,0.15714047804663747,0.916297857297023
0.6545084971874737,0.0020247,1.0,41.46991616114053,-288.57317586210326,-284.6800070498716,1.0,1.0,7.53e-5,0.0021,0.30699999999999994,0.5872523687443223,0.02460911717812062,0.15752358204639946,0.9424777960769379
0.67918397477265,0.0020247,1.0,47.519200528648526,-291.5852161255078,-287.7046492336256,1.0,1.0,7.53e-5,0.0021,0.30699999999999994,0.5872523687443223,0.024751834991191535,0.15798351910927,0.9686577348568528
0.7033683215379,0.0020247,1.0,55.10215854080093,-295.35800677089276,-291.4961282397018,1.0,1.0,7.53e-5,0.0021,0.30699999999999994,0.5872523687443223,0.02491733000749292,0.15851524516207077,0.9948376736367678
0.7269952498697734,0.0020247,1.0,64.2539626532133,-299.9077412113459,-296.072030295908,1.0,1.0,7.53e-5,0.0021,0.30699999999999994,0.5872523687443223,0.025103270540692394,0.1591106129688069,1.0210176124166828
0.7499999999999999,0.0020247,1.0,74.94748072042682,-305.21965694700384,-301.41878932951477,1.0,1.0,7.53e-5,0.0021,0.30699999999999994,0.5872523687443223,0.025306776779611545,0.15975976796879274,1.0471975511965976
0.24999999999999994,0.0020747,1.0,81.26498592244536,-308.47356882929387,-304.57754193052403,1.0,1.0,7.53e-5,0.00215,0.30699999999999994,0.5872523687443223,0.023711836892120922,0.15460161980304765,0.5235987755982988
0.2730047501302265,0.0020747,1.0,68.37406747531088,-302.03055180326174,-298.1320827069568,1.0,1.0,7.53e-5,0.00215,0.30699999999999994,0.5872523687443223,0.023747342429892522,0.15471825669858172,0.5497787143782138
0.29663167846209976,0.0020747,1.0,57.154430983718726,-296.4235208870773,-292.5222644611607,1.0,1.0,7.53e-5,0.00215,0.30699999999999994,0.5872523687443223,0.023792336601285363,0.1548659419325095,0.5759586531581287
0.32081602522734987,0.0020747,1.0,47.66855975018916,-291.6834178639319,-287.77932884439593,1.0,1.0,7.53e-5,0.00215,0.30699999999999994,0.5872523687443223,0.02384511463114633,0.15503900274861998,0.6021385919380436
0.3454915028125263,0.0020747,1.0,39.91389311525222,-287.80865873288474,-283.90199552692746,1.0,1.0,7.53e-5,0.00215,0.30699999999999994,0.5872523687443223,0.023903206874114024,0.15522927316432186,0.6283185307179586
0.3705904774487395,0.0020747,1.0,33.81848394856502,-284.76302411671986,-280.85429094358386,1.0,1.0,7.53e-5,0.00215,0.30699999999999994,0.5872523687443223,0.02396345263778813,0.1554263589481616,0.6544984694978735
0.39604415459112025,0.0020747,1.0,29.242690715591948,-282.476561480481,-278.5663943270973,1.0,1.0,7.53e-5,0.00215,0.30699999999999994,0.5872523687443223,0.024022269187693297,0.15561853626037048,0.6806784082777885
0.4217827674798846,0.0020747,1.0,25.99011734923431,-280.85108179984155,-276.9401076439185,1.0,1.0,7.53e-5,0.00215,0.30699999999999994,0.5872523687443223,0.02407619412789269,0.15579452917576123,0.7068583470577035
0.4477357683661731,0.0020747,1.0,23.830523434271754,-279.77159206217385,-275.86031068643723,1.0,1.0,7.53e-5,0.00215,0.30699999999999994,0.5872523687443223,0.024122714888071425,0.15594620294176875,0.7330382858376183
0.47383202187852796,0.0020747,1.0,22.534869538951284,-279.12374760222326,-275.212483738777,1.0,1.0,7.53e-5,0.00215,0.30699999999999994,0.5872523687443223,0.02416122881644052,0.15607166377496393,0.7592182246175333
0.4999999999999999,0.0020747,1.0,21.91767111351328,-278.81494186220755,-274.903884526058,1.0,1.0,7.53e-5,0.00215,0.30699999999999994,0.5872523687443223,0.024193797871352236,0.15617768283715863,0.7853981633974483
0.5261679781214718,0.0020747,1.0,21.87609832599958,-278.79378984972436,-274.88309813230114,1.0,1.0,7.53e-5,0.00215,0.30699999999999994,0.5872523687443223,0.024225233726070144,0.15627994711570176,0.8115781021773631
0.5522642316338265,0.0020747,1.0,22.412761642603982,-279.0614806172029,-275.15142979060334,1.0,1.0,7.53e-5,0.00215,0.30699999999999994,0.5872523687443223,0.024262318624233104,0.1564005051972448,0.837758040957278
0.5782172325201155,0.0020747,1.0,23.633347983485237,-279.67055027255105,-275.761722961044,1.0,1.0,7.53e-5,0.00215,0.30699999999999994,0.5872523687443223,0.02431235985317116,0.15656304026930226,0.8639379797371931
0.6039558454088795,0.0020747,1.0,25.72002882796494,-280.71151669156967,-276.8050633832838,1.0,1.0,7.53e-5,0.00215,0.30699999999999994,0.5872523687443223,0.024381692086353806,0.15678796367757564,0.890117918517108
0.6294095225512604,0.0020747,1.0,28.890767093347336,-282.2924684288489,-278.390432515975,1.0,1.0,7.53e-5,0.00215,0.30699999999999994,0.5872523687443223,0.024474692265607997,0.15708918013657494,0.916297857297023
0.6545084971874737,0.0020747,1.0,33.357695034443736,-284.5182475222259,-280.6238964865232,1.0,1.0,7.53e-5,0.00215,0.30699999999999994,0.5872523687443223,0.024593472335389402,0.15747308439942212,0.9424777960769379
0.67918397477265,0.0020747,1.0,39.2943177845284,-287.47412698841543,-283.59220786156556,1.0,1.0,7.53e-5,0.00215,0.30699999999999994,0.5872523687443223,0.02473812662414428,0.15793939732416565,0.9686577348568528
0.7033683215379,0.0020747,1.0,46.81533883352711,-291.2158631286658,-287.3527183860649,1.0,1.0,7.53e-5,0.00215,0.30699999999999994,0.5872523687443223,0.024907221826055675,0.15848281758590002,0.9948376736367678
0.7269952498697734,0.0020747,1.0,55.968199738529165,-295.7656279932737,-291.92914883856594,1.0,1.0,7.53e-5,0.00215,0.30699999999999994,0.5872523687443223,0.02509831270983802,0.15909476629411184,1.0210176124166828
0.7499999999999999,0.0020747,1.0,66.73327524723209,-301.11226630150423,-297.3116865929174,1.0,1.0,7.53e-5,0.00215,0.30699999999999994,0.5872523687443223,0.025308315217838315,0.1597646656582822,1.0471975511965976
0.24999999999999994,0.0021247,1.0,73.51687819604103,-304.59931512347026,-300.70348806732187,1.0,1.0,7.53e-5,0.0022,0.30699999999999994,0.5872523687443223,0.023709062814024615,0.15459250327504206,0.5235987755982988
0.2730047501302265,0.0021247,1.0,60.533420055930605,-298.1102421328315,-294.21175899726666,1.0,1.0,7.53e-5,0.0022,0.30699999999999994,0.5872523687443223,0.02374755596117678,0.15471895789863754,0.5497787143782138
0.29663167846209976,0.0021247,1.0,49.30720678612772,-292.50010600838743,-288.5986523623652,1.0,1.0,7.53e-5,0.0022,0.30699999999999994,0.5872523687443223,0.02379574599935685,0.15487712711007945,0.5759586531581287
0.32081602522734987,0.0021247,1.0,39.89539689231526,-287.7971575574259,-283.892747415459,1.0,1.0,7.53e-5,0.0022,0.30699999999999994,0.5872523687443223,0.023851714904768773,0.1550606321029568,0.6021385919380436
0.3454915028125263,0.0021247,1.0,32.28484775436061,-283.99450307031515,-280.08747284648166,1.0,1.0,7.53e-5,0.0022,0.30699999999999994,0.5872523687443223,0.023912709997758783,0.155260377415787,0.6283185307179586
0.3705904774487395,0.0021247,1.0,26.38736860159804,-281.04779973460705,-277.1387332701004,1.0,1.0,7.53e-5,0.0022,0.30699999999999994,0.5872523687443223,0.02397522240184637,0.15546483389409924,0.6544984694978735
0.39604415459112025,0.0021247,1.0,22.04149423608544,-278.87620234201216,-274.9657960873441,1.0,1.0,7.53e-5,0.0022,0.30699999999999994,0.5872523687443223,0.024035279993019434,0.1556610167847055,0.6806784082777885
0.4217827674798846,0.0021247,1.0,19.024354119885516,-277.3683210284246,-273.4572260292441,1.0,1.0,7.53e-5,0.0022,0.30699999999999994,0.5872523687443223,0.0240890459206755,0.15583644474126257,0.7068583470577035
0.4477357683661731,0.0021247,1.0,17.076743655109112,-276.39472228291186,-272.4834207968559,1.0,1.0,7.53e-5,0.0022,0.30699999999999994,0.5872523687443223,0.02413373499011039,0.1559821113834008,0.7330382858376183
0.47383202187852796,0.0021247,1.0,15.941728347361732,-275.82714519805563,-271.9159131429822,1.0,1.0,7.53e-5,0.0022,0.30699999999999994,0.5872523687443223,0.02416868888131611,0.1560959539908868,0.7592182246175333
0.4999999999999999,0.0021247,1.0,15.41155566340069,-275.56186185072073,-271.6508268010017,1.0,1.0,7.53e-5,0.0022,0.30699999999999994,0.5872523687443223,0.02419621141799957,0.1561855366641115,0.7853981633974483
0.5261679781214718,0.0021247,1.0,15.371162039360001,-275.5413713458939,-271.63062998898135,1.0,1.0,7.53e-5,0.0022,0.30699999999999994,0.5872523687443223,0.024221670548918352,0.15626835896288402,0.8115781021773631
0.5522642316338265,0.0021247,1.0,15.823643387997208,-275.7671111618507,-271.85687066329996,1.0,1.0,7.53e-5,0.0022,0.30699999999999994,0.5872523687443223,0.024252610210002284,0.15636895311797566,0.837758040957278
0.5782172325201155,0.0021247,1.0,16.887717335473212,-276.29815072262136,-272.38890763703796,1.0,1.0,7.53e-5,0.0022,0.30699999999999994,0.5872523687443223,0.024297135972953104,0.1565136100301654,0.8639379797371931
0.6039558454088795,0.0021247,1.0,18.768164263515814,-277.2363292341477,-273.32913110105926,1.0,1.0,7.53e-5,0.0022,0.30699999999999994,0.5872523687443223,0.024362257822699677,0.15672494771014103,0.890117918517108
0.6294095225512604,0.0021247,1.0,21.710601975825853,-278.7035530175385,-274.8003499572143,1.0,1.0,7.53e-5,0.0022,0.30699999999999994,0.5872523687443223,0.02445279010326249,0.15701829195040537,0.916297857297023
0.6545084971874737,0.0021247,1.0,25.95534350979267,-280.8186968540916,-276.9227207241977,1.0,1.0,7.53e-5,0.0022,0.30699999999999994,0.5872523687443223,0.024571055706730956,0.15740070182099405,0.9424777960769379
0.67918397477265,0.0021247,1.0,31.701183203807886,-283.67956893504737,-279.7956405712053,1.0,1.0,7.53e-5,0.0022,0.30699999999999994,0.5872523687443223,0.024717168591264375,0.15787191870709713,0.9686577348568528
0.7033683215379,0.0021247,1.0,39.083234614371236,-287.3519795654539,-283.486666276487,1.0,1.0,7.53e-5,0.0022,0.30699999999999994,0.5872523687443223,0.02488960132630789,0.15842627476391155,0.9948376736367678
0.7269952498697734,0.0021247,1.0,48.163700379098486,-291.86531064591003,-288.0268991588506,1.0,1.0,7.53e-5,0.0022,0.30699999999999994,0.5872523687443223,0.025085730845172467,0.1590545441352449,1.0210176124166828
0.7499999999999999,0.0021247,1.0,58.93211380812204,-297.21281006924323,-293.4111058733624,1.0,1.0,7.53e-5,0.0022,0.30699999999999994,0.5872523687443223,0.025302295376156077,0.15974550038646562,1.0471975511965976
0.24999999999999994,0.0021747000000000003,1.0,66.145647339471,-300.91366993214535,-297.01787263903685,1.0,1.0,7.53e-5,0.0022500000000000003,0.30699999999999994,0.5872523687443223,0.023708651213230812,0.15459115057586884,0.5235987755982988
0.2730047501302265,0.0021747000000000003,1.0,53.140508854871996,-294.41398228624996,-290.51530339673735,1.0,1.0,7.53e-5,0.0022500000000000003,0.30699999999999994,0.5872523687443223,0.023750545665763286,0.15472877525191392,0.5497787143782138
0.29663167846209976,0.0021747000000000003,1.0,41.98582841402094,-288.83979329366434,-284.9379631763118,1.0,1.0,7.53e-5,0.0022500000000000003,0.30699999999999994,0.5872523687443223,0.023802350972363998,0.1548987937538135,0.5759586531581287
0.32081602522734987,0.0021747000000000003,1.0,32.73233113520428,-284.21610592087603,-280.3112145369035,1.0,1.0,7.53e-5,0.0022500000000000003,0.30699999999999994,0.5872523687443223,0.023861902846405627,0.1550940126550108,0.6021385919380436
0.3454915028125263,0.0021747000000000003,1.0,25.35437629311832,-280.5297593139393,-276.6222371158605,1.0,1.0,7.53e-5,0.0022500000000000003,0.30699999999999994,0.5872523687443223,0.023926117121248043,0.15530424942423363,0.6283185307179586
0.3705904774487395,0.0021747000000000003,1.0,19.744640592463384,-277.7268478950309,-273.81736926553305,1.0,1.0,7.53e-5,0.0022500000000000003,0.30699999999999994,0.5872523687443223,0.023991071946117184,0.15551663094633913,0.6544984694978735
0.39604415459112025,0.0021747000000000003,1.0,15.71588854218578,-275.7136700438203,-271.80299324039424,1.0,1.0,7.53e-5,0.0022500000000000003,0.30699999999999994,0.5872523687443223,0.024052328601445922,0.15571666384059113,0.6806784082777885
0.4217827674798846,0.0021747000000000003,1.0,13.013856496818676,-274.3631873718897,-270.4519772177107,1.0,1.0,7.53e-5,0.0022500000000000003,0.30699999999999994,0.5872523687443223,0.024105596492031877,0.15589040765150036,0.7068583470577035
0.4477357683661731,0.0021747000000000003,1.0,11.34484213639223,-273.52876798871665,-269.61747003749747,1.0,1.0,7.53e-5,0.0022500000000000003,0.30699999999999994,0.5872523687443223,0.024147758032716304,0.15602779319540233,0.7330382858376183
0.47383202187852796,0.0021747000000000003,1.0,10.418553630790143,-273.06550469088353,-269.1543257846964,1.0,1.0,7.53e-5,0.0022500000000000003,0.30699999999999994,0.5872523687443223,0.024178081516674093,0.1561265315210364,0.7592182246175333
0.4999999999999999,0.0021747000000000003,1.0,10.000527702762724,-272.856319308853,-268.9453128206827,1.0,1.0,7.53e-5,0.0022500000000000003,0.30699999999999994,0.5872523687443223,0.024199162851381933,0.1561951402879164,0.7853981633974483
0.5261679781214718,0.0021747000000000003,1.0,9.961005943288683,-272.8363547127932,-268.9255519409457,1.0,1.0,7.53e-5,0.0022500000000000003,0.30699999999999994,0.5872523687443223,0.024217037214455034,0.15625328920482728,0.8115781021773631
0.5522642316338265,0.0021747000000000003,1.0,10.303698653167203,-273.0073592155502,-269.09689829588496,1.0,1.0,7.53e-5,0.0022500000000000003,0.30699999999999994,0.5872523687443223,0.024240165880338324,0.1563285003814501,0.837758040957278
0.5782172325201155,0.0021747000000000003,1.0,11.16304642113073,-273.4362927313632,-269.5265721798667,1.0,1.0,7.53e-5,0.0022500000000000003,0.30699999999999994,0.5872523687443223,0.02427761316230669,0.1564501995404368,0.8639379797371931
0.6039558454088795,0.0021747000000000003,1.0,12.771039626679794,-274.238637035079,-270.33056878264125,1.0,1.0,7.53e-5,0.0022500000000000003,0.30699999999999994,0.5872523687443223,0.024337169914293216,0.1566435634434373,0.890117918517108
0.6294095225512604,0.0021747000000000003,1.0,15.406472863738145,-275.5528962353635,-271.6482854011704,1.0,1.0,7.53e-5,0.0022500000000000003,0.30699999999999994,0.5872523687443223,0.02442416371462824,0.15692559356147767,0.916297857297023
0.6545084971874737,0.0021747000000000003,1.0,19.343334731372806,-277.51473487692977,-273.61671633498776,1.0,1.0,7.53e-5,0.0022500000000000003,0.30699999999999994,0.5872523687443223,0.024541137380674875,0.15730404633705591,0.9424777960769379
0.67918397477265,0.0021747000000000003,1.0,24.810512924666682,-280.23689434762025,-276.3503054316347,1.0,1.0,7.53e-5,0.0022500000000000003,0.30699999999999994,0.5872523687443223,0.024688208891335012,0.15777863120730812,0.9686577348568528
0.7033683215379,0.0021747000000000003,1.0,31.967321130580103,-283.7971197037589,-279.9287095345914,1.0,1.0,7.53e-5,0.0022500000000000003,0.30699999999999994,0.5872523687443223,0.02486371186371804,0.15834316208665228,0.9948376736367678
0.7269952498697734,0.0021747000000000003,1.0,40.89344574257245,-288.2333411986164,-284.3917718405876,1.0,1.0,7.53e-5,0.0022500000000000003,0.30699999999999994,0.5872523687443223,0.02506481149131332,0.15898764663072373,1.0210176124166828
0.7499999999999999,0.0021747000000000003,1.0,51.58934266392373,-293.5440717864673,-289.7397203012632,1.0,1.0,7.53e-5,0.0022500000000000003,0.30699999999999994,0.5872523687443223,0.02528800303761233,0.15969998920425935,1.0471975511965976
0.24999999999999994,0.0022247,1.0,59.18777466919346,-297.4348902939513,-293.5389363038981,1.0,1.0,7.53e-5,0.0023,0.30699999999999994,0.5872523687443223,0.023710822714544895,0.15459828694414632,0.5235987755982988
0.2730047501302265,0.0022247,1.0,46.238571376280674,-290.96340410495606,-287.0643346574417,1.0,1.0,7.53e-5,0.0023,0.30699999999999994,0.5872523687443223,0.023756581199240494,0.1547485924181461,0.5497787143782138
0.29663167846209976,0.0022247,1.0,35.241183616375565,-285.4680336701225,-281.56564077748914,1.0,1.0,7.53e-5,0.0023,0.30699999999999994,0.5872523687443223,0.02381247605016008,0.1549320018910643,0.5759586531581287
0.32081602522734987,0.0022247,1.0,26.23877281015882,-280.96996649179823,-277.06443537438076,1.0,1.0,7.53e-5,0.0023,0.30699999999999994,0.5872523687443223,0.023876061392705875,0.15514039125858087,0.6021385919380436
0.3454915028125263,0.0022247,1.0,19.19118560172126,-277.4487689003038,-273.540641770162,1.0,1.0,7.53e-5,0.0023,0.30699999999999994,0.5872523687443223,0.023943868484895655,0.15536231860650349,0.6283185307179586
0.3705904774487395,0.0022247,1.0,13.968862706240202,-274.8394279663727,-270.92948032242145,1.0,1.0,7.53e-5,0.0023,0.30699999999999994,0.5872523687443223,0.02401148969578572,0.15558333251626338,0.6544984694978735
0.39604415459112025,0.0022247,1.0,10.354471635964046,-273.0332348103433,-269.1222847872834,1.0,1.0,7.53e-5,0.0023,0.30699999999999994,0.5872523687443223,0.024073930390627527,0.15578714496460108,0.6806784082777885
0.4217827674798846,0.0022247,1.0,8.056847953827855,-271.884763182752,-267.9734729462153,1.0,1.0,7.53e-5,0.0023,0.30699999999999994,0.5872523687443223,0.024126349906587127,0.15595804834855834,0.7068583470577035
0.4477357683661731,0.0022247,1.0,6.74145889979502,-271.22702638998373,-267.31577841919886,1.0,1.0,7.53e-5,0.0023,0.30699999999999994,0.5872523687443223,0.024165224897398536,0.1560846756003707,0.7330382858376183
0.47383202187852796,0.0022247,1.0,6.078273344455511,-270.8952784118984,-266.9841856415291,1.0,1.0,7.53e-5,0.0023,0.30699999999999994,0.5872523687443223,0.024189723921473734,0.1561644250908234,0.7592182246175333
0.4999999999999999,0.0022247,1.0,5.800836116006053,-270.75643644234015,-266.8454670273044,1.0,1.0,7.53e-5,0.0023,0.30699999999999994,0.5872523687443223,0.024202790128180687,0.15620694224600898,0.7853981633974483
0.5261679781214718,0.0022247,1.0,5.761734037756582,-270.7367903446866,-266.82591598817964,1.0,1.0,7.53e-5,0.0023,0.30699999999999994,0.5872523687443223,0.024211262437945955,0.15623450497836103,0.8115781021773631
0.5522642316338265,0.0022247,1.0,5.965445046555146,-270.8384706499216,-266.9277714925789,1.0,1.0,7.53e-5,0.0023,0.30699999999999994,0.5872523687443223,0.02422470911909092,0.15627824104281238,0.837758040957278
0.5782172325201155,0.0022247,1.0,6.565365397051778,-271.13795859306236,-267.22773166782724,1.0,1.0,7.53e-5,0.0023,0.30699999999999994,0.5872523687443223,0.024253332308908627,0.15637130013152495,0.8639379797371931
0.6039558454088795,0.0022247,1.0,7.826159709915601,-271.7671386916506,-267.85812882425915,1.0,1.0,7.53e-5,0.0023,0.30699999999999994,0.5872523687443223,0.024305845959808146,0.1565418922325128,0.890117918517108
0.6294095225512604,0.0022247,1.0,10.06624733686374,-272.88436490692675,-268.9781726377332,1.0,1.0,7.53e-5,0.0023,0.30699999999999994,0.5872523687443223,0.024388146857624964,0.1568088879780258,0.916297857297023
0.6545084971874737,0.0022247,1.0,13.599578961352904,-274.64524972653317,-270.7448384499778,1.0,1.0,7.53e-5,0.0023,0.30699999999999994,0.5872523687443223,0.024503011150297505,0.15718079075990574,0.9424777960769379
0.67918397477265,0.0022247,1.0,18.690513364444655,-277.1801547934184,-273.2903056515237,1.0,1.0,7.53e-5,0.0023,0.30699999999999994,0.5872523687443223,0.02465052859936524,0.15765717230704554,0.9686577348568528
0.7033683215379,0.0022247,1.0,25.526715225192447,-280.58081964275243,-276.7084065818976,1.0,1.0,7.53e-5,0.0023,0.30699999999999994,0.5872523687443223,0.024828841617437494,0.15823115181651523,0.9948376736367678
0.7269952498697734,0.0022247,1.0,34.20827155177324,-284.89515679298466,-281.049184745188,1.0,1.0,7.53e-5,0.0023,0.30699999999999994,0.5872523687443223,0.025034853310070854,0.1588917966906034,1.0210176124166828
0.7499999999999999,0.0022247,1.0,44.748403719511884,-290.1278382805608,-286.3192508290573,1.0,1.0,7.53e-5,0.0023,0.30699999999999994,0.5872523687443223,0.02526476894513675,0.159625977995702,1.0471975511965976
0.24999999999999994,0.0022747,1.0,52.67804654093277,-294.1803816886077,-290.28407223976774,1.0,1.0,7.53e-5,0.00235,0.30699999999999994,0.5872523687443223,0.02371579048131663,0.154614611691169,0.5235987755982988
0.2730047501302265,0.0022747,1.0,39.86889014953397,-287.7791559012851,-283.87949404406834,1.0,1.0,7.53e-5,0.00235,0.30699999999999994,0.5872523687443223,0.02376592452311145,0.15477926559235197,0.5497787143782138
0.29663167846209976,0.0022747,1.0,29.121946583854992,-282.40916278351784,-278.50602226122885,1.0,1.0,7.53e-5,0.00235,0.30699999999999994,0.5872523687443223,0.02382643867062294,0.15497778506918797,0.5759586531581287
0.32081602522734987,0.0022747,1.0,20.471684472041147,-278.0872075985473,-274.1808912053219,1.0,1.0,7.53e-5,0.00235,0.30699999999999994,0.5872523687443223,0.02389456823611321,0.15520099318844316,0.6021385919380436
0.3454915028125263,0.0022747,1.0,13.861354127082222,-274.7845449182623,-270.87572603284246,1.0,1.0,7.53e-5,0.00235,0.30699999999999994,0.5872523687443223,0.023966402485554445,0.15543600276239739,0.6283185307179586
0.3705904774487395,0.0022747,1.0,9.135872263170882,-272.4234202906133,-268.5129851008868,1.0,1.0,7.53e-5,0.00235,0.30699999999999994,0.5872523687443223,0.02403696711997783,0.15566652446450685,0.6544984694978735
0.39604415459112025,0.0022747,1.0,6.0431231817536855,-270.8777908021427,-266.9666105601782,1.0,1.0,7.53e-5,0.00235,0.30699999999999994,0.5872523687443223,0.024100608395046037,0.15587414593250984,0.6806784082777885
0.4217827674798846,0.0022747,1.0,4.248942828264376,-269.9808112092874,-266.06952038343354,1.0,1.0,7.53e-5,0.00235,0.30699999999999994,0.5872523687443223,0.02415182602393441,0.15604104276388966,0.7068583470577035
0.4477357683661731,0.0022747,1.0,3.3708016066324262,-269.54156790033664,-265.63044977261757,1.0,1.0,7.53e-5,0.00235,0.30699999999999994,0.5872523687443223,0.0241865942823445,0.15615423965029224,0.7330382858376183
0.47383202187852796,0.0022747,1.0,3.031563436057354,-269.3717877914928,-265.46083068733003,1.0,1.0,7.53e-5,0.00235,0.30699999999999994,0.5872523687443223,0.024203949776201567,0.15621071517489063,0.7592182246175333
0.4999999999999999,0.0022747,1.0,2.9265892344601525,-269.31926451888046,-265.40834358653143,1.0,1.0,7.53e-5,0.00235,0.30699999999999994,0.5872523687443223,0.024207242978976015,0.15622142916946402,0.7853981633974483
0.5261679781214718,0.0022747,1.0,2.8873038652025116,-269.2996544729098,-265.3887009019026,1.0,1.0,7.53e-5,0.00235,0.30699999999999994,0.5872523687443223,0.024204278778799986,0.15621178557277882,0.8115781021773631
0.5522642316338265,0.0022747,1.0,2.919130991967336,-269.3155497391124,-265.404614465285,1.0,1.0,7.53e-5,0.00235,0.30699999999999994,0.5872523687443223,0.024205956691135507,0.15621724448867777,0.837758040957278
0.5782172325201155,0.0022747,1.0,3.198244969672828,-269.4548829181679,-265.54417145413777,1.0,1.0,7.53e-5,0.00235,0.30699999999999994,0.5872523687443223,0.024223834222831434,0.15627539575506066,0.8639379797371931
0.6039558454088795,0.0022747,1.0,4.028384579443696,-269.8691802718099,-265.9592412590232,1.0,1.0,7.53e-5,0.00235,0.30699999999999994,0.5872523687443223,0.02426769977127078,0.15641799112558444,0.890117918517108
0.6294095225512604,0.0022747,1.0,5.775031051453993,-270.74040312102375,-266.83256449502835,1.0,1.0,7.53e-5,0.00235,0.30699999999999994,0.5872523687443223,0.024344087392691973,0.1566660075752966,0.916297857297023
0.6545084971874737,0.0022747,1.0,8.799208653043479,-272.2476903552862,-268.3446532958231,1.0,1.0,7.53e-5,0.00235,0.30699999999999994,0.5872523687443223,0.02445599668484544,0.15702867225416636,0.9424777960769379
0.67918397477265,0.0022747,1.0,13.406700018523338,-274.5420011555346,-270.648398978563,1.0,1.0,7.53e-5,0.00235,0.30699999999999994,0.5872523687443223,0.024603442663345028,0.157505267938078,0.9686577348568528
0.7033683215379,0.0022747,1.0,19.818012414054465,-277.73129746202994,-273.8540551763286,1.0,1.0,7.53e-5,0.00235,0.30699999999999994,0.5872523687443223,0.024784322758311668,0.15808803679277691,0.9948376736367678
0.7269952498697734,0.0022747,1.0,28.156715809131242,-281.87498817388155,-278.023406873867,1.0,1.0,7.53e-5,0.00235,0.30699999999999994,0.5872523687443223,0.02499520872966351,0.15876486958388605,1.0210176124166828
0.7499999999999999,0.0022747,1.0,38.45069105393725,-286.9848188207996,-283.17039449627,1.0,1.0,7.53e-5,0.00235,0.30699999999999994,0.5872523687443223,0.025231971940797335,0.15952144809389146,1.0471975511965976
0.24999999999999994,0.0023247000000000003,1.0,46.64948704495532,-291.16666341987803,-287.269792491779,1.0,1.0,7.53e-5,0.0024000000000000002,0.30699999999999994,0.5872523687443223,0.02372376011958314,0.1546407975054872,0.5235987755982988
0.2730047501302265,0.0023247000000000003,1.0,34.07072326999412,-284.8808663669779,-280.9804106042984,1.0,1.0,7.53e-5,0.0024000000000000002,0.30699999999999994,0.5872523687443223,0.023778829884474724,0.1548216228978848,0.5497787143782138
0.29663167846209976,0.0023247000000000003,1.0,23.674504424122347,-279.6863623447149,-275.7823011813625,1.0,1.0,7.53e-5,0.0024000000000000002,0.30699999999999994,0.5872523687443223,0.023844549111865735,0.15503714938403837,0.5759586531581287
0.32081602522734987,0.0023247000000000003,1.0,15.485495270123693,-275.5950169942903,-271.6877966043632,1.0,1.0,7.53e-5,0.0024000000000000002,0.30699999999999994,0.5872523687443223,0.023917795430530478,0.1552770198432199,0.6021385919380436
0.3454915028125263,0.0023247000000000003,1.0,9.428217140663946,-272.5687114468139,-268.6591575396333,1.0,1.0,7.53e-5,0.0024000000000000002,0.30699999999999994,0.5872523687443223,0.023994154503348016,0.15552670294882395,0.6283185307179586
0.3705904774487395,0.0023247000000000003,1.0,5.318610529371085,-270.515236942109,-266.6043542339869,1.0,1.0,7.53e-5,0.0024000000000000002,0.30699999999999994,0.5872523687443223,0.024067995955447338,0.1557677854911218,0.6544984694978735
0.39604415459112025,0.0023247000000000003,1.0,2.8647456179207893,-269.2887224380986,-265.37742177826175,1.0,1.0,7.53e-5,0.0024000000000000002,0.30699999999999994,0.5872523687443223,0.024132892385085567,0.15597936608015328,0.6806784082777885
0.4217827674798846,0.0023247000000000003,1.0,1.6827708542198252,-268.69758288901176,-264.78643439641127,1.0,1.0,7.53e-5,0.0024000000000000002,0.30699999999999994,0.5872523687443223,0.024182550624981515,0.1561410785770371,0.7068583470577035
0.4477357683661731,0.0023247000000000003,1.0,1.3341430489413142,-268.5229819923467,-264.612120493772,1.0,1.0,7.53e-5,0.0024000000000000002,0.30699999999999994,0.5872523687443223,0.024212333234155847,0.15623798823544266,0.7330382858376183
0.47383202187852796,0.0023247000000000003,1.0,1.3862364665255882,-268.54891634942567,-264.63816720256415,1.0,1.0,7.53e-5,0.0024000000000000002,0.30699999999999994,0.5872523687443223,0.0242210973376223,0.15626649468941328,0.7592182246175333
0.4999999999999999,0.0023247000000000003,1.0,1.4890820673660983,-268.6004474207809,-264.6895900029844,1.0,1.0,7.53e-5,0.0024000000000000002,0.30699999999999994,0.5872523687443223,0.024212669820940953,0.15623908312322562,0.7853981633974483
0.5261679781214718,0.0023247000000000003,1.0,1.448857242847339,-268.58051449401285,-264.669477590725,1.0,1.0,7.53e-5,0.0024000000000000002,0.30699999999999994,0.5872523687443223,0.024196014587107025,0.15618489617877362,0.8115781021773631
0.5522642316338265,0.0023247000000000003,1.0,1.272132751854997,-268.4922560325546,-264.58111534522885,1.0,1.0,7.53e-5,0.0024000000000000002,0.30699999999999994,0.5872523687443223,0.02418362517568477,0.1561445760701625,0.837758040957278
0.5782172325201155,0.0023247000000000003,1.0,1.1623023989899366,-268.43730169581255,-264.5262001687963,1.0,1.0,7.53e-5,0.0024000000000000002,0.30699999999999994,0.5872523687443223,0.024188665530443278,0.1561609806189854,0.8639379797371931
0.6039558454088795,0.0023247000000000003,1.0,1.4695584033620435,-268.59056279730885,-264.6798281709824,1.0,1.0,7.53e-5,0.0024000000000000002,0.30699999999999994,0.5872523687443223,0.02422216262638668,0.1562699593450465,0.890117918517108
0.6294095225512604,0.0023247000000000003,1.0,2.6149072731619754,-269.1618936661326,-265.25250260588234,1.0,1.0,7.53e-5,0.0024000000000000002,0.30699999999999994,0.5872523687443223,0.024291352491381524,0.15649482775360146,0.916297857297023
0.6545084971874737,0.0023247000000000003,1.0,5.014401471494011,-270.3579688469778,-266.45224970504836,1.0,1.0,7.53e-5,0.0024000000000000002,0.30699999999999994,0.5872523687443223,0.024399441152142317,0.15684549396851363,0.9424777960769379
0.67918397477265,0.0023247000000000003,1.0,9.021773884929416,-272.35361190021916,-268.45593591176606,1.0,1.0,7.53e-5,0.0024000000000000002,0.30699999999999994,0.5872523687443223,0.02454630685840808,0.1573207511861696,0.9686577348568528
0.7033683215379,0.0023247000000000003,1.0,14.895192197021515,-275.27539753678633,-271.3926450678121,1.0,1.0,7.53e-5,0.0024000000000000002,0.30699999999999994,0.5872523687443223,0.024729522907370297,0.15791169929357662,0.9948376736367678
0.7269952498697734,0.0023247000000000003,1.0,22.784937205302754,-279.19581081528736,-275.33751757195273,1.0,1.0,7.53e-5,0.0024000000000000002,0.30699999999999994,0.5872523687443223,0.024945279499223885,0.15860487525055084,1.0210176124166828
0.7499999999999999,0.0023247000000000003,1.0,32.7354746094976,-284.1345981942893,-280.31278627405015,1.0,1.0,7.53e-5,0.0024000000000000002,0.30699999999999994,0.5872523687443223,0.025189041573392378,0.15938452129955605,1.0471975511965976
0.24999999999999994,0.0023747,1.0,41.13333591865114,-288.4093566040906,-284.5117169286269,1.0,1.0,7.53e-5,0.00245,0.30699999999999994,0.5872523687443223,0.023734929766297916,0.15467749035602332,0.5235987755982988
0.2730047501302265,0.0023747,1.0,28.881285083275998,-282.2871335237422,-278.38569151093935,1.0,1.0,7.53e-5,0.00245,0.30699999999999994,0.5872523687443223,0.02379554394406375,0.1548764642511281,0.5497787143782138
0.29663167846209976,0.0023747,1.0,18.942936549548335,-277.3216478572039,-273.4165172440755,1.0,1.0,7.53e-5,0.00245,0.30699999999999994,0.5872523687443223,0.02386711049361339,0.15511107270413957,0.5759586531581287
0.32081602522734987,0.0023747,1.0,11.332068304487393,-273.51928284313897,-269.61108312154505,1.0,1.0,7.53e-5,0.00245,0.30699999999999994,0.5872523687443223,0.02394610895227081,0.15536964624714203,0.6021385919380436
0.3454915028125263,0.0023747,1.0,5.952302798614255,-270.8314680791186,-266.9212003686085,1.0,1.0,7.53e-5,0.00245,0.30699999999999994,0.5872523687443223,0.024027555572358774,0.15563579775884423,0.6283185307179586
0.3705904774487395,0.0023747,1.0,2.5870005009657007,-269.14975639434846,-265.2385492197842,1.0,1.0,7.53e-5,0.00245,0.30699999999999994,0.5872523687443223,0.024105066901158625,0.15588868120761193,0.6544984694978735
0.39604415459112025,0.0023747,1.0,0.8990543566656015,-268.30579484074514,-264.39457614763415,1.0,1.0,7.53e-5,0.00245,0.30699999999999994,0.5872523687443223,0.024171309775097398,0.15610448683914974,0.6806784082777885
0.4217827674798846,0.0023747,1.0,0.44765811401850897,-268.0796545333701,-264.1688780263106,1.0,1.0,7.53e-5,0.00245,0.30699999999999994,0.5872523687443223,0.024219051552070513,0.1562598409400891,0.7068583470577035
0.4477357683661731,0.0023747,1.0,0.7293897758968342,-268.2201583820654,-264.30974385724977,1.0,1.0,7.53e-5,0.00245,0.30699999999999994,0.5872523687443223,0.024242908969008287,0.15633741819950997,0.7330382858376183
0.47383202187852796,0.0023747,1.0,1.2467191726107103,-268.47884695552534,-264.5684085556067,1.0,1.0,7.53e-5,0.00245,0.30699999999999994,0.5872523687443223,0.024241506517177026,0.15633285887126633,0.7592182246175333
0.4999999999999999,0.0023747,1.0,1.596225064725445,-268.65393574117644,-264.7431615016641,1.0,1.0,7.53e-5,0.00245,0.30699999999999994,0.5872523687443223,0.024219223085278137,0.15626039884827064,0.7853981633974483
0.5261679781214718,0.0023747,1.0,1.554153050954028,-268.63324512694516,-264.72212549477837,1.0,1.0,7.53e-5,0.00245,0.30699999999999994,0.5872523687443223,0.02418640208717079,0.15615361412831405,0.8115781021773631
0.5522642316338265,0.0023747,1.0,1.128442070652227,-268.4205465058593,-264.50927000462747,1.0,1.0,7.53e-5,0.00245,0.30699999999999994,0.5872523687443223,0.02415743612255672,0.1560593132370216,0.837758040957278
0.5782172325201155,0.0023747,1.0,0.5547814991299447,-268.1337381911138,-264.2224397188663,1.0,1.0,7.53e-5,0.00245,0.30699999999999994,0.5872523687443223,0.024147381368482546,0.15602656633372813,0.8639379797371931
0.6039558454088795,0.0023747,1.0,0.23819826382430165,-267.9753801766444,-264.0641481012135,1.0,1.0,7.53e-5,0.00245,0.30699999999999994,0.5872523687443223,0.02416868471054123,0.15609594041172847,0.890117918517108
0.6294095225512604,0.0023747,1.0,0.6647288392422297,-268.188045275033,-264.27741338892247,1.0,1.0,7.53e-5,0.00245,0.30699999999999994,0.5872523687443223,0.02422934189513231,0.15629330665798102,0.916297857297023
0.6545084971874737,0.0023747,1.0,2.3142539364491768,-269.0103873891491,-265.10217593752594,1.0,1.0,7.53e-5,0.00245,0.30699999999999994,0.5872523687443223,0.024332731666887646,0.15662916167238422,0.9424777960769379
0.67918397477265,0.0023747,1.0,5.595549498170271,-270.6446476339609,-266.7428237183865,1.0,1.0,7.53e-5,0.00245,0.30699999999999994,0.5872523687443223,0.024478520271176703,0.15710156662269598,0.9686577348568528
0.7033683215379,0.0023747,1.0,10.809575917063967,-273.238557343761,-269.34983692783334,1.0,1.0,7.53e-5,0.00245,0.30699999999999994,0.5872523687443223,0.024663875452050774,0.15770020498147247,0.9948376736367678
0.7269952498697734,0.0023747,1.0,18.136685329355487,-276.87932117305826,-273.0133916339791,1.0,1.0,7.53e-5,0.00245,0.30699999999999994,0.5872523687443223,0.024884519691479003,0.1584099645672981,1.0210176124166828
0.7499999999999999,0.0023747,1.0,27.639872848008963,-281.5956147827774,-277.76498539330584,1.0,1.0,7.53e-5,0.00245,0.30699999999999994,0.5872523687443223,0.02513546024785632,0.159213463608851,1.0471975511965976
0.24999999999999994,0.0024247,1.0,36.15905828957841,-285.9231880773018,-282.02457811409056,1.0,1.0,7.53e-5,0.0025,0.30699999999999994,0.5872523687443223,0.02374949032296266,0.15472530987031302,0.5235987755982988
0.2730047501302265,0.0024247,1.0,24.33576256158733,-280.0155315022717,-276.112930250095,1.0,1.0,7.53e-5,0.0025,0.30699999999999994,0.5872523687443223,0.023816306061408575,0.15494456173124582,0.5497787143782138
0.29663167846209976,0.0024247,1.0,14.969033730012825,-275.33587612450845,-271.42956583430777,1.0,1.0,7.53e-5,0.0025,0.30699999999999994,0.5872523687443223,0.023894418967287334,0.1552005044890224,0.5759586531581287
0.32081602522734987,0.0024247,1.0,8.060712814026488,-271.8845970200373,-267.9754053763146,1.0,1.0,7.53e-5,0.0025,0.30699999999999994,0.5872523687443223,0.02397986853457196,0.15548001940300055,0.6021385919380436
0.3454915028125263,0.0024247,1.0,3.4913213744331415,-269.60158087077343,-265.6907096565179,1.0,1.0,7.53e-5,0.0025,0.30699999999999994,0.5872523687443223,0.02406703150509224,0.1557646390154356,0.6283185307179586
0.3705904774487395,0.0024247,1.0,1.0078919368002062,-268.36029153798785,-264.44899493770146,1.0,1.0,7.53e-5,0.0025,0.30699999999999994,0.5872523687443223,0.024148664920559903,0.15603074705037262,0.6544984694978735
0.39604415459112025,0.0024247,1.0,0.22245711913512878,-267.96708865274695,-264.0562775288689,1.0,1.0,7.53e-5,0.0025,0.30699999999999994,0.5872523687443223,0.024216385675672133,0.15625116998501687,0.6806784082777885
0.4217827674798846,0.0024247,1.0,0.6294267218129335,-268.16982257014286,-264.2597623302078,1.0,1.0,7.53e-5,0.0025,0.30699999999999994,0.5872523687443223,0.024261854863584995,0.1563989981279105,0.7068583470577035
0.4477357683661731,0.0024247,1.0,1.6508029704644969,-268.68014402949757,-264.7704504545336,1.0,1.0,7.53e-5,0.0025,0.30699999999999994,0.5872523687443223,0.024278788666740023,0.15645401830620848,0.7330382858376183
0.47383202187852796,0.0024247,1.0,2.7137122116588444,-269.2118901082834,-265.3019050751308,1.0,1.0,7.53e-5,0.0025,0.30699999999999994,0.5872523687443223,0.024265512660232295,0.15641088438060688,0.7592182246175333
0.4999999999999999,0.0024247,1.0,3.352172611377796,-269.53180094391666,-265.62113527499025,1.0,1.0,7.53e-5,0.0025,0.30699999999999994,0.5872523687443223,0.024227045842746073,0.15628584015669475,0.7853981633974483
0.5261679781214718,0.0024247,1.0,3.3071991042589843,-269.5098442853044,-265.59864852143085,1.0,1.0,7.53e-5,0.0025,0.30699999999999994,0.5872523687443223,0.02417536740979394,0.15611769639735318,0.8115781021773631
0.5522642316338265,0.0024247,1.0,2.5883345497682058,-269.1505080659664,-265.23921624418546,1.0,1.0,7.53e-5,0.0025,0.30699999999999994,0.5872523687443223,0.024127114797876607,0.15596054078306745,0.837758040957278
0.5782172325201155,0.0024247,1.0,1.4692836802454394,-268.59086419662395,-264.6796908094241,1.0,1.0,7.53e-5,0.0025,0.30699999999999994,0.5872523687443223,0.024099553634250447,0.15587070709154754,0.8639379797371931
0.6039558454088795,0.0024247,1.0,0.4193014773103414,-268.0659161599099,-264.1546997079565,1.0,1.0,7.53e-5,0.0025,0.30699999999999994,0.5872523687443223,0.024106744275586813,0.1558941493139496,0.890117918517108
0.6294095225512604,0.0024247,1.0,0.0,-267.8563252985411,-263.94504896930135,1.0,1.0,7.53e-5,0.0025,0.30699999999999994,0.5872523687443223,0.02415749302155865,0.1560594985300609,0.916297857297023
0.6545084971874737,0.0024247,1.0,0.7647234488671302,-268.2376001245209,-264.3274106937349,1.0,1.0,7.53e-5,0.0025,0.30699999999999994,0.5872523687443223,0.024255303748434254,0.15637770766097583,0.9424777960769379
0.67918397477265,0.0024247,1.0,3.184937028517652,-269.4432325550289,-265.5375174835602,1.0,1.0,7.53e-5,0.0025,0.30699999999999994,0.5872523687443223,0.024399536210495957,0.15684580202752713,0.9686577348568528
0.7033683215379,0.0024247,1.0,7.609829773659271,-271.6448028989133,-267.749963856131,1.0,1.0,7.53e-5,0.0025,0.30699999999999994,0.5872523687443223,0.02458685714375319,0.15745172750253655,0.9948376736367678
0.7269952498697734,0.0024247,1.0,14.253310335669198,-274.94593332295324,-271.07170413713595,1.0,1.0,7.53e-5,0.0025,0.30699999999999994,0.5872523687443223,0.024812438113351022,0.15817843394050665,1.0210176124166828
0.7499999999999999,0.0024247,1.0,23.198860626519945,-279.3851569428941,-275.5444792825613,1.0,1.0,7.53e-5,0.0025,0.30699999999999994,0.5872523687443223,0.025070764847678464,0.1590066874954282,1.0471975511965976
0.24999999999999994,0.0024747000000000003,1.0,31.754375687626634,-283.72200494771596,-279.82223681311467,1.0,1.0,7.53e-5,0.00255,0.30699999999999994,0.5872523687443223,0.023767625843504874,0.15478485021960178,0.5235987755982988
0.2730047501302265,0.0024747000000000003,1.0,20.467356730040137,-278.0826298400675,-274.1787273343214,1.0,1.0,7.53e-5,0.00255,0.30699999999999994,0.5872523687443223,0.0238413487968371,0.1550266606541052,0.5497787143782138
0.29663167846209976,0.0024747000000000003,1.0,11.792347926072921,-273.74876811259105,-269.8412229323378,1.0,1.0,7.53e-5,0.00255,0.30699999999999994,0.5872523687443223,0.023926764247701193,0.15530636670686374,0.5759586531581287
0.32081602522734987,0.0024747000000000003,1.0,5.718236679095867,-270.7142784905734,-266.8041673088493,1.0,1.0,7.53e-5,0.00255,0.30699999999999994,0.5872523687443223,0.024019428066094885,0.15560925845232765,0.6021385919380436
0.3454915028125263,0.0024747000000000003,1.0,2.1002103714757823,-268.90640109555443,-264.99515415503924,1.0,1.0,7.53e-5,0.00255,0.30699999999999994,0.5872523687443223,0.02411300257858522,0.15591454924332251,0.6283185307179586
0.3705904774487395,0.0024747000000000003,1.0,0.6450854717495531,-268.1785971215472,-264.26759170517613,1.0,1.0,7.53e-5,0.00255,0.30699999999999994,0.5872523687443223,0.024199270787561924,0.15619549148897113,0.6544984694978735
0.39604415459112025,0.0024747000000000003,1.0,0.9080426615187207,-268.30898924358826,-264.3990703000607,1.0,1.0,7.53e-5,0.00255,0.30699999999999994,0.5872523687443223,0.02426864203044807,0.15642105278319934,0.6806784082777885
0.4217827674798846,0.0024747000000000003,1.0,2.3103376102703805,-269.00907019618114,-265.10021777443654,1.0,1.0,7.53e-5,0.00255,0.30699999999999994,0.5872523687443223,0.02431147841580422,0.15656017875223235,0.7068583470577035
0.4477357683661731,0.0024747000000000003,1.0,4.188893438114064,-269.94808719603793,-266.0394956883584,1.0,1.0,7.53e-5,0.00255,0.30699999999999994,0.5872523687443223,0.024320429209164822,0.15658923444806255,0.7330382858376183
0.47383202187852796,0.0024747000000000003,1.0,5.884046555210148,-270.7964104606404,-266.8870722469064,1.0,1.0,7.53e-5,0.00255,0.30699999999999994,0.5872523687443223,0.024293442742508012,0.15650161624755696,0.7592182246175333
0.4999999999999999,0.0024747000000000003,1.0,6.857159219939376,-271.2841531314486,-267.37362857927104,1.0,1.0,7.53e-5,0.00255,0.30699999999999994,0.5872523687443223,0.024236278003613818,0.15631585999910444,0.7853981633974483
0.5261679781214718,0.0024747000000000003,1.0,6.808090819760309,-271.2603521741911,-267.3490943791815,1.0,1.0,7.53e-5,0.00255,0.30699999999999994,0.5872523687443223,0.024162834579157723,0.1560768924998761,0.8115781021773631
0.5522642316338265,0.0024747000000000003,1.0,5.748232335866987,-270.7302870843529,-266.81916513723485,1.0,1.0,7.53e-5,0.00255,0.30699999999999994,0.5872523687443223,0.024092391186778576,0.15584735339290987,0.837758040957278
0.5782172325201155,0.0024747000000000003,1.0,3.995670262091153,-269.853446954035,-265.94288410034693,1.0,1.0,7.53e-5,0.00255,0.30699999999999994,0.5872523687443223,0.024044771134007905,0.15569199846479098,0.8639379797371931
0.6039558454088795,0.0024747000000000003,1.0,2.0942936680623916,-268.9026118901702,-264.99219580333255,1.0,1.0,7.53e-5,0.00255,0.30699999999999994,0.5872523687443223,0.024035850182680313,0.15566287820814337,0.890117918517108
0.6294095225512604,0.0024747000000000003,1.0,0.6928663458229494,-268.202446722613,-264.2914821422128,1.0,1.0,7.53e-5,0.00255,0.30699999999999994,0.5872523687443223,0.024075286303419745,0.155791567933019,0.916297857297023
0.6545084971874737,0.0024747000000000003,1.0,0.42864907544651487,-268.07061520985854,-264.1593735070246,1.0,1.0,7.53e-5,0.00255,0.30699999999999994,0.5872523687443223,0.024166641337533528,0.1560892874852296,0.9424777960769379
0.67918397477265,0.0024747000000000003,1.0,1.8439804689585344,-268.7759654140194,-264.8670392037806,1.0,1.0,7.53e-5,0.00255,0.30699999999999994,0.5872523687443223,0.024308861876310286,0.15655168406465925,0.9686577348568528
0.7033683215379,0.0024747000000000003,1.0,5.342008413476151,-270.5167612199896,-266.61605317603943,1.0,1.0,7.53e-5,0.00255,0.30699999999999994,0.5872523687443223,0.02449800339613751,0.15716459460420534,0.9948376736367678
0.7269952498697734,0.0024747000000000003,1.0,11.173803447167984,-273.4147918619011,-269.53195069288535,1.0,1.0,7.53e-5,0.00255,0.30699999999999994,0.5872523687443223,0.02472859987195045,0.15790872747760082,1.0210176124166828
0.7499999999999999,0.0024747000000000003,1.0,19.44530195707796,-277.5193726701562,-273.66769994784033,1.0,1.0,7.53e-5,0.00255,0.30699999999999994,0.5872523687443223,0.02499454775817388,0.15876275256969108,1.0471975511965976
0.24999999999999994,0.0025247,1.0,27.94531034172269,-281.8187958061959,-277.9177041401627,1.0,1.0,7.53e-5,0.0026,0.30699999999999994,0.5872523687443223,0.023789514102916718,0.15485668159924085,0.5235987755982988
0.2730047501302265,0.0025247,1.0,17.30734125732363,-276.5040213608211,-272.59871959796317,1.0,1.0,7.53e-5,0.0026,0.30699999999999994,0.5872523687443223,0.023870898694619187,0.15512348156211903,0.5497787143782138
0.29663167846209976,0.0025247,1.0,9.450266191793617,-272.57894381636146,-268.67018206519816,1.0,1.0,7.53e-5,0.0026,0.30699999999999994,0.5872523687443223,0.023964430608961633,0.15542955625267296,0.5759586531581287
0.32081602522734987,0.0025247,1.0,4.349034946019742,-270.0304146215529,-266.1195664423112,1.0,1.0,7.53e-5,0.0026,0.30699999999999994,0.5872523687443223,0.024065136501956578,0.15575845647425626,0.6021385919380436
0.3454915028125263,0.0025247,1.0,1.8312345721404881,-268.7719113421682,-264.8606662553716,1.0,1.0,7.53e-5,0.0026,0.30699999999999994,0.5872523687443223,0.024165885966080443,0.1560868280357641,0.6283185307179586
0.3705904774487395,0.0025247,1.0,1.5594380731772617,-268.63491759244255,-264.72476800589,1.0,1.0,7.53e-5,0.0026,0.30699999999999994,0.5872523687443223,0.02425736281185422,0.15638439971258483,0.6544984694978735
0.39604415459112025,0.0025247,1.0,3.025682353445518,-269.36623212695645,-265.4578901460241,1.0,1.0,7.53e-5,0.0026,0.30699999999999994,0.5872523687443223,0.0243285960433033,0.15661574073961793,0.6806784082777885
0.4217827674798846,0.0025247,1.0,5.569177069754005,-270.6366053993156,-266.72963750417836,1.0,1.0,7.53e-5,0.0026,0.30699999999999994,0.5872523687443223,0.02436844006438628,0.1567449964028085,0.7068583470577035
0.4477357683661731,0.0025247,1.0,8.430483924342525,-272.0672646336411,-268.1602909314726,1.0,1.0,7.53e-5,0.0026,0.30699999999999994,0.5872523687443223,0.02436828617397841,0.1567444973742056,0.7330382858376183
0.47383202187852796,0.0025247,1.0,10.85072011392674,-273.2788432388387,-269.3704090262647,1.0,1.0,7.53e-5,0.0026,0.30699999999999994,0.5872523687443223,0.02432561882732368,0.15660607838461482,0.7592182246175333
0.4999999999999999,0.0025247,1.0,12.2075202582148,-273.9591512758009,-270.04880909840875,1.0,1.0,7.53e-5,0.0026,0.30699999999999994,0.5872523687443223,0.02424704774985547,0.15635087250044694,0.7853981633974483
0.5261679781214718,0.0025247,1.0,12.15303390407837,-273.9328624298183,-270.02156592134054,1.0,1.0,7.53e-5,0.0026,0.30699999999999994,0.5872523687443223,0.024148723411068208,0.15603093755992228,0.8115781021773631
0.5522642316338265,0.0025247,1.0,10.700745496501327,-273.20610819052297,-269.295421717552,1.0,1.0,7.53e-5,0.0026,0.30699999999999994,0.5872523687443223,0.024053000482626808,0.15571885648240913,0.837758040957278
0.5782172325201155,0.0025247,1.0,8.220129737125376,-271.96437847354093,-268.05511383786404,1.0,1.0,7.53e-5,0.0026,0.30699999999999994,0.5872523687443223,0.02398264162598544,0.1554890823440906,0.8639379797371931
0.6039558454088795,0.0025247,1.0,5.341117952122545,-270.5241041385416,-266.6156079453626,1.0,1.0,7.53e-5,0.0026,0.30699999999999994,0.5872523687443223,0.023955544486267345,0.15540050230120822,0.890117918517108
0.6294095225512604,0.0025247,1.0,2.812215378894848,-269.2604109266593,-265.3511566587488,1.0,1.0,7.53e-5,0.0026,0.30699999999999994,0.5872523687443223,0.023982244737164652,0.15548778527430296,0.916297857297023
0.6545084971874737,0.0025247,1.0,1.3658522901558854,-268.5388372674116,-264.6279751143793,1.0,1.0,7.53e-5,0.0026,0.30699999999999994,0.5872523687443223,0.024066280185617267,0.1557621878270021,0.9424777960769379
0.67918397477265,0.0025247,1.0,1.623950126261434,-268.66795818418575,-264.75702403243207,1.0,1.0,7.53e-5,0.0026,0.30699999999999994,0.5872523687443223,0.02420605822085885,0.1562175747993119,0.9686577348568528
0.7033683215379,0.0025247,1.0,4.049634332283858,-269.87569326280516,-265.9698661354433,1.0,1.0,7.53e-5,0.0026,0.30699999999999994,0.5872523687443223,0.02439690664046127,0.1568372800698959,0.9948376736367678
0.7269952498697734,0.0025247,1.0,8.93486141466667,-272.303797747253,-268.4124796766347,1.0,1.0,7.53e-5,0.0026,0.30699999999999994,0.5872523687443223,0.02463262701534246,0.1575994365190965,1.0210176124166828
0.7499999999999999,0.0025247,1.0,16.409999745956725,-276.01328857229595,-272.1500488422797,1.0,1.0,7.53e-5,0.0026,0.30699999999999994,0.5872523687443223,0.0249064582928954,0.15848036787104006,1.0471975511965976
0.24999999999999994,0.0025747,1.0,24.75623698646632,-280.22571570795617,-276.3231674625345,1.0,1.0,7.53e-5,0.00265,0.30699999999999994,0.5872523687443223,0.023815327366841766,0.1549413523703351,0.5235987755982988
0.2730047501302265,0.0025747,1.0,14.88513225956342,-275.2943556559299,-271.38761509908306,1.0,1.0,7.53e-5,0.00265,0.30699999999999994,0.5872523687443223,0.02390517738638836,0.15523572325603222,0.5497787143782138
0.29663167846209976,0.0025747,1.0,7.978102874084584,-271.8439662307056,-267.93410040634365,1.0,1.0,7.53e-5,0.00265,0.30699999999999994,0.5872523687443223,0.024007698408825735,0.15557094907128258,0.5759586531581287
0.32081602522734987,0.0025747,1.0,3.995209068326176,-269.8539177618541,-265.94265350346444,1.0,1.0,7.53e-5,0.00265,0.30699999999999994,0.5872523687443223,0.024117341093802525,0.15592868980519142,0.6021385919380436
0.3454915028125263,0.0025747,1.0,2.734136342640909,-269.222796524434,-265.3121171406218,1.0,1.0,7.53e-5,0.00265,0.30699999999999994,0.5872523687443223,0.024226096438370565,0.15628275270079017,0.6283185307179586
0.3705904774487395,0.0025747,1.0,3.809045916227319,-269.7580733904721,-265.849571927415,1.0,1.0,7.53e-5,0.00265,0.30699999999999994,0.5872523687443223,0.024323417835750365,0.1565989348432492,0.6544984694978735
0.39604415459112025,0.0025747,1.0,6.6422418842242905,-271.1720032851073,-267.2661699114135,1.0,1.0,7.53e-5,0.00265,0.30699999999999994,0.5872523687443223,0.024396759276433647,0.15683680247666798,0.6806784082777885
0.4217827674798846,0.0025747,1.0,10.481486539468165,-273.08997073350713,-269.18579223903544,1.0,1.0,7.53e-5,0.00265,0.30699999999999994,0.5872523687443223,0.024433249140995594,0.1569550198560169,0.7068583470577035
0.4477357683661731,0.0025747,1.0,14.458941770320052,-275.0791944060766,-271.1745198544614,1.0,1.0,7.53e-5,0.00265,0.30699999999999994,0.5872523687443223,0.024422800326182725,0.15692117729618899,0.7330382858376183
0.47383202187852796,0.0025747,1.0,17.703121647289436,-276.70380473678387,-272.7966097929461,1.0,1.0,7.53e-5,0.00265,0.30699999999999994,0.5872523687443223,0.024362344620970856,0.15672522920964801,0.7592182246175333
0.4999999999999999,0.0025747,1.0,19.495907187214357,-277.60311058694447,-273.69300256290853,1.0,1.0,7.53e-5,0.00265,0.30699999999999994,0.5872523687443223,0.024259473237728195,0.15639125840714513,0.7853981633974483
0.5261679781214718,0.0025747,1.0,19.434561356290487,-277.5736303637674,-273.6623296474466,1.0,1.0,7.53e-5,0.00265,0.30699999999999994,0.5872523687443223,0.024132946387024692,0.15597954202603023,0.8115781021773631
0.5522642316338265,0.0025747,1.0,17.534899883403,-276.6223862099199,-272.71249891100285,1.0,1.0,7.53e-5,0.00265,0.30699999999999994,0.5872523687443223,0.024008682779051646,0.1555741644021659,0.837758040957278
0.5782172325201155,0.0025747,1.0,14.225413690592859,-274.9647891419726,-271.0577558145978,1.0,1.0,7.53e-5,0.00265,0.30699999999999994,0.5872523687443223,0.023912792069810902,0.1552606460159093,0.8639379797371931
0.6039558454088795,0.0025747,1.0,10.234464982101144,-272.9673340612433,-269.0622814603519,1.0,1.0,7.53e-5,0.00265,0.30699999999999994,0.5872523687443223,0.02386540131404613,0.15510547369872982,0.890117918517108
0.6294095225512604,0.0025747,1.0,6.423884715012946,-271.06260467153186,-267.1569913268078,1.0,1.0,7.53e-5,0.00265,0.30699999999999994,0.5872523687443223,0.023877937346685627,0.1551465352420357,0.916297857297023
0.6545084971874737,0.0025747,1.0,3.6333131070604168,-269.6701482537577,-265.76170552283156,1.0,1.0,7.53e-5,0.00265,0.30699999999999994,0.5872523687443223,0.023953807296992913,0.15539482179548797,0.9424777960769379
0.67918397477265,0.0025747,1.0,2.5734840278915954,-269.1428998816571,-265.23179098324715,1.0,1.0,7.53e-5,0.00265,0.30699999999999994,0.5872523687443223,0.02409074247030082,0.1558419771494848,0.9686577348568528
0.7033683215379,0.0025747,1.0,3.7738072180030713,-269.7415425116683,-265.8319525783029,1.0,1.0,7.53e-5,0.00265,0.30699999999999994,0.5872523687443223,0.02428321599523239,0.1564684001996047,0.9948376736367678
0.7269952498697734,0.0025747,1.0,7.570968802780953,-271.6296440563842,-267.73053337069183,1.0,1.0,7.53e-5,0.00265,0.30699999999999994,0.5872523687443223,0.024524198319405745,0.1572492967818474,1.0210176124166828
0.7499999999999999,0.0025747,1.0,14.121756370341018,-274.88083601730256,-271.00592715447186,1.0,1.0,7.53e-5,0.00265,0.30699999999999994,0.5872523687443223,0.024806197538459362,0.1581583734096382,1.0471975511965976
0.24999999999999994,0.0026247,1.0,22.209938198662257,-278.9541129296376,-275.0500180686325,1.0,1.0,7.53e-5,0.0027,0.30699999999999994,0.5872523687443223,0.023845233360318713,0.1550393918545451,0.5235987755982988
0.2730047501302265,0.0026247,1.0,13.228364722877586,-274.4673758562019,-270.55923133074015,1.0,1.0,7.53e-5,0.0027,0.30699999999999994,0.5872523687443223,0.023944403013930738,0.15536406685991508,0.5497787143782138
0.29663167846209976,0.0026247,1.0,7.409204708294965,-271.56039169426856,-267.64965132344884,1.0,1.0,7.53e-5,0.0027,0.30699999999999994,0.5872523687443223,0.024056846140749006,0.15573140597020432,0.5759586531581287
0.32081602522734987,0.0026247,1.0,4.696710402376539,-270.2045937425297,-266.2934041704896,1.0,1.0,7.53e-5,0.0027,0.30699999999999994,0.5872523687443223,0.024176387315968564,0.1561210165138957,0.6021385919380436
0.3454915028125263,0.0026247,1.0,4.856328728362655,-270.28253600579365,-266.3732133334827,1.0,1.0,7.53e-5,0.0027,0.30699999999999994,0.5872523687443223,0.024294052111155994,0.15650359523623844,0.6283185307179586
0.3705904774487395,0.0026247,1.0,7.449497510317769,-271.5755821247524,-267.66979772446024,1.0,1.0,7.53e-5,0.0027,0.30699999999999994,0.5872523687443223,0.024397912427649215,0.1568405396958936,0.6544984694978735
0.39604415459112025,0.0026247,1.0,11.821900041153526,-273.75809206585217,-269.8559989898781,1.0,1.0,7.53e-5,0.0027,0.30699999999999994,0.5872523687443223,0.024473652655163467,0.15708581604937652,0.6806784082777885
0.4217827674798846,0.0026247,1.0,17.119943489552497,-276.40522803926143,-272.5050207140776,1.0,1.0,7.53e-5,0.0027,0.30699999999999994,0.5872523687443223,0.024506413526072537,0.15719179385559617,0.7068583470577035
0.4477357683661731,0.0026247,1.0,22.354608120167313,-279.02384610431693,-275.122353029385,1.0,1.0,7.53e-5,0.0027,0.30699999999999994,0.5872523687443223,0.02448441025509147,0.15712062332051202,0.7330382858376183
0.47383202187852796,0.0026247,1.0,26.52748932590771,-281.114319313155,-277.2087936322552,1.0,1.0,7.53e-5,0.0027,0.30699999999999994,0.5872523687443223,0.024403921639489703,0.15686001340837522,0.7592182246175333
0.4999999999999999,0.0026247,1.0,28.811759103624922,-282.2607382017975,-278.3509285211138,1.0,1.0,7.53e-5,0.0027,0.30699999999999994,0.5872523687443223,0.024273656596618072,0.15643734550444138,0.7853981633974483
0.5261679781214718,0.0026247,1.0,28.742006245825337,-282.2273090212237,-278.316052092214,1.0,1.0,7.53e-5,0.0027,0.30699999999999994,0.5872523687443223,0.024115408196510823,0.15592239004880404,0.8115781021773631
0.5522642316338265,0.0026247,1.0,26.336598068516423,-281.02195446068004,-277.11334800355957,1.0,1.0,7.53e-5,0.0027,0.30699999999999994,0.5872523687443223,0.023959180602987802,0.15541239153652744,0.837758040957278
0.5782172325201155,0.0026247,1.0,22.091266767072284,-278.89425817080064,-274.9906823528375,1.0,1.0,7.53e-5,0.0027,0.30699999999999994,0.5872523687443223,0.02383486602729758,0.1550054118850105,0.8639379797371931
0.6039558454088795,0.0026247,1.0,16.84615102430746,-276.2677300515188,-272.3681244814551,1.0,1.0,7.53e-5,0.0027,0.30699999999999994,0.5872523687443223,0.023765026630449774,0.1547763181583412,0.890117918517108
0.6294095225512604,0.0026247,1.0,11.590974292551323,-273.63994923600495,-269.740536115577,1.0,1.0,7.53e-5,0.0027,0.30699999999999994,0.5872523687443223,0.023761973002983702,0.15476629387495047,0.916297857297023
0.6545084971874737,0.0026247,1.0,7.285413871567698,-271.49102263902864,-267.5877559050852,1.0,1.0,7.53e-5,0.0027,0.30699999999999994,0.5872523687443223,0.023828858359219236,0.15498571785335377,0.9424777960769379
0.67918397477265,0.0026247,1.0,4.7387702192262395,-270.2231417323883,-266.3144340789145,1.0,1.0,7.53e-5,0.0027,0.30699999999999994,0.5872523687443223,0.02396258392787612,0.15542351880072838,0.9686577348568528
0.7033683215379,0.0026247,1.0,4.553336291398182,-270.13299597840023,-266.22171711500044,1.0,1.0,7.53e-5,0.0027,0.30699999999999994,0.5872523687443223,0.024156635868000202,0.1560567071652673,0.9948376736367678
0.7269952498697734,0.0026247,1.0,7.114492361214161,-271.40785879343053,-267.50229514990843,1.0,1.0,7.53e-5,0.0027,0.30699999999999994,0.5872523687443223,0.024403048392547123,0.15685718367164378,1.0210176124166828
0.7499999999999999,0.0026247,1.0,12.60744030079411,-274.134879454793,-270.2487691196984,1.0,1.0,7.53e-5,0.0027,0.30699999999999994,0.5872523687443223,0.024693527909027454,0.1577957692851969,1.0471975511965976
0.24999999999999994,0.0026747,1.0,20.32766062589178,-278.01455617086066,-274.10887928224724,1.0,1.0,7.53e-5,0.00275,0.30699999999999994,0.5872523687443223,0.02387939640481388,0.15515131367676432,0.5235987755982988
0.2730047501302265,0.0026747,1.0,12.362971856069294,-274.0359568246332,-270.126534897336,1.0,1.0,7.53e-5,0.00275,0.30699999999999994,0.5872523687443223,0.023988791926252334,0.15550918076268652,0.5497787143782138
0.29663167846209976,0.0026747,1.0,7.7750634870147906,-271.7438238943952,-267.83258071280875,1.0,1.0,7.53e-5,0.00275,0.30699999999999994,0.5872523687443223,0.024112152623210537,0.15591177883075064,0.5759586531581287
0.32081602522734987,0.0026747,1.0,6.491500332517944,-271.10121849196264,-267.1907991355603,1.0,1.0,7.53e-5,0.00275,0.30699999999999994,0.5872523687443223,0.02424262668634069,0.15633650051748166,0.6021385919380436
0.3454915028125263,0.0026747,1.0,8.243121218344982,-271.9735117003459,-268.06660957847384,1.0,1.0,7.53e-5,0.00275,0.30699999999999994,0.5872523687443223,0.024370175993076865,0.15675062548460691,0.6283185307179586
0.3705904774487395,0.0026747,1.0,12.534185945267836,-274.11380810922617,-270.2121419419353,1.0,1.0,7.53e-5,0.00275,0.30699999999999994,0.5872523687443223,0.024481341196220762,0.15711069383924223,0.6544984694978735
0.39604415459112025,0.0026747,1.0,18.626567208527604,-277.1550936636886,-273.25833257356516,1.0,1.0,7.53e-5,0.00275,0.30699999999999994,0.5872523687443223,0.02455980594520199,0.15736436457076575,0.6806784082777885
0.4217827674798846,0.0026747,1.0,25.554898560742004,-280.6172200770458,-276.72249824967236,1.0,1.0,7.53e-5,0.00275,0.30699999999999994,0.5872523687443223,0.02458845482953402,0.15745688582736225,0.7068583470577035
0.4477357683661731,0.0026747,1.0,32.19545128601476,-283.9399626531218,-280.04277461230873,1.0,1.0,7.53e-5,0.00275,0.30699999999999994,0.5872523687443223,0.024553560458182577,0.15734418785654777,0.7330382858376183
0.47383202187852796,0.0026747,1.0,37.40765807380001,-286.55219178986385,-282.64887800620136,1.0,1.0,7.53e-5,0.00275,0.30699999999999994,0.5872523687443223,0.024450633116423953,0.15701130900765556,0.7592182246175333
0.4999999999999999,0.0026747,1.0,40.24210282039007,-287.9755329321558,-284.0661003794964,1.0,1.0,7.53e-5,0.00275,0.30699999999999994,0.5872523687443223,0.024289691078145624,0.15648943179031014,0.7853981633974483
0.5261679781214718,0.0026747,1.0,40.162301472040554,-287.9373486403672,-284.02619970532163,1.0,1.0,7.53e-5,0.00275,0.30699999999999994,0.5872523687443223,0.024096000508277746,0.1558591222802231,0.8115781021773631
0.5522642316338265,0.0026747,1.0,37.189365004660544,-286.44643503723927,-282.5397314716316,1.0,1.0,7.53e-5,0.00275,0.30699999999999994,0.5872523687443223,0.023904232958997247,0.1552326318875612,0.837758040957278
0.5782172325201155,0.0026747,1.0,31.895075600981272,-283.79113298435,-279.892586769792,1.0,1.0,7.53e-5,0.00275,0.30699999999999994,0.5872523687443223,0.023748516823813823,0.1547221131684143,0.8639379797371931
0.6039558454088795,0.0026747,1.0,25.245647196036998,-280.4594655620694,-276.56787256731985,1.0,1.0,7.53e-5,0.00275,0.30699999999999994,0.5872523687443223,0.023654049042437928,0.15441160241443738,0.890117918517108
0.6294095225512604,0.0026747,1.0,18.37425398279788,-277.0220971523909,-273.1321759607003,1.0,1.0,7.53e-5,0.00275,0.30699999999999994,0.5872523687443223,0.023633996396029373,0.15434561259634802,0.916297857297023
0.6545084971874737,0.0026747,1.0,12.374238846658386,-274.0266706797489,-270.13216839263055,1.0,1.0,7.53e-5,0.00275,0.30699999999999994,0.5872523687443223,0.023691112968914785,0.15453350163088622,0.9424777960769379
0.67918397477265,0.0026747,1.0,8.16375936152474,-271.92979809930995,-268.0269286500637,1.0,1.0,7.53e-5,0.00275,0.30699999999999994,0.5872523687443223,0.02382130458429121,0.15496095201542556,0.9686577348568528
0.7033683215379,0.0026747,1.0,6.4248877001138,-271.067553521238,-267.15749281935825,1.0,1.0,7.53e-5,0.00275,0.30699999999999994,0.5872523687443223,0.02401692250129724,0.15560107597570516,0.9948376736367678
0.7269952498697734,0.0026747,1.0,7.5957819656865695,-271.65285195467834,-267.74293995214464,1.0,1.0,7.53e-5,0.00275,0.30699999999999994,0.5872523687443223,0.02426896632621786,0.1564221064953889,1.0210176124166828
0.7499999999999999,0.0026747,1.0,11.892055008297234,-273.7872494256732,-269.89107647344997,1.0,1.0,7.53e-5,0.00275,0.30699999999999994,0.5872523687443223,0.024568262280065128,0.15739167968052534,1.0471975511965976
0.24999999999999994,0.0027247,1.0,19.129170326006147,-277.4168612929838,-273.5096341323044,1.0,1.0,7.53e-5,0.0028,0.30699999999999994,0.5872523687443223,0.023917978664180186,0.1552776194556869,0.5235987755982988
0.2730047501302265,0.0027247,1.0,12.313264187745744,-274.01214314515556,-270.1016810631742,1.0,1.0,7.53e-5,0.0028,0.30699999999999994,0.5872523687443223,0.02403856056532198,0.15567172614457495,0.5497787143782138
0.29663167846209976,0.0027247,1.0,9.105430819231174,-272.40896874361687,-268.49776437891694,1.0,1.0,7.53e-5,0.0028,0.30699999999999994,0.5872523687443223,0.024173901015078856,0.156112922699977,0.5759586531581287
0.32081602522734987,0.0027247,1.0,9.415718075693235,-272.56161806030417,-268.65290800714797,1.0,1.0,7.53e-5,0.0028,0.30699999999999994,0.5872523687443223,0.024316418202575886,0.15657621472887287,0.6021385919380436
0.3454915028125263,0.0027247,1.0,12.937964634023274,-274.31712505660016,-270.414031286313,1.0,1.0,7.53e-5,0.0028,0.30699999999999994,0.5872523687443223,0.024454904849810218,0.15702513785463526,0.6283185307179586
0.3705904774487395,0.0027247,1.0,19.114661804900493,-277.3981324730194,-273.5023798717516,1.0,1.0,7.53e-5,0.0028,0.30699999999999994,0.5872523687443223,0.024574206689057815,0.15741087818591248,0.6544984694978735
0.39604415459112025,0.0027247,1.0,27.116381914176486,-281.39265003013327,-277.5032399263896,1.0,1.0,7.53e-5,0.0028,0.30699999999999994,0.5872523687443223,0.0246557604500972,0.15767404209581865,0.6806784082777885
0.4217827674798846,0.0027247,1.0,35.855048630853844,-285.75989992031793,-281.8725732847283,1.0,1.0,7.53e-5,0.0028,0.30699999999999994,0.5872523687443223,0.024679908968894704,0.15775188494550543,0.7068583470577035
0.4477357683661731,0.0027247,1.0,44.05793165600414,-289.86548849165763,-285.9740147973034,1.0,1.0,7.53e-5,0.0028,0.30699999999999994,0.5872523687443223,0.024630692830961004,0.15759319720701062,0.7330382858376183
0.47383202187852796,0.0027247,1.0,50.42609481235081,-293.05852187276963,-289.15809637547676,1.0,1.0,7.53e-5,0.0028,0.30699999999999994,0.5872523687443223,0.024502772741308715,0.15718001973045942,0.7592182246175333
0.4999999999999999,0.0027247,1.0,53.87268922235114,-294.79035340888896,-290.8813935804769,1.0,1.0,7.53e-5,0.0028,0.30699999999999994,0.5872523687443223,0.02430765636814823,0.15654777018997137,0.7853981633974483
0.5261679781214718,0.0027247,1.0,53.78111308451889,-294.74656275003986,-290.8356055115608,1.0,1.0,7.53e-5,0.0028,0.30699999999999994,0.5872523687443223,0.02407459889285236,0.15578932562461875,0.8115781021773631
0.5522642316338265,0.0027247,1.0,50.17537470141542,-292.93674892769735,-289.03273632000906,1.0,1.0,7.53e-5,0.0028,0.30699999999999994,0.5872523687443223,0.023843565973631044,0.15503392731450166,0.837758040957278
0.5782172325201155,0.0027247,1.0,43.7127209397795,-289.6929491167685,-285.8014094391911,1.0,1.0,7.53e-5,0.0028,0.30699999999999994,0.5872523687443223,0.023653396548983623,0.15440945560016026,0.8639379797371931
0.6039558454088795,0.0027247,1.0,35.50073707723084,-285.5757801706641,-281.6954175079168,1.0,1.0,7.53e-5,0.0028,0.30699999999999994,0.5872523687443223,0.023532110925873623,0.1540099021666984,0.890117918517108
0.6294095225512604,0.0027247,1.0,26.832643446307202,-281.237664381187,-277.36137069245495,1.0,1.0,7.53e-5,0.0028,0.30699999999999994,0.5872523687443223,0.02349367959952353,0.1538830876116244,0.916297857297023
0.6545084971874737,0.0027247,1.0,18.94991040230707,-277.30119999042495,-273.4200041704549,1.0,1.0,7.53e-5,0.0028,0.30699999999999994,0.5872523687443223,0.023540290153403944,0.15403687869412186,0.9424777960769379
0.67918397477265,0.0027247,1.0,12.890393769515413,-274.28285579343185,-270.39024585405906,1.0,1.0,7.53e-5,0.0028,0.30699999999999994,0.5872523687443223,0.02366666942110444,0.1544531199212469,0.9686577348568528
0.7033683215379,0.0027247,1.0,9.423137917373424,-272.5616010406302,-268.65661792798807,1.0,1.0,7.53e-5,0.0028,0.30699999999999994,0.5872523687443223,0.023863887896150564,0.15510051581471912,0.9948376736367678
0.7269952498697734,0.0027247,1.0,9.043272677527625,-272.3779640914263,-268.46668530806517,1.0,1.0,7.53e-5,0.0028,0.30699999999999994,0.5872523687443223,0.024121794203085477,0.15594320257456093,1.0210176124166828
0.7499999999999999,0.0027247,1.0,11.998807100170893,-273.84877435134376,-269.9444525193868,1.0,1.0,7.53e-5,0.0028,0.30699999999999994,0.5872523687443223,0.02443026812513562,0.1569453653935253,1.0471975511965976
0.24999999999999994,0.0027747,1.0,18.6328058365076,-277.17011688573007,-273.26145188755515,1.0,1.0,7.53e-5,0.00285,0.30699999999999994,0.5872523687443223,0.02396114141858064,0.15541880257108537,0.5235987755982988
0.2730047501302265,0.0027747,1.0,13.102005391961598,-274.4071853640669,-270.49605166528215,1.0,1.0,7.53e-5,0.00285,0.30699999999999994,0.5872523687443223,0.024093927424501702,0.15585236269672356,0.5497787143782138
0.29663167846209976,0.0027747,1.0,11.428429193505849,-273.569687129568,-269.6592635660543,1.0,1.0,7.53e-5,0.00285,0.30699999999999994,0.5872523687443223,0.02424238026109164,0.15633569940125783,0.5759586531581287
0.32081602522734987,0.0027747,1.0,13.503845854112,-274.60274700084216,-270.69697189635735,1.0,1.0,7.53e-5,0.00285,0.30699999999999994,0.5872523687443223,0.024398130735702975,0.1568412471953662,0.6021385919380436
0.3454915028125263,0.0027747,1.0,18.98269771871071,-277.33391380518987,-273.4363978286567,1.0,1.0,7.53e-5,0.00285,0.30699999999999994,0.5872523687443223,0.024548699506294028,0.15732848230003993,0.6283185307179586
0.3705904774487395,0.0027747,1.0,27.240998614446426,-281.45312642776224,-277.56554827652457,1.0,1.0,7.53e-5,0.00285,0.30699999999999994,0.5872523687443223,0.024677050418085284,0.15774267233275283,0.6544984694978735
0.39604415459112025,0.0027747,1.0,37.35024210219342,-286.49970389998435,-282.62017002039806,1.0,1.0,7.53e-5,0.00285,0.30699999999999994,0.5872523687443223,0.024762107593101063,0.15801657472728312,0.6806784082777885
0.4217827674798846,0.0027747,1.0,48.088182921571956,-291.8666936001182,-287.98914043008733,1.0,1.0,7.53e-5,0.00285,0.30699999999999994,0.5872523687443223,0.024781353204420983,0.15807848609661249,0.7068583470577035
0.4477357683661731,0.0027747,1.0,58.017993559959336,-296.8380563291953,-292.954045749281,1.0,1.0,7.53e-5,0.00285,0.30699999999999994,0.5872523687443223,0.024716295082911142,0.15786910566548126,0.7330382858376183
0.47383202187852796,0.0027747,1.0,65.66511778938525,-300.67431120986896,-296.777607863994,1.0,1.0,7.53e-5,0.00285,0.30699999999999994,0.5872523687443223,0.024560643617599423,0.15736707057087868,0.7592182246175333
0.4999999999999999,0.0027747,1.0,69.78935054602016,-302.7480965586288,-298.83972424231143,1.0,1.0,7.53e-5,0.00285,0.30699999999999994,0.5872523687443223,0.024327621987322957,0.15661257956964353,0.7853981633974483
0.5261679781214718,0.0027747,1.0,69.68419136934472,-302.6978029574913,-298.7871446539737,1.0,1.0,7.53e-5,0.00285,0.30699999999999994,0.5872523687443223,0.02405105745362915,0.15571251544822307,0.8115781021773631
0.5522642316338265,0.0027747,1.0,65.37665298007039,-300.53371321081113,-296.63337545933655,1.0,1.0,7.53e-5,0.00285,0.30699999999999994,0.5872523687443223,0.02377688213419146,0.15481523081192206,0.837758040957278
0.5782172325201155,0.0027747,1.0,57.61954706649749,-296.63690714312247,-292.7548225025501,1.0,1.0,7.53e-5,0.00285,0.30699999999999994,0.5872523687443223,0.023549143166906778,0.15406607233214342,0.8639379797371931
0.6039558454088795,0.0027747,1.0,47.67823875304816,-291.6493311806355,-287.78416834582544,1.0,1.0,7.53e-5,0.00285,0.30699999999999994,0.5872523687443223,0.02339885661102361,0.15356975981391238,0.890117918517108
0.6294095225512604,0.0027747,1.0,37.023720292853795,-286.31447552551475,-282.45690911572825,1.0,1.0,7.53e-5,0.00285,0.30699999999999994,0.5872523687443223,0.023340713294335538,0.1533773277434849,0.916297857297023
0.6545084971874737,0.0027747,1.0,27.06093345071224,-281.33778054977086,-277.4755156946575,1.0,1.0,7.53e-5,0.00285,0.30699999999999994,0.5872523687443223,0.023376139914221203,0.15349460407056126,0.9424777960769379
0.67918397477265,0.0027747,1.0,18.958835509070695,-277.301283269379,-273.4244667238367,1.0,1.0,7.53e-5,0.00285,0.30699999999999994,0.5872523687443223,0.023498486390289324,0.15389895445352725,0.9686577348568528
0.7033683215379,0.0027747,1.0,13.580923033660383,-274.6304818340271,-270.73551048613155,1.0,1.0,7.53e-5,0.00285,0.30699999999999994,0.5872523687443223,0.02369738394623455,0.1545541169870508,0.9948376736367678
0.7269952498697734,0.0027747,1.0,11.483582427308534,-273.5955135609825,-269.6868401829556,1.0,1.0,7.53e-5,0.00285,0.30699999999999994,0.5872523687443223,0.023961423878195536,0.15541972607302762,1.0210176124166828
0.7499999999999999,0.0027747,1.0,12.949171022272708,-274.3293124170499,-270.4196344804377,1.0,1.0,7.53e-5,0.00285,0.30699999999999994,0.5872523687443223,0.024279465616442404,0.15645621741681645,1.0471975511965976
0.24999999999999994,0.0028247000000000003,1.0,18.8555276454166,-277.28270797984254,-273.37281279200965,1.0,1.0,7.53e-5,0.0029000000000000002,0.30699999999999994,0.5872523687443223,0.024009046275307106,0.15557535170416376,0.5235987755982988
0.2730047501302265,0.0028247000000000003,1.0,14.750481809501593,-275.23157293445365,-271.32028987405215,1.0,1.0,7.53e-5,0.0029000000000000002,0.30699999999999994,0.5872523687443223,0.024155114949016038,0.15605175409523137,0.5497787143782138
0.29663167846209976,0.0028247000000000003,1.0,14.770653347650523,-275.2390425314408,-271.3303756431266,1.0,1.0,7.53e-5,0.0029000000000000002,0.30699999999999994,0.5872523687443223,0.024317889061111063,0.15658098925424163,0.5759586531581287
0.32081602522734987,0.0028247000000000003,1.0,18.788860283980625,-277.2407587881966,-273.33947911129167,1.0,1.0,7.53e-5,0.0029000000000000002,0.30699999999999994,0.5872523687443223,0.02448815719113573,0.15713274514959333,0.6021385919380436
0.3454915028125263,0.0028247000000000003,1.0,26.4177752629613,-281.0436590265968,-277.153936600782,1.0,1.0,7.53e-5,0.0029000000000000002,0.30699999999999994,0.5872523687443223,0.02465204402260488,0.15766205887785956,0.6283185307179586
0.3705904774487395,0.0028247000000000003,1.0,36.96213498269583,-286.302713610942,-282.42611646064927,1.0,1.0,7.53e-5,0.0029000000000000002,0.30699999999999994,0.5872523687443223,0.024790442678250774,0.1581077179555839,0.6544984694978735
0.39604415459112025,0.0028247000000000003,1.0,49.386309131248254,-292.50474064268076,-288.6382035349255,1.0,1.0,7.53e-5,0.0029000000000000002,0.30699999999999994,0.5872523687443223,0.024879476249065658,0.1583937753497534,0.6806784082777885
0.4217827674798846,0.0028247000000000003,1.0,62.32190047399945,-298.9708493115182,-295.1059992063011,1.0,1.0,7.53e-5,0.0029000000000000002,0.30699999999999994,0.5872523687443223,0.024893398722784496,0.15843846196402012,0.7068583470577035
0.4477357683661731,0.0028247000000000003,1.0,74.15203131087787,-304.8954629360241,-301.0210646247403,1.0,1.0,7.53e-5,0.0029000000000000002,0.30699999999999994,0.5872523687443223,0.024810890569679427,0.15817345954032705,0.7330382858376183
0.47383202187852796,0.0028247000000000003,1.0,83.20809607741103,-309.44105966518214,-305.54909700800687,1.0,1.0,7.53e-5,0.0029000000000000002,0.30699999999999994,0.5872523687443223,0.024624566294250128,0.15757343258493248,0.7592182246175333
0.4999999999999999,0.0028247000000000003,1.0,88.07934214917975,-311.8923678479752,-307.98472004389123,1.0,1.0,7.53e-5,0.0029000000000000002,0.30699999999999994,0.5872523687443223,0.024349663993116853,0.1566840988927144,0.7853981633974483
0.5261679781214718,0.0028247000000000003,1.0,87.95870412334352,-311.8346246420059,-307.9244010309731,1.0,1.0,7.53e-5,0.0029000000000000002,0.30699999999999994,0.5872523687443223,0.024025206936824677,0.1556281290471561,0.8115781021773631
0.5522642316338265,0.0028247000000000003,1.0,82.87625448116307,-309.27862430609196,-305.3831762098829,1.0,1.0,7.53e-5,0.0029000000000000002,0.30699999999999994,0.5872523687443223,0.023703851526666913,0.1545753758730799,0.837758040957278
0.5782172325201155,0.0028247000000000003,1.0,73.69129807605702,-304.6603312127428,-300.79069800732987,1.0,1.0,7.53e-5,0.0029000000000000002,0.30699999999999994,0.5872523687443223,0.023435369716806796,0.15369048491563506,0.8639379797371931
0.6039558454088795,0.0028247000000000003,1.0,61.844691487717455,-298.7125257068879,-294.8673947131601,1.0,1.0,7.53e-5,0.0029000000000000002,0.30699999999999994,0.5872523687443223,0.02325392288069369,0.15308964898670258,0.890117918517108
0.6294095225512604,0.0028247000000000003,1.0,49.0041958131344,-292.27979157318373,-288.44714687586855,1.0,1.0,7.53e-5,0.0029000000000000002,0.30699999999999994,0.5872523687443223,0.02317479976096402,0.15282692752030178,0.916297857297023
0.6545084971874737,0.0028247000000000003,1.0,36.75451313783071,-286.1587961084814,-282.3223055382167,1.0,1.0,7.53e-5,0.0029000000000000002,0.30699999999999994,0.5872523687443223,0.02319844033123778,0.15290546978947028,0.9424777960769379
0.67918397477265,0.0028247000000000003,1.0,26.407674035273658,-281.0031297020573,-277.1488859869382,1.0,1.0,7.53e-5,0.0029000000000000002,0.30699999999999994,0.5872523687443223,0.02331660243557084,0.15329746143736805,0.9686577348568528
0.7033683215379,0.0028247000000000003,1.0,18.929373357968416,-277.28856199104206,-273.40973564828556,1.0,1.0,7.53e-5,0.0029000000000000002,0.30699999999999994,0.5872523687443223,0.02351731586548484,0.15396109383616252,0.9948376736367678
0.7269952498697734,0.0028247000000000003,1.0,14.941599871963831,-275.316840067112,-271.41584890528327,1.0,1.0,7.53e-5,0.0029000000000000002,0.30699999999999994,0.5872523687443223,0.023787803617764548,0.1548510694086737,1.0210176124166828
0.7499999999999999,0.0028247000000000003,1.0,14.762947837799402,-275.2377814573148,-271.32652288820105,1.0,1.0,7.53e-5,0.0029000000000000002,0.30699999999999994,0.5872523687443223,0.02411582684251928,0.15592375453322554,1.0471975511965976
0.24999999999999994,0.0028747,1.0,19.81296260905424,-277.7623371652576,-273.8515302738285,1.0,1.0,7.53e-5,0.00295,0.30699999999999994,0.5872523687443223,0.024061856228953588,0.15574775386060644,0.5235987755982988
0.2730047501302265,0.0028747,1.0,17.278562627391352,-276.4950623187219,-272.58433028299703,1.0,1.0,7.53e-5,0.00295,0.30699999999999994,0.5872523687443223,0.024222351252499698,0.1562705728090189,0.5497787143782138
0.29663167846209976,0.0028747,1.0,19.15725613400116,-277.42934044422157,-273.52367703630193,1.0,1.0,7.53e-5,0.00295,0.30699999999999994,0.5872523687443223,0.02440073974156324,0.15684970230319434,0.5759586531581287
0.32081602522734987,0.0028747,1.0,25.302359209444944,-280.49106438333706,-276.5962285740238,1.0,1.0,7.53e-5,0.00295,0.30699999999999994,0.5872523687443223,0.024586901292488243,0.15745187004434633,0.6021385919380436
0.3454915028125263,0.0028747,1.0,35.28245791318557,-285.4654707594182,-281.58627792589414,1.0,1.0,7.53e-5,0.00295,0.30699999999999994,0.5872523687443223,0.02476546273783553,0.15802736960781152,0.6283185307179586
0.3705904774487395,0.0028747,1.0,48.326156911752946,-291.97029930047955,-288.1081274251778,1.0,1.0,7.53e-5,0.00295,0.30699999999999994,0.5872523687443223,0.024914999693573647,0.158507769961369,0.6544984694978735
0.39604415459112025,0.0028747,1.0,63.28241861031165,-299.43597827724534,-295.5862582744572,1.0,1.0,7.53e-5,0.00295,0.30699999999999994,0.5872523687443223,0.025008559133632244,0.1588076235254893,0.6806784082777885
0.4217827674798846,0.0028747,1.0,78.62418635487995,-307.10570437752983,-303.25714214674133,1.0,1.0,7.53e-5,0.00295,0.30699999999999994,0.5872523687443223,0.02501676353024577,0.15883389214276633,0.7068583470577035
0.4477357683661731,0.0028747,1.0,92.53765394365678,-314.07603916132354,-310.21387594112974,1.0,1.0,7.53e-5,0.00295,0.30699999999999994,0.5872523687443223,0.02491506854732542,0.15850799083590011,0.7330382858376183
0.47383202187852796,0.0028747,1.0,103.14038877940163,-319.4012272448964,-315.51524335900217,1.0,1.0,7.53e-5,0.00295,0.30699999999999994,0.5872523687443223,0.02469492491965574,0.157800270208413,0.7592182246175333
0.4999999999999999,0.0028747,1.0,108.83238640846787,-322.2680029840695,-318.3612421735353,1.0,1.0,7.53e-5,0.00295,0.30699999999999994,0.5872523687443223,0.024373862434031387,0.15676257882831135,0.7853981633974483
0.5261679781214718,0.0028747,1.0,108.69427182867025,-322.20180344938984,-318.2921848836365,1.0,1.0,7.53e-5,0.00295,0.30699999999999994,0.5872523687443223,0.023996855731447827,0.15553552847091268,0.8115781021773631
0.5522642316338265,0.0028747,1.0,102.75917862021709,-319.2137097926328,-315.3246382794099,1.0,1.0,7.53e-5,0.00295,0.30699999999999994,0.5872523687443223,0.023624108440448245,0.15431306297532107,0.837758040957278
0.5782172325201155,0.0028747,1.0,92.00485148871962,-313.80102475074716,-309.94747471366117,1.0,1.0,7.53e-5,0.00295,0.30699999999999994,0.5872523687443223,0.023311659679995985,0.15328108376908026,0.8639379797371931
0.6039558454088795,0.0028747,1.0,78.0668993625776,-306.79777980263157,-302.97849865059015,1.0,1.0,7.53e-5,0.00295,0.30699999999999994,0.5872523687443223,0.02309693498671637,0.15256795647514992,0.890117918517108
0.6294095225512604,0.0028747,1.0,62.83029579578715,-299.16048927799034,-295.36019686719493,1.0,1.0,7.53e-5,0.00295,0.30699999999999994,0.5872523687443223,0.022995650015137915,0.15223045339119518,0.916297857297023
0.6545084971874737,0.0028747,1.0,48.076811382003484,-291.78596465496827,-287.9834546603031,1.0,1.0,7.53e-5,0.00295,0.30699999999999994,0.5872523687443223,0.023006995148567563,0.15226829383517096,0.9424777960769379
0.67918397477265,0.0028747,1.0,35.274094856194665,-285.40560493227434,-281.5820963973987,1.0,1.0,7.53e-5,0.00295,0.30699999999999994,0.5872523687443223,0.023120902198592776,0.15264771454770376,0.9686577348568528
0.7033683215379,0.0028747,1.0,25.498023496630253,-280.5492834173915,-276.6940607176165,1.0,1.0,7.53e-5,0.00295,0.30699999999999994,0.5872523687443223,0.02332363041260192,0.1533207455054506,0.9948376736367678
0.7269952498697734,0.0028747,1.0,19.440557362991058,-277.55234109053345,-273.6653276507969,1.0,1.0,7.53e-5,0.00295,0.30699999999999994,0.5872523687443223,0.023600921927190373,0.15423671047995954,1.0210176124166828
0.7499999999999999,0.0028747,1.0,17.4583156984653,-276.5821857719386,-272.674206818534,1.0,1.0,7.53e-5,0.00295,0.30699999999999994,0.5872523687443223,0.02393937355294782,0.15534761653763218,1.0471975511965976
0.24999999999999994,0.0029247,1.0,21.519441726089894,-278.61604231201255,-274.7047698323463,1.0,1.0,7.53e-5,0.003,0.30699999999999994,0.5872523687443223,0.024119736151865356,0.15593649550817879,0.5235987755982988
0.2730047501302265,0.0029247,1.0,20.70474785753686,-278.206698804239,-274.2974228980698,1.0,1.0,7.53e-5,0.003,0.30699999999999994,0.5872523687443223,0.02429587154782951,0.15650950390391455,0.5497787143782138
0.29663167846209976,0.0029247,1.0,24.612013860370325,-280.152157479181,-276.2510558994865,1.0,1.0,7.53e-5,0.003,0.30699999999999994,0.5872523687443223,0.02449125408510127,0.15714276332495516,0.5759586531581287
0.32081602522734987,0.0029247,1.0,33.07465519952552,-284.3683713303852,-280.4823765690641,1.0,1.0,7.53e-5,0.003,0.30699999999999994,0.5872523687443223,0.024694804903749083,0.1577998835430842,0.6021385919380436
0.3454915028125263,0.0029247,1.0,45.61494815469814,-290.6178486883749,-286.7525230466504,1.0,1.0,7.53e-5,0.003,0.30699999999999994,0.5872523687443223,0.024889499795345202,0.1584259489023938,0.6283185307179586
0.3705904774487395,0.0029247,1.0,61.38049262382867,-298.47884971205673,-294.6352952812157,1.0,1.0,7.53e-5,0.003,0.30699999999999994,0.5872523687443223,0.025051422589712026,0.15894481630498583,0.6544984694978735
0.39604415459112025,0.0029247,1.0,79.09634918713982,-307.32148491769095,-303.49322356287126,1.0,1.0,7.53e-5,0.003,0.30699999999999994,0.5872523687443223,0.02515012077008716,0.15926028477296772,0.6806784082777885
0.4217827674798846,0.0029247,1.0,97.06376373197895,-316.3048560266135,-312.47693083529083,1.0,1.0,7.53e-5,0.003,0.30699999999999994,0.5872523687443223,0.025152185264578315,0.15926687706050593,0.7068583470577035
0.4477357683661731,0.0029247,1.0,113.25411945832923,-324.4188536189488,-320.57210869846597,1.0,1.0,7.53e-5,0.003,0.30699999999999994,0.5872523687443223,0.02502949306376227,0.1588746409160033,0.7330382858376183
0.47383202187852796,0.0029247,1.0,125.54984605707978,-330.59848238176767,-326.71997199784124,1.0,1.0,7.53e-5,0.003,0.30699999999999994,0.5872523687443223,0.024772124122760836,0.15804879991096737,0.7592182246175333
0.4999999999999999,0.0029247,1.0,132.14120933312768,-333.9213353259123,-330.0156536358652,1.0,1.0,7.53e-5,0.003,0.30699999999999994,0.5872523687443223,0.02440031447853739,0.1568483241666578,0.7853981633974483
0.5261679781214718,0.0029247,1.0,131.9834977603772,-333.84559917115047,-329.93679784948995,1.0,1.0,7.53e-5,0.003,0.30699999999999994,0.5872523687443223,0.0239657939075427,0.15543401321109304,0.8115781021773631
0.5522642316338265,0.0029247,1.0,125.11285280967275,-330.3823633623101,-326.5014753741377,1.0,1.0,7.53e-5,0.003,0.30699999999999994,0.5872523687443223,0.023537254935513258,0.15402686854677658,0.837758040957278
0.5782172325201155,0.0029247,1.0,112.63862746235634,-324.0974632599472,-320.2643627004795,1.0,1.0,7.53e-5,0.003,0.30699999999999994,0.5872523687443223,0.023177570676001003,0.1528361354950145,0.8639379797371931
0.6039558454088795,0.0029247,1.0,96.41225552646904,-315.93766739066837,-312.1511767325359,1.0,1.0,7.53e-5,0.003,0.30699999999999994,0.5872523687443223,0.022927510009989757,0.15200298786881952,0.890117918517108
0.6294095225512604,0.0029247,1.0,78.55800221457218,-306.98317088132336,-303.22405007658745,1.0,1.0,7.53e-5,0.003,0.30699999999999994,0.5872523687443223,0.02280298629531901,0.15158644732538862,0.916297857297023
0.6545084971874737,0.0029247,1.0,61.07311759658148,-298.240416339466,-294.4816077675921,1.0,1.0,7.53e-5,0.003,0.30699999999999994,0.5872523687443223,0.022801635286067396,0.151581922022202,0.9424777960769379
0.67918397477265,0.0029247,1.0,45.59399556169717,-290.52513380883465,-286.74204675014994,1.0,1.0,7.53e-5,0.003,0.30699999999999994,0.5872523687443223,0.022911308745167443,0.15194885612374473,0.9686577348568528
0.7033683215379,0.0029247,1.0,33.31489032139257,-284.42520243248936,-280.60249412999764,1.0,1.0,7.53e-5,0.003,0.30699999999999994,0.5872523687443223,0.023116320773017125,0.1526324716038577,0.9948376736367678
0.7269952498697734,0.0029247,1.0,25.002084849634798,-280.3115009892615,-276.44609139411875,1.0,1.0,7.53e-5,0.003,0.30699999999999994,0.5872523687443223,0.023400823966209343,0.15357626692074144,1.0210176124166828
0.7499999999999999,0.0029247,1.0,21.05186980354256,-278.3696392225449,-274.47098387107263,1.0,1.0,7.53e-5,0.003,0.30699999999999994,0.5872523687443223,0.02375018494491705,0.1547275907775751,1.0471975511965976
