ratio,E_GeV,paper_pct,Barr_pct,BarrEnergyBands_pct
νμ/ν̄μ,0.3,0.2,0.78,0.72
νμ/ν̄μ,1.0,1.54,1.73,1.66
νμ/ν̄μ,3.0,2.88,3.25,3.13
νμ/ν̄μ,10.0,5.01,5.69,5.43
νμ/ν̄μ,100.0,15.22,15.88,14.83
νe/ν̄e,0.3,5.65,5.22,5.16
νe/ν̄e,1.0,5.97,5.63,5.57
νe/ν̄e,3.0,6.01,6.44,6.33
νe/ν̄e,10.0,7.48,8.03,7.74
νe/ν̄e,100.0,17.25,17.37,14.13
νμ/νe,0.3,1.31,0.8,0.73
νμ/νe,1.0,1.35,0.87,0.83
νμ/νe,3.0,1.24,1.03,0.96
νμ/νe,10.0,1.06,1.33,1.2
νμ/νe,100.0,3.79,3.31,2.82
νμ up/down,0.3,5.11,9.13,9.13
νμ up/down,1.0,1.12,2.69,2.69
νe up/down,0.3,4.72,9.13,9.13
νe up/down,1.0,1.39,2.69,2.69
νμ up/horizontal,0.3,3.04,3.85,3.85
νμ up/horizontal,1.0,2.03,2.39,2.39
νμ up/horizontal,3.0,1.0,1.31,1.31
νμ up/horizontal,10.0,1.15,1.16,1.16
νμ up/horizontal,100.0,4.72,5.65,5.65
νe up/horizontal,0.3,2.95,3.58,3.58
νe up/horizontal,1.0,1.68,2.48,2.48
νe up/horizontal,3.0,1.17,1.51,1.51
νe up/horizontal,10.0,1.87,1.96,1.96
νe up/horizontal,100.0,9.43,10.89,10.89
