dm2_21,dchi2
6.6e-5,28.151715102049536
6.65e-5,25.49084951549912
6.7e-5,22.898438487659803
6.75e-5,20.41299360828134
6.8e-5,18.023271284036923
6.850000000000001e-5,15.742618601041784
6.900000000000001e-5,13.565755620116022
6.950000000000001e-5,11.528985559672947
7.000000000000001e-5,9.657120046365833
7.05e-5,7.916205288059928
7.1e-5,6.322564281162386
7.15e-5,4.919241849789273
7.2e-5,3.6828988089275754
7.25e-5,2.604951977616224
7.3e-5,1.718220290368663
7.35e-5,1.0227071162503307
7.400000000000001e-5,0.5018064283500507
7.450000000000001e-5,0.15951926817700723
7.500000000000001e-5,0.004965933780283649
7.55e-5,0.0
7.6e-5,0.13146671819043831
7.65e-5,0.4041383220151715
7.7e-5,0.8139526093021914
7.75e-5,1.3656678734527645
7.8e-5,2.0645282195242203
7.850000000000001e-5,2.91429077565175
7.900000000000001e-5,3.9174344829632446
7.950000000000001e-5,5.080499153505855
8.0e-5,6.40968090799754
8.05e-5,7.910683814786921
8.1e-5,9.586365323624761
8.15e-5,11.441065861835227
8.2e-5,13.470778041860001
8.25e-5,15.669907145499508
8.3e-5,18.03306744014236
8.35e-5,20.54935688525137
8.400000000000001e-5,23.20699169550528
8.450000000000001e-5,25.983872673353915
8.5e-5,28.852351383056202
8.55e-5,31.785991767857297
8.6e-5,34.74498063327377
