tan2_theta12,dchi2
0.19999999999999998,13.747107873231073
0.21249031137058932,12.145859101466044
0.22549693322739886,10.607667275981782
0.23903784140212234,9.142534266943471
0.25313203070519,7.760231224847416
0.26779957607177424,6.470236166435257
0.2830616983564213,5.281025835776575
0.29894083516944453,4.200218315291636
0.3154607171867607,3.234861542546639
0.33264645040760227,2.390610235372492
0.35052460488201004,1.671730110525857
0.36912331048277014,1.0811701797708793
0.38847236035518945,0.6201658299082169
0.4086033227435281,0.28814558526858036
0.42954966196590694,0.08280661016834756
0.4513468693910372,0.0
0.4740326053613061,0.03350043637868794
0.49764685310885265,0.17524093230150584
0.5222320858257681,0.41533821504134494
0.5478334481781031,0.7421396360227845
0.5744989536978907,1.1426869296308269
0.6022796996501281,1.657411396111172
0.6312301011551352,2.299267279802791
0.661408146553893,3.033672387406625
0.692875676238249,3.828954102173725
0.7256986874332415,4.650208394238405
0.7599476677198203,5.462062444029584
0.7956979604282769,6.23080911666932
0.8330301654219615,6.92562126706855
0.8720305792346646,7.5191723822920835
0.9127916790318723,7.988505040388304
0.9554126554459552,8.315656093439884
0.9999999999999998,8.48821833204022
