tan2_theta12,dm2_21,dchi2
0.19999999999999998,6.6e-5,31.05076024132046
0.22931043405012083,6.6e-5,29.512237989542996
0.2614419442902628,6.6e-5,28.522140808288952
0.29663372573785163,6.6e-5,28.0605687901068
0.3351574406005901,6.6e-5,28.19593147397245
0.3773220827866207,6.6e-5,28.962287257608352
0.42347976182218616,6.6e-5,30.355917545663544
0.4740326053613061,6.6e-5,32.321531501105596
0.5294410299079183,6.6e-5,34.75176352175873
0.5902336943394854,6.6e-5,37.48478164339417
0.6570195350737664,6.6e-5,40.31414740426186
0.7305023917539447,6.6e-5,43.00517243041327
0.8114988771000629,6.6e-5,45.31929595853302
0.9009603365503979,6.6e-5,47.044708265652616
0.9999999999999998,6.6e-5,48.010062023613784
0.19999999999999998,6.725000000000001e-5,26.30370982931754
0.22931043405012083,6.725000000000001e-5,24.312477233427273
0.2614419442902628,6.725000000000001e-5,22.81812446900642
0.29663372573785163,6.725000000000001e-5,21.86509285058031
0.3351574406005901,6.725000000000001e-5,21.527268685798163
0.3773220827866207,6.725000000000001e-5,21.845250904121144
0.42347976182218616,6.725000000000001e-5,22.818771032493316
0.4740326053613061,6.725000000000001e-5,24.396774344093274
0.5294410299079183,6.725000000000001e-5,26.473256187298944
0.5902336943394854,6.725000000000001e-5,28.88980089803448
0.6570195350737664,6.725000000000001e-5,31.441281255606384
0.7305023917539447,6.725000000000001e-5,33.89703866760016
0.8114988771000629,6.725000000000001e-5,36.02185241624579
0.9009603365503979,6.725000000000001e-5,37.613664332285964
0.9999999999999998,6.725000000000001e-5,38.515286939802536
0.19999999999999998,6.850000000000001e-5,22.293844843531474
0.22931043405012083,6.850000000000001e-5,19.88702476541272
0.2614419442902628,6.850000000000001e-5,17.941294258529297
0.29663372573785163,6.850000000000001e-5,16.54277807824377
0.3351574406005901,6.850000000000001e-5,15.769901212191257
0.3773220827866207,6.850000000000001e-5,15.670164111609438
0.42347976182218616,6.850000000000001e-5,16.24658414333203
0.4740326053613061,6.850000000000001e-5,17.454098759728993
0.5294410299079183,6.850000000000001e-5,19.19061851307839
0.5902336943394854,6.850000000000001e-5,21.299313215447057
0.6570195350737664,6.850000000000001e-5,23.580988932029868
0.7305023917539447,6.850000000000001e-5,25.807719152573554
0.8114988771000629,6.850000000000001e-5,27.758297557074457
0.9009603365503979,6.850000000000001e-5,29.268639475816542
0.9999999999999998,6.850000000000001e-5,30.112380749675992
0.19999999999999998,6.975e-5,19.02665028363998
0.22931043405012083,6.975e-5,16.241289142052835
0.2614419442902628,6.975e-5,13.899404167945647
0.29663372573785163,6.975e-5,12.106620493115088
0.3351574406005901,6.975e-5,10.946367914495227
0.3773220827866207,6.975e-5,10.470779752363853
0.42347976182218616,6.975e-5,10.689229147417507
0.4740326053613061,6.975e-5,11.559326229880867
0.5294410299079183,6.975e-5,12.982930993646676
0.5902336943394854,6.975e-5,14.808051085551654
0.6570195350737664,6.975e-5,16.83777791242011
0.7305023917539447,6.975e-5,18.84891253936206
0.8114988771000629,6.975e-5,20.698406195141672
0.9009603365503979,6.975e-5,22.145383245904043
0.9999999999999998,6.975e-5,22.936320725429482
0.19999999999999998,7.1e-5,16.48132865114684
0.22931043405012083,7.1e-5,13.385794589615955
0.2614419442902628,7.1e-5,10.72710032206561
0.29663372573785163,7.1e-5,8.61434206441271
0.3351574406005901,7.1e-5,7.1348067727954
0.3773220827866207,7.1e-5,6.344021650758748
0.42347976182218616,7.1e-5,6.254605868248632
0.4740326053613061,7.1e-5,6.82811299811226
0.5294410299079183,7.1e-5,7.9705268608408915
0.5902336943394854,7.1e-5,9.534252128168816
0.6570195350737664,7.1e-5,11.327898070851859
0.7305023917539447,7.1e-5,13.185050144308832
0.8114988771000629,7.1e-5,14.979811332292456
0.9009603365503979,7.1e-5,16.37642735673262
0.9999999999999998,7.1e-5,17.11928674287526
0.19999999999999998,7.225000000000001e-5,14.777797823986248
0.22931043405012083,7.225000000000001e-5,11.442615129745093
0.2614419442902628,7.225000000000001e-5,8.53335279322431
0.29663372573785163,7.225000000000001e-5,6.161226250090294
0.3351574406005901,7.225000000000001e-5,4.417155809821281
0.3773220827866207,7.225000000000001e-5,3.3601614092183922
0.42347976182218616,7.225000000000001e-5,3.0065013383124324
0.4740326053613061,7.225000000000001e-5,3.3217420673012157
0.5294410299079183,7.225000000000001e-5,4.216152153322128
0.5902336943394854,7.225000000000001e-5,5.546922897143418
0.6570195350737664,7.225000000000001e-5,7.132101742521002
0.7305023917539447,7.225000000000001e-5,8.936315257617252
0.8114988771000629,7.225000000000001e-5,10.69764754663072
0.9009603365503979,7.225000000000001e-5,12.05760210364582
0.9999999999999998,7.225000000000001e-5,12.75782895927864
0.19999999999999998,7.35e-5,13.83564365490497
0.22931043405012083,7.35e-5,10.340577555209222
0.2614419442902628,7.35e-5,7.258363921516263
0.29663372573785163,7.35e-5,4.701538013672007
0.3351574406005901,7.35e-5,2.7627241783278578
0.3773220827866207,7.35e-5,1.5033179537785486
0.42347976182218616,7.35e-5,0.9427285127592313
0.4740326053613061,7.35e-5,1.0499811017580782
0.5294410299079183,7.35e-5,1.7396036738334146
0.5902336943394854,7.35e-5,2.873716773429635
0.6570195350737664,7.35e-5,4.343231286098728
0.7305023917539447,7.35e-5,6.142506852977704
0.8114988771000629,7.35e-5,7.8929177014276775
0.9009603365503979,7.35e-5,9.230199494880594
0.9999999999999998,7.35e-5,9.893294877873302
0.19999999999999998,7.475e-5,13.647497400532927
0.22931043405012083,7.475e-5,10.069117794769
0.2614419442902628,7.475e-5,6.889589090419008
0.29663372573785163,7.475e-5,4.2208148517059385
0.3351574406005901,7.475e-5,2.1562150353498737
0.3773220827866207,7.475e-5,0.7582641130051684
0.42347976182218616,7.475e-5,0.04884997629716281
0.4740326053613061,7.475e-5,0.0
0.5294410299079183,7.475e-5,0.5299658685671602
0.5902336943394854,7.475e-5,1.5055024079499617
0.6570195350737664,7.475e-5,2.9674675741887313
0.7305023917539447,7.475e-5,4.7898272784091205
0.8114988771000629,7.475e-5,6.550248838915593
0.9009603365503979,7.475e-5,7.878866874494236
0.9999999999999998,7.475e-5,8.51095561634304
0.19999999999999998,7.6e-5,14.158122044929826
0.22931043405012083,7.6e-5,10.559554607463838
0.2614419442902628,7.6e-5,7.342307529529137
0.29663372573785163,7.6e-5,4.6187690289303305
0.3351574406005901,7.6e-5,2.4829921078830353
0.3773220827866207,7.6e-5,0.9993319984128561
0.42347976182218616,7.6e-5,0.19154764426554038
0.4740326053613061,7.6e-5,0.0345049523967873
0.5294410299079183,7.6e-5,0.4501475895148701
0.5902336943394854,7.6e-5,1.3605324268301615
0.6570195350737664,7.6e-5,2.926520717257972
0.7305023917539447,7.6e-5,4.82274998914221
0.8114988771000629,7.6e-5,6.624060665461059
0.9009603365503979,7.6e-5,7.959987831731667
0.9999999999999998,7.6e-5,8.566651673404635
0.19999999999999998,7.725000000000001e-5,15.326642987525531
0.22931043405012083,7.725000000000001e-5,11.760480474978863
0.2614419442902628,7.725000000000001e-5,8.552596033379473
0.29663372573785163,7.725000000000001e-5,5.814914488993452
0.3351574406005901,7.725000000000001e-5,3.6412130923693553
0.3773220827866207,7.725000000000001e-5,2.0975059173791806
0.42347976182218616,7.725000000000001e-5,1.2101358265173872
0.4740326053613061,7.725000000000001e-5,0.9580299655677891
0.5294410299079183,7.725000000000001e-5,1.2676802286346174
0.5902336943394854,7.725000000000001e-5,2.2379825281262242
0.6570195350737664,7.725000000000001e-5,3.947768875650695
0.7305023917539447,7.725000000000001e-5,5.966747177887555
0.8114988771000629,7.725000000000001e-5,7.857704263337041
0.9009603365503979,7.725000000000001e-5,9.240002595079147
0.9999999999999998,7.725000000000001e-5,9.843470330184516
0.19999999999999998,7.850000000000001e-5,17.12154794045756
0.22931043405012083,7.850000000000001e-5,13.652132394645434
0.2614419442902628,7.850000000000001e-5,10.512447329555187
0.29663372573785163,7.850000000000001e-5,7.8121491849518065
0.3351574406005901,7.850000000000001e-5,5.6440328622366565
0.3773220827866207,7.850000000000001e-5,4.0742114549265125
0.42347976182218616,7.850000000000001e-5,3.132145820654614
0.4740326053613061,7.850000000000001e-5,2.800733511124406
0.5294410299079183,7.850000000000001e-5,3.0333583318220576
0.5902336943394854,7.850000000000001e-5,4.161214411990272
0.6570195350737664,7.850000000000001e-5,6.022867849575391
0.7305023917539447,7.850000000000001e-5,8.16942379628125
0.8114988771000629,7.850000000000001e-5,10.15242156503524
0.9009603365503979,7.850000000000001e-5,11.58188038888352
0.9999999999999998,7.850000000000001e-5,12.181466953003337
0.19999999999999998,7.975e-5,19.502984683350007
0.22931043405012083,7.975e-5,16.196195744465513
0.2614419442902628,7.975e-5,13.189978601627445
0.29663372573785163,7.975e-5,10.589074391589463
0.3351574406005901,7.975e-5,8.484907811132302
0.3773220827866207,7.975e-5,6.941625514140071
0.42347976182218616,7.975e-5,5.990978801563415
0.4740326053613061,7.975e-5,5.618423975974224
0.5294410299079183,7.975e-5,5.890827289768481
0.5902336943394854,7.975e-5,7.203639465374295
0.6570195350737664,7.975e-5,9.231721594456701
0.7305023917539447,7.975e-5,11.515517368551286
0.8114988771000629,7.975e-5,13.596259939819276
0.9009603365503979,7.975e-5,15.075363424121917
0.9999999999999998,7.975e-5,15.670922945770087
0.19999999999999998,8.1e-5,22.427591219149406
0.22931043405012083,8.1e-5,19.370405306173495
0.2614419442902628,8.1e-5,16.584507856510072
0.29663372573785163,8.1e-5,14.166744946712925
0.3351574406005901,8.1e-5,12.202792987101589
0.3773220827866207,8.1e-5,10.75339406414514
0.42347976182218616,8.1e-5,9.851023715712358
0.4740326053613061,8.1e-5,9.483217125624094
0.5294410299079183,8.1e-5,9.917902917456388
0.5902336943394854,8.1e-5,11.450449342323964
0.6570195350737664,8.1e-5,13.671959366745853
0.7305023917539447,8.1e-5,16.112763204664077
0.8114988771000629,8.1e-5,18.304350697312827
0.9009603365503979,8.1e-5,19.840143187738363
0.9999999999999998,8.1e-5,20.433100060009735
0.19999999999999998,8.225000000000001e-5,25.886519367950996
0.22931043405012083,8.225000000000001e-5,23.15194404537317
0.2614419442902628,8.225000000000001e-5,20.662014994417632
0.29663372573785163,8.225000000000001e-5,18.507366951909148
0.3351574406005901,8.225000000000001e-5,16.76395369375757
0.3773220827866207,8.225000000000001e-5,15.490625196378744
0.42347976182218616,8.225000000000001e-5,14.715648066774406
0.4740326053613061,8.225000000000001e-5,14.435237695134163
0.5294410299079183,8.225000000000001e-5,15.156668454489875
0.5902336943394854,8.225000000000001e-5,16.95983652888981
0.6570195350737664,8.225000000000001e-5,19.416749377792257
0.7305023917539447,8.225000000000001e-5,22.047145053959014
0.8114988771000629,8.225000000000001e-5,24.372722859085684
0.9009603365503979,8.225000000000001e-5,25.979039434831975
0.9999999999999998,8.225000000000001e-5,26.574131964240735
0.19999999999999998,8.35e-5,29.724396983454312
0.22931043405012083,8.35e-5,27.39503521595276
0.2614419442902628,8.35e-5,25.29437680402043
0.29663372573785163,8.35e-5,23.501039209262842
0.3351574406005901,8.35e-5,22.08415688042618
0.3773220827866207,8.35e-5,21.09430181920885
0.42347976182218616,8.35e-5,20.551453307755537
0.4740326053613061,8.35e-5,20.501913037012343
0.5294410299079183,8.35e-5,21.591987121876855
0.5902336943394854,8.35e-5,23.731468355517563
0.6570195350737664,8.35e-5,26.479820249441843
0.7305023917539447,8.35e-5,29.34507441585356
0.8114988771000629,8.35e-5,31.83841037433382
0.9009603365503979,8.35e-5,33.536757277802735
0.9999999999999998,8.35e-5,34.14293002381095
0.19999999999999998,8.475e-5,33.92845169249961
0.22931043405012083,8.475e-5,32.077384624620265
0.2614419442902628,8.475e-5,30.446880396164545
0.29663372573785163,8.475e-5,29.10687616311941
0.3351574406005901,8.475e-5,28.112230164841264
0.3773220827866207,8.475e-5,27.502855481490542
0.42347976182218616,8.475e-5,27.29298939087937
0.4740326053613061,8.475e-5,27.61045643859262
0.5294410299079183,8.475e-5,29.150391505609434
0.5902336943394854,8.475e-5,31.700241186978985
0.6570195350737664,8.475e-5,34.80580814957068
0.7305023917539447,8.475e-5,37.96031431939508
0.8114988771000629,8.475e-5,40.6628586776165
0.9009603365503979,8.475e-5,42.48057320639498
0.9999999999999998,8.475e-5,43.11030192773319
0.19999999999999998,8.6e-5,38.4818595335438
0.22931043405012083,8.6e-5,37.16777362590119
0.2614419442902628,8.6e-5,36.07380999758243
0.29663372573785163,8.6e-5,35.258212829987315
0.3351574406005901,8.6e-5,34.76751734316315
0.3773220827866207,8.6e-5,34.631982365845204
0.42347976182218616,8.6e-5,34.8535673135529
0.4740326053613061,8.6e-5,35.66470168703495
0.5294410299079183,8.6e-5,37.73636802533264
0.5902336943394854,8.6e-5,40.770281474399724
0.6570195350737664,8.6e-5,44.29862255212396
0.7305023917539447,8.6e-5,47.79861988395868
0.8114988771000629,8.6e-5,50.75322628277519
0.9009603365503979,8.6e-5,52.71861875756616
0.9999999999999998,8.6e-5,53.38457838285228
