curve,E_GeV,sigma_over_E_1e-38cm2_per_GeV
QE,0.11012274841789625,0.0
QE,0.11183031509083259,0.04197530864197531
QE,0.11356435934432708,0.07654320987654321
QE,0.11591831622519524,0.10864197530864197
QE,0.11771574914811773,0.1382716049382716
QE,0.11892949513948319,0.16049382716049385
QE,0.12077361949386879,0.18024691358024691
QE,0.12264633889635793,0.2012345679012346
QE,0.12518854663675485,0.2197530864197531
QE,0.1475178821728021,0.3580246913580247
QE,0.15850015820134036,0.41728395061728396
QE,0.16429419379891022,0.4456790123456791
QE,0.17562233400071744,0.49506172839506174
QE,0.1877315532988978,0.54320987654321
QE,0.19359863321064757,0.5641975308641975
QE,0.2080114867396624,0.6123456790123457
QE,0.2200846952214685,0.6481481481481483
QE,0.22696289162227057,0.6666666666666667
QE,0.2401360598503248,0.6975308641975309
QE,0.25148083895046836,0.7234567901234569
QE,0.26471583603611154,0.7456790123456791
QE,0.26607705498361683,0.7493827160493828
QE,0.2815204509584876,0.7716049382716049
QE,0.2948203582289222,0.7876543209876544
QE,0.31353605981104504,0.8074074074074075
QE,0.33003691472771135,0.8197530864197532
QE,0.34562889160453925,0.8283950617283952
QE,0.36195748227236724,0.8345679012345679
QE,0.36757000595732625,0.8358024691358026
QE,0.38493516354350255,0.8382716049382717
QE,0.40312070552749535,0.8395061728395062
QE,0.4243362437970716,0.837037037037037
QE,0.4309160144478839,0.8358024691358026
QE,0.4535943712530241,0.8296296296296296
QE,0.47746625034588946,0.8209876543209877
QE,0.5077766261648824,0.8074074074074075
QE,0.5345000226490718,0.7938271604938272
QE,0.568431000074214,0.7740740740740741
QE,0.5952854597231944,0.7580246913580247
QE,0.6330752008634761,0.7345679012345679
QE,0.7014639331298563,0.691358024691358
QE,0.7693082434430972,0.6493827160493828
QE,0.9640742520187989,0.5407407407407407
QE,1.1016040959334414,0.4777777777777778
QE,1.1360319752556884,0.4654320987654321
QE,1.2523136020512917,0.4234567901234568
QE,1.3318126156337466,0.39753086419753086
QE,1.4606230991193143,0.362962962962963
QE,1.5693622283144915,0.337037037037037
QE,1.712342885115831,0.30617283950617286
QE,1.8398218181296409,0.28395061728395066
QE,2.0177660237473396,0.25679012345679014
QE,2.156891673187085,0.2382716049382716
QE,2.3776661566901884,0.21481481481481485
QE,2.5416070419599714,0.2
QE,2.8161672889604388,0.17901234567901236
QE,2.9796206411390864,0.16790123456790124
QE,3.3526909750802503,0.14814814814814814
QE,3.493120304803566,0.14197530864197533
QE,3.971011080528301,0.12345679012345678
QE,4.116172951784597,0.11975308641975309
QE,4.727550477495064,0.10246913580246915
QE,4.825542929003635,0.1
QE,5.686253993235187,0.0851851851851852
QE,6.666207438557278,0.07160493827160494
QE,7.815043377721731,0.060493827160493834
QE,8.483428982440717,0.05555555555555556
QE,9.693631061142511,0.04814814814814815
QE,12.273024154475014,0.03827160493827161
QE,13.119253318800975,0.03580246913580247
QE,16.52519976443838,0.028395061728395062
QE,19.876357449140535,0.02345679012345679
QE,23.30179447427361,0.019753086419753086
QE,30.113724908401355,0.014814814814814815
QE,40.33964813486072,0.011111111111111112
QE,43.78971729117938,0.011111111111111112
QE,47.049734012000044,0.009876543209876543
QE,54.03805794846655,0.008641975308641974
QE,64.0040279520408,0.007407407407407408
QE,67.37244809470427,0.007407407407407408
QE,74.26853732132248,0.006172839506172839
QE,81.0349574978055,0.006172839506172839
QE,87.96551391991687,0.0049382716049382715
QE,100.0,0.0049382716049382715
DIS,1.2652259831508643,0.0
DIS,1.3875963291703108,0.0
DIS,1.561333555564741,0.0024691358024691358
DIS,1.6350958397488164,0.003703703703703704
DIS,1.811729091946874,0.008641975308641974
DIS,1.8876143745194027,0.012345679012345678
DIS,1.9767911858592988,0.018518518518518517
DIS,2.07018098889289,0.027160493827160494
DIS,2.134879315200784,0.03333333333333333
DIS,2.2472342828110494,0.04567901234567901
DIS,2.3776661566901884,0.06296296296296297
DIS,2.515668435601749,0.08148148148148149
DIS,2.634516486614556,0.09753086419753088
DIS,2.8306485543447835,0.12592592592592594
DIS,2.874540676577805,0.13333333333333333
DIS,3.136432868529362,0.16666666666666669
DIS,3.387259970824146,0.19876543209876543
DIS,3.6208126908699327,0.22839506172839508
DIS,3.870468949914977,0.25555555555555554
DIS,4.116172951784597,0.28024691358024695
DIS,4.3774746647626,0.30370370370370375
DIS,4.6315479617707025,0.3246913580246914
DIS,4.8752982372663425,0.34197530864197534
DIS,5.1318766638023305,0.36049382716049383
DIS,5.628222400802371,0.3901234567901235
DIS,5.863963632294639,0.40493827160493834
DIS,6.365482138205221,0.4296296296296297
DIS,7.125844694945871,0.45679012345679015
DIS,7.34854513890055,0.4679012345679013
DIS,7.617174095542051,0.4740740740740741
DIS,7.85522981039091,0.4814814814814815
DIS,7.9770332417907355,0.4864197530864198
DIS,8.268636828124205,0.4962962962962963
DIS,8.65927311295727,0.5061728395061729
DIS,9.693631061142511,0.525925925925926
DIS,10.851543994950399,0.5469135802469136
DIS,12.085624101052105,0.5641975308641975
DIS,13.119253318800975,0.5753086419753086
DIS,14.68635990702626,0.5901234567901235
DIS,16.52519976443838,0.6037037037037037
DIS,18.882599248453626,0.617283950617284
DIS,19.876357449140535,0.6222222222222222
DIS,23.30179447427361,0.6333333333333333
DIS,26.62590789216359,0.6419753086419754
DIS,30.113724908401355,0.6506172839506172
DIS,33.53837570900362,0.6580246913580248
DIS,36.971286905580925,0.6617283950617284
DIS,40.33964813486072,0.6641975308641976
DIS,43.78971729117938,0.6666666666666667
DIS,50.552449468447655,0.6691358024691358
DIS,54.03805794846655,0.671604938271605
DIS,57.17448444966399,0.6728395061728395
DIS,60.80401870401407,0.6728395061728395
DIS,64.0040279520408,0.674074074074074
DIS,67.37244809470427,0.674074074074074
DIS,70.9181423030876,0.6765432098765433
DIS,74.26853732132248,0.6753086419753087
DIS,77.77721548705212,0.6765432098765433
DIS,81.0349574978055,0.6765432098765433
DIS,84.4291518480026,0.6777777777777778
DIS,91.18112786500262,0.6777777777777778
DIS,94.5142898420733,0.6790123456790124
DIS,100.0,0.6790123456790124
DIS,121.51925117171028,0.6777777777777778
DIS,145.41448267983145,0.6753086419753087
DIS,187.92422763631143,0.6691358024691358
DIS,349.5509956605348,0.6506172839506172
DIS,401.4700052210817,0.645679012345679
DIS,451.7369911746799,0.6419753086419754
DIS,497.9757532532914,0.6382716049382716
TOTAL,0.06695905654539198,0.0
TOTAL,0.09637446583863488,0.0
TOTAL,0.10569562813625334,0.0
TOTAL,0.10678543681422227,0.007407407407407408
TOTAL,0.10844125503233425,0.019753086419753086
TOTAL,0.1095593733771321,0.0345679012345679
TOTAL,0.11183031509083259,0.060493827160493834
TOTAL,0.11591831622519524,0.1037037037037037
TOTAL,0.11832106581734163,0.1358024691358025
TOTAL,0.12327700959157505,0.19506172839506175
TOTAL,0.12583228984548891,0.21851851851851853
TOTAL,0.12647934330368207,0.22592592592592592
TOTAL,0.12976486317708283,0.24814814814814815
TOTAL,0.13871219435993365,0.3074074074074074
TOTAL,0.1498052989225596,0.3740740740740741
TOTAL,0.15212818442573192,0.3888888888888889
TOTAL,0.16684174454495,0.4580246913580247
TOTAL,0.18111097056587538,0.5222222222222223
TOTAL,0.18297837332300387,0.5283950617283951
TOTAL,0.19162284440638447,0.562962962962963
TOTAL,0.19964907402303433,0.5901234567901235
TOTAL,0.2156154284173865,0.6370370370370371
TOTAL,0.21895876778210385,0.6493827160493828
TOTAL,0.2340560488393184,0.6864197530864198
TOTAL,0.2401360598503248,0.7012345679012346
TOTAL,0.25148083895046836,0.7246913580246914
TOTAL,0.26336158092478956,0.7444444444444445
TOTAL,0.2815204509584876,0.7728395061728395
TOTAL,0.2888334319736723,0.7827160493827161
TOTAL,0.3055976323329441,0.8024691358024691
TOTAL,0.31676887392893627,0.8123456790123458
TOTAL,0.33687790490147046,0.8283950617283952
TOTAL,0.34562889160453925,0.8345679012345679
TOTAL,0.37905748667230443,0.8506172839506173
TOTAL,0.4157192343941112,0.8679012345679014
TOTAL,0.45592683938895817,0.8876543209876543
TOTAL,0.5000232504954055,0.9111111111111111
TOTAL,0.5455791148343597,0.9358024691358026
TOTAL,0.5892102187612297,0.9567901234567903
TOTAL,0.5983465302623935,0.9604938271604939
TOTAL,0.6234086081012282,0.9666666666666667
TOTAL,0.6562175137252851,0.9728395061728397
TOTAL,0.6978753260745552,0.9765432098765432
TOTAL,0.7196856730011522,0.9777777777777779
TOTAL,0.7614569968241796,0.9765432098765432
TOTAL,0.7892923567107833,0.9740740740740741
TOTAL,0.8437143315249284,0.9654320987654321
TOTAL,0.8656312717247396,0.962962962962963
TOTAL,0.9300749949194621,0.9493827160493828
TOTAL,0.944496765965614,0.9469135802469136
TOTAL,1.1360319752556884,0.9074074074074074
TOTAL,1.2459069128182205,0.8839506172839506
TOTAL,1.3664087536434468,0.8641975308641975
TOTAL,1.4908988283567075,0.8444444444444446
TOTAL,1.6350958397488164,0.825925925925926
TOTAL,1.7932393226914705,0.8111111111111111
TOTAL,1.9666781544383114,0.7987654320987655
TOTAL,2.156891673187085,0.788888888888889
TOTAL,2.365502296023856,0.7827160493827161
TOTAL,2.581017277745967,0.7777777777777778
TOTAL,2.8306485543447835,0.7740740740740741
TOTAL,3.1044237120379496,0.7728395061728395
TOTAL,3.4046779029035217,0.7728395061728395
TOTAL,3.7339721306631395,0.7716049382716049
TOTAL,4.074164967019034,0.7703703703703704
TOTAL,4.468210760730007,0.7691358024691359
TOTAL,5.374322580322771,0.7641975308641976
TOTAL,5.89411724351521,0.7604938271604939
TOTAL,6.464185497070939,0.7592592592592593
TOTAL,7.0531212261088125,0.754320987654321
TOTAL,8.483428982440717,0.7493827160493828
TOTAL,10.79602877099949,0.7382716049382716
TOTAL,15.538771895304011,0.7246913580246914
TOTAL,20.08129900837477,0.717283950617284
TOTAL,30.268575383307155,0.7061728395061729
TOTAL,40.547082243069404,0.6987654320987655
TOTAL,50.552449468447655,0.6975308641975309
TOTAL,60.80401870401407,0.6901234567901234
TOTAL,70.19438062534311,0.6864197530864198
TOTAL,80.20794772442608,0.6814814814814816
TOTAL,90.71465592922301,0.6790123456790124
TOTAL,100.0,0.6777777777777778
TOTAL,140.28626317573634,0.6703703703703704
TOTAL,180.36935662615792,0.6641975308641976
TOTAL,200.88166665929995,0.662962962962963
TOTAL,301.2402358232168,0.6530864197530865
TOTAL,401.4700052210817,0.645679012345679
TOTAL,497.9757532532914,0.6382716049382716
RES,0.35098822366795807,0.0
RES,0.38493516354350255,0.01728395061728395
RES,0.40519362851809754,0.02962962962962963
RES,0.4243362437970716,0.04197530864197531
RES,0.44666831877115404,0.058024691358024696
RES,0.47017569182532826,0.07654320987654321
RES,0.48736314909011813,0.08888888888888889
RES,0.49746519030186703,0.09753086419753088
RES,0.510387709713891,0.11111111111111112
RES,0.5290451331019986,0.12839506172839507
RES,0.548384585937246,0.1506172839506173
RES,0.592240049261178,0.19506172839506175
RES,0.610749029956723,0.21481481481481485
RES,0.6495204250357742,0.2580246913580247
RES,0.6629836548959597,0.27283950617283953
RES,0.6732638995326607,0.28024691358024695
RES,0.6907530947180492,0.2938271604938272
RES,0.7123408541265422,0.3074074074074074
RES,0.7346032849333141,0.3197530864197531
RES,0.7614569968241796,0.33333333333333337
RES,0.7974306087365822,0.34814814814814815
RES,0.8926844109337492,0.38148148148148153
RES,0.9542353028380758,0.4012345679012346
RES,1.02003014954638,0.4185185185185185
RES,1.0792337870292181,0.43333333333333335
RES,1.153647321478026,0.4481481481481482
RES,1.2268828304825732,0.45925925925925926
RES,1.3114768163899977,0.4703703703703703
RES,1.4309621800644914,0.48271604938271606
RES,1.4681338996345275,0.4864197530864198
RES,1.6435038121292431,0.5
RES,1.7388945257647515,0.5061728395061729
RES,1.8876143745194027,0.5111111111111111
RES,1.94660703815672,0.5111111111111111
RES,2.0385708475755857,0.5098765432098766
RES,2.134879315200784,0.5074074074074074
RES,2.235737696284886,0.5037037037037038
RES,2.3293828155219556,0.4975308641975309
RES,2.4145343201428995,0.4925925925925926
RES,2.4899945480960874,0.4864197530864198
RES,2.994942414606931,0.4395061728395062
RES,3.136432868529362,0.4308641975308642
RES,3.369931146838568,0.4160493827160494
RES,3.6208126908699327,0.40370370370370373
RES,3.77247244806553,0.3925925925925926
RES,3.971011080528301,0.3802469135802469
RES,4.116172951784597,0.3691358024691358
RES,4.825542929003635,0.30987654320987656
RES,5.027663483539637,0.2962962962962963
RES,5.346828177519827,0.28024691358024695
RES,5.774425219909017,0.26049382716049385
RES,6.3982146525356045,0.2382716049382716
RES,6.804384283474866,0.2246913580246914
RES,7.386332749303673,0.20864197530864198
RES,8.1423808244024,0.19135802469135804
RES,9.644039583698635,0.1654320987654321
RES,11.019808364863893,0.14444444444444446
RES,12.527418841543097,0.12592592592592594
RES,14.462109991396343,0.10740740740740742
RES,16.272872116443732,0.09382716049382717
RES,18.40451023750468,0.08148148148148149
RES,19.273996907773874,0.07654320987654321
RES,22.13677470599954,0.0654320987654321
RES,24.908461080406706,0.056790123456790124
RES,28.171303975995166,0.04814814814814815
RES,31.861557610726653,0.043209876543209874
RES,36.40676254271688,0.03950617283950617
RES,45.623874001022465,0.0345679012345679
RES,48.76965553646586,0.03333333333333333
RES,62.0643616411743,0.02345679012345679
RES,76.5896146028768,0.013580246913580247
RES,95.97983128350305,0.0024691358024691358
RES,100.0,0.0
