case,channel,max_abs_diff
vacuum,Pee,2.042810365310288e-14
vacuum,Pem,4.343747583845925e-15
vacuum,Pet,5.204170427930421e-15
vacuum,Pme,4.711508960753008e-15
vacuum,Pmm,1.199040866595169e-14
vacuum,Pmt,8.104628079763643e-15
vacuum,Pte,5.571931804837504e-15
vacuum,Ptm,9.325873406851315e-15
vacuum,Ptt,4.9960036108132044e-15
matter,Pee,1.709743457922741e-14
matter,Pem,2.8796409701214998e-15
matter,Pet,2.220446049250313e-15
matter,Pme,3.760880495917718e-15
matter,Pmm,1.7208456881689926e-14
matter,Pmt,1.63202784619898e-14
matter,Pte,1.97758476261356e-15
matter,Ptm,1.7541523789077473e-14
matter,Ptt,2.3037127760971998e-14
3+1 Earth,P(ν̄μ → ν̄μ),2.2704303056397812e-5
