sin2_theta23,dm2_32,dcp,dchi2,log_likelihood,log_posterior,t2k_cc1pi_norm,t2k_energy_scale,t2k_fhc1re1de_norm,t2k_fhc1re_norm,t2k_fhc1rmu_norm,t2k_flux_xsec_norm,t2k_nc_norm,t2k_nonqe_norm,t2k_nue_xsec_ratio_nu,t2k_nue_xsec_ratio_nubar,t2k_rhc1re_norm,t2k_rhc1rmu_norm,t2k_rhc_norm,dm2_21,dm2_31,sin2_theta12,theta12,sin2_theta13,theta13,theta23
0.5528356903775945,-0.002545645088210951,0.0,5.8967500322248725,-344.40192764208786,-301.5923946863923,1.0171025904267426,0.999616443590954,1.0907019968174256,1.0125575646314593,0.9825940811262036,0.9899973553141738,1.1353415556754358,0.9773883576430555,1.0128882990883172,0.9976924824164667,0.9940551681003515,0.9978004708911592,0.9937330671717401,7.53e-5,-0.0024703450882109512,0.30699999999999994,0.5872523687443223,0.022250822157013697,0.14972588992937994,0.8383326822888134
0.5543812848049209,-0.002546359051909527,0.15707963267948966,7.2905758641553575,-345.00689448487384,-302.28930760235755,1.01699738353061,0.9998572097792103,1.092665271154505,1.014114268139088,0.9823070810163301,0.9903510294787591,1.1450943052056375,0.9768975392997421,1.0140483776449731,0.997401804453114,0.9934654119499808,0.9977483095715232,0.9933994466378466,7.53e-5,-0.002471059051909527,0.30699999999999994,0.5872523687443223,0.022279594854495863,0.14982339488485166,0.8398872383716016
0.5558718981142605,-0.00254682755857023,0.3141592653589793,8.820119623487699,-345.6718704403963,-303.0540794820237,1.0168852328956315,1.0001494033003153,1.0944597900756485,1.0156407189519308,0.9820219817695257,0.9906838485912749,1.1556201691538703,0.9762931029371794,1.0151631305863582,0.9971166898114826,0.9928920886917767,0.9976948520061446,0.9930704951570423,7.53e-5,-0.0024715275585702303,0.30699999999999994,0.5872523687443223,0.022308942890301105,0.14992278618462343,0.8413869954780043
0.5573469647960368,-0.002547111143809852,0.47123889803846897,10.44336473046917,-346.3782691524368,-303.86570203551446,1.016791805811564,1.0004883108670068,1.0960767270936576,1.0170909512667452,0.9817441982307379,0.9909750508589269,1.1667256355210012,0.9755755830771999,1.016193378189636,0.9968474668988603,0.9923583923149569,0.9976411113526001,0.9927575423366815,7.53e-5,-0.002471811143809852,0.30699999999999994,0.5872523687443223,0.022337849772490124,0.15002062102327696,0.8428716086779047
0.5587339090263157,-0.0025471284236133276,0.6283185307179586,12.105173922691733,-347.1018182873882,-304.69660663162574,1.0166677772839683,1.000863330242401,1.0973840773608923,1.0184233769118551,0.9814680744240395,0.9912202712244497,1.1783713778157594,0.9748397782932962,1.017126868525331,0.9965898750277851,0.9918458016220113,0.9975913437983431,0.9924598001489774,7.53e-5,-0.0024718284236133277,0.30699999999999994,0.5872523687443223,0.02236581367739135,0.15011520552640067,0.8442679932653776
0.5599948504288219,-0.00254684424279484,0.7853981633974483,13.739372028860203,-347.8133124004739,-305.51370568471,1.016566203389605,1.0012532831060006,1.0984572116865383,1.0196153596714275,0.9812141181224663,0.9914135344633491,1.1900559596345301,0.9740519705614875,1.0179357323748521,0.9963620933618338,0.9913982897647499,0.997543555310511,0.9921925168107659,7.53e-5,-0.0024715442427948402,0.30699999999999994,0.5872523687443223,0.022391752746926927,0.1502028896310972,0.8455379175447068
0.5610994900855159,-0.002546212905909611,0.9424777960769379,15.272261186824835,-348.48142766502303,-306.2801502636923,1.0164753601301555,1.0016362853733616,1.0992266719393158,1.020631028228821,0.9809915469501101,0.9915540160906026,1.201404586361164,0.9732809309568695,1.018601237132193,0.9961687795887096,0.9910225514351251,0.9975004421885239,0.9919629253692972,7.53e-5,-0.0024709129059096112,0.30699999999999994,0.5872523687443223,0.022414713573741567,0.15028046472564235,0.8466507467464115
0.5620057291139576,-0.0025452112257495036,1.0995574287564276,16.627483040535026,-349.07160730392377,-306.9577611905474,1.0163844092615464,1.0019875946436756,1.099672733664874,1.0214516468699077,0.9807980696465338,0.991639285352024,1.2121563328278944,0.9725741801165408,1.019122902212486,0.9960100234762684,0.9907147350963462,0.9974633037144178,0.9917716254065423,7.53e-5,-0.0024699112257495037,0.30699999999999994,0.5872523687443223,0.022434092425324563,0.15034590760966368,0.8475639319365115
0.5626760456182427,-0.00254377887118739,1.2566370614359172,17.731864647912516,-349.5528565194148,-307.50995199423613,1.0163068968497286,1.002281795519582,1.0997951005203397,1.0220592861495819,0.9806512512392331,0.9916745777479412,1.2218649980596032,0.9719660514528439,1.0194869548089174,0.9958958729381984,0.9904977537499136,0.9974331273283435,0.9916298248945259,7.53e-5,-0.00246847887118739,0.30699999999999994,0.5872523687443223,0.02244892290211507,0.15039597186169512,0.8482395202568597
0.5631346689040431,-0.0025419904586803156,1.413716694115407,18.521706256261496,-349.8973188595981,-307.9048727984106,1.016261000632712,1.0024949884280385,1.0996194932665218,1.02243959242205,0.9805487762312537,0.9916540952784687,1.2299146881308063,0.9714933118081333,1.0196903692445511,0.995827615732778,0.9903734165846968,0.9974100842186998,0.991538519373308,7.53e-5,-0.0024666904586803156,0.30699999999999994,0.5872523687443223,0.02245849043762463,0.150428261070278,0.848701816846112
0.5632799801973957,-0.0025397432216284093,1.5707963267948966,18.94881883761684,-350.0841203015528,-308.1184290890883,1.0161904204226724,1.002612298897896,1.0990601751004496,1.0225862521445757,0.9804981636128813,0.9915939645028455,1.2362911697321686,0.9711768964220798,1.0197442330339308,0.9958026641231605,0.9903316487473763,0.9973964550929475,0.9914975146965849,7.53e-5,-0.0024644432216284094,0.30699999999999994,0.5872523687443223,0.022462724988414257,0.15044254999229306,0.8488483033295964
0.5631453080393669,-0.002537201220021788,1.7278759594743864,18.98554858553007,-350.1012106213388,-308.1367939630449,1.0161814129250346,1.0026176357855792,1.0982922118520992,1.0225113418870575,0.9805113409885002,0.9915105795310313,1.2405091790032068,0.9711096274908888,1.0196438671482038,0.9958328223062685,0.9904042972423416,0.9973916750439554,0.9915190524554682,7.53e-5,-0.002461901220021788,0.30699999999999994,0.5872523687443223,0.022461087270358792,0.1504370238890788,0.8487125418388551
0.5627607088938715,-0.002534347146445698,1.8849555921538759,18.627987933179043,-349.946731671392,-307.9580136368694,1.0161237977091848,1.0025178024446437,1.097085664673691,1.0221944311385833,0.980558037879667,0.9913674923079653,1.2423558849512415,0.9711456084437654,1.0194047715064638,0.9958956433056753,0.990534321056855,0.9973969178608216,0.991581363099424,7.53e-5,-0.0024590471464456982,0.30699999999999994,0.5872523687443223,0.02245397267354331,0.15041301503190932,0.8483248575592012
0.5620897998858342,-0.002531364675192493,2.0420352248333655,17.896942973909404,-349.63007961692307,-307.5924911572346,1.0161068199435936,1.0023119619023364,1.095670480650873,1.02166629424973,0.9806662536856889,0.9912152882483675,1.2418641513151818,0.9714502546054923,1.019027315058094,0.996006809569685,0.9907632461536444,0.9974125452620907,0.9917026276642875,7.53e-5,-0.002456064675192493,0.30699999999999994,0.5872523687443223,0.02244150916743238,0.1503709468322052,0.8476486576146418
0.5611763537810631,-0.002528336735849579,2.199114857512855,16.83620675378836,-349.17025243620634,-307.06212304717405,1.0161238395640355,1.0020188773366063,1.094065967225196,1.0209359472586714,0.9808250226393641,0.9910356974946581,1.2388448076867649,0.9718763499957236,1.0185145131771627,0.9961620592792696,0.9910831808561014,0.9974357010018824,0.9918744781718003,7.53e-5,-0.002453036735849579,0.30699999999999994,0.5872523687443223,0.022424102678540964,0.15031217542617983,0.8467281915760242
0.5600480518085178,-0.0025254108060753515,2.356194490192345,15.508424170750914,-348.59442101085335,-306.39823175565533,1.016152136705939,1.0016601603227586,1.092260382584789,1.020015324342999,0.9810241918642875,0.9908287468713025,1.2335398407675244,0.9724082506271509,1.0178769753020338,0.996352179536827,0.9914738108338322,0.9974668945963714,0.9920894538810796,7.53e-5,-0.0024501108060753516,0.30699999999999994,0.5872523687443223,0.02240260989495571,0.1502395762645952,0.845591506441551
0.5587297217987943,-0.002522713278299446,2.5132741228718345,13.988988338265244,-347.9355349513979,-305.6385138394125,1.0162167781367872,1.0012625998733673,1.0903329985511432,1.0189268022956006,0.9812633950837826,0.990608592613666,1.2262641732646076,0.9730507116768239,1.017120059202383,0.9965756177225722,0.9919342118922069,0.997505295097653,0.9923457525016467,7.53e-5,-0.0024474132782994463,0.30699999999999994,0.5872523687443223,0.022377780688899986,0.15015566483149123,0.8442637768483815
0.5572881564884239,-0.0025203673016579243,2.670353755551324,12.358840057457655,-347.22873971175227,-304.8234396990087,1.01628946624915,1.0008570402841785,1.0882837616312682,1.0176888203822432,0.9815271214743287,0.9903622155866556,1.2173479914258685,0.973726721553337,1.0162556916550955,0.996821676434723,0.992441842025377,0.9975498417080427,0.9926321954748074,7.53e-5,-0.0024450673016579243,0.30699999999999994,0.5872523687443223,0.0223506012088889,0.15006375837506494,0.8428124101134906
0.5557464335409764,-0.002518460474225748,2.827433388230814,10.697196372126086,-346.5084387086035,-303.9926178563429,1.0163600143672435,1.0004707057614624,1.0861527370688218,1.0163276307260347,0.981805897830508,0.9900903848193845,1.2072895255484055,0.9744083111947318,1.015298004245958,0.9970822202313007,0.992980173517448,0.997600049509892,0.9929410251904958,7.53e-5,-0.002443160474225748,0.30699999999999994,0.5872523687443223,0.02232203328461411,0.149967098064504,0.8412607419651045
0.5541549878997956,-0.0025170655997136253,2.9845130209103035,9.075167038535028,-345.8049378828057,-303.1816031895474,1.016452983660101,1.0001214445642326,1.0840528523265003,1.0148795188034363,0.982090044002935,0.989794978974245,1.1965017410450212,0.9750570075579389,1.0142644699711465,0.9973535443522984,0.9935437339148733,0.9976527795570969,0.9932646997945201,7.53e-5,-0.0024417655997136254,0.30699999999999994,0.5872523687443223,0.022292908779204132,0.1498684923080896,0.8396595966686818
0.5525649635586254,-0.0025162187681382776,3.141592653589793,7.55098741226027,-345.1451946259896,-302.41951337641,1.0165681118012038,0.9998253520152327,1.0820041691946511,1.0133729905155624,0.9823862551146978,0.989489601400129,1.185239910420661,0.9756370413533392,1.013167652496653,0.9976335237681934,0.9941300674046349,0.9977066561332861,0.9936000043651809,7.53e-5,-0.0024409187681382776,0.30699999999999994,0.5872523687443223,0.022263816089573688,0.14976993140930356,0.838060439027241
0.5510023338983915,-0.002515909683367054,3.2986722862692828,6.167280435811222,-344.54616002822945,-301.7276598881855,1.016702422446594,0.9995896777301411,1.080087850615585,1.011850128118189,0.98267491548482,0.9891791583754906,1.1740788857066509,0.9761787818669936,1.0120430453842553,0.9979108663543788,0.9947134126106723,0.9977607682507955,0.9939345676023443,7.53e-5,-0.002440609683367054,0.30699999999999994,0.5872523687443223,0.022235715584995482,0.14967467209363897,0.8364893601455348
0.5495135572150222,-0.002516146965932818,3.455751918948773,4.950370725038624,-344.01952729485805,-301.1192050327992,1.016845882541456,0.9994199597613725,1.0783393020263414,1.0103415720768898,0.982952600467766,0.9888629505928239,1.163256353959697,0.9766011105606003,1.0109111657196739,0.9981805632905902,0.9952842821225638,0.9978135977767347,0.9942619151961394,7.53e-5,-0.002440846965932818,0.30699999999999994,0.5872523687443223,0.022209064952343465,0.14958427340771452,0.834993004526207
0.5481336010693336,-0.00251686595085895,3.6128315516282616,3.9113853395305114,-343.5700090315113,-300.59971234004513,1.016935705496074,0.9993040880819806,1.0767072825600117,1.008892838921589,0.9831973093135364,0.9885412634856124,1.1529279648350936,0.9769871977599066,1.0098220294304139,0.9984270406389869,0.9957996241425202,0.9978645270153408,0.9945625173951013,7.53e-5,-0.00244156595085895,0.30699999999999994,0.5872523687443223,0.022184700739826396,0.14950158384490064,0.8336064215805561
0.5468830318859421,-0.0025180272842982975,3.7699111843077517,3.0487361230028682,-343.196641309507,-300.1683877317813,1.017057947427557,0.9992418998312658,1.0753712718096564,1.007536214910987,0.9834291889452417,0.988247687785857,1.1433994603942674,0.9772801884863678,1.0087846163510807,0.9986590605166836,0.9962887110683329,0.9979120814424444,0.9948468910280039,7.53e-5,-0.0024427272842982976,0.30699999999999994,0.5872523687443223,0.022162639407051286,0.14942667172124838,0.8323501683740352
0.5457943693857737,-0.002519549289916259,3.9269908169872414,2.3513991874979183,-342.8945215419414,-299.81971926402883,1.017172800546392,0.9992122265172778,1.0743007477591737,1.0063089742898523,0.983633755263036,0.987982689891033,1.1346466735444105,0.9775103866189913,1.007840268429655,0.9988681492010302,0.9967256831412128,0.9979534642116995,0.9950990099201716,7.53e-5,-0.002444249289916259,0.30699999999999994,0.5872523687443223,0.022143357325786397,0.14936116705904554,0.8312567999996637
0.5448764809133663,-0.0025213651915420763,4.084070449666731,1.8025677063435523,-342.65613137495467,-299.54530352345165,1.0172791066721223,0.9992132690785274,1.073523157163868,1.005243694046185,0.9838080796172105,0.9877558513327965,1.1268329331142306,0.9776967469056733,1.0070152405752202,0.9990468018705894,0.9970961302604062,0.9979910751769985,0.9953172278535768,7.53e-5,-0.0024460651915420763,0.30699999999999994,0.5872523687443223,0.02212711961867686,0.14930598305430062,0.8303351148947967
0.5441561834660246,-0.0025233807608767227,4.241150082346221,1.383203550845792,-342.4730756298747,-299.33562144570277,1.017374434233024,0.9992248576032585,1.073061766204825,1.0043655498882331,0.9839479647278392,0.9875746338951614,1.1199599899424721,0.9778470631759771,1.0063356234250649,0.9991943635055315,0.9973952928421846,0.9980214740309817,0.9954935009113728,7.53e-5,-0.002448080760876723,0.30699999999999994,0.5872523687443223,0.02211409495430316,0.14926170430145436,0.8296119454652945
0.5436413870628144,-0.002525537300080497,4.39822971502571,1.0751857621204408,-342.33759427134396,-299.1816125513401,1.017454336174225,0.9992419321810101,1.0729211903350642,1.0036987045128016,0.9840520498141248,0.9874458807445538,1.1140969522786333,0.9779797653779153,1.0058216810633265,0.9993049746523206,0.9976119292908806,0.9980462238907187,0.9956259046424314,7.53e-5,-0.002450237300080497,0.30699999999999994,0.5872523687443223,0.02210443333089499,0.1492288503355321,0.8290951533617341
0.543350306319784,-0.0025277564399252303,4.5553093477052,0.8638358080733042,-342.2433171045993,-299.0759375743165,1.0175237962863337,0.999253491602767,1.0731250517215114,1.0032606495404208,0.9841223068350593,0.987377979185872,1.1093152718145811,0.9780728057914501,1.0054894633958542,0.9993789053895815,0.997747326190753,0.9980629966368049,0.9957110524873141,7.53e-5,-0.0024524564399252304,0.30699999999999994,0.5872523687443223,0.022098247623024776,0.14920781239716965,0.8288029649389501
0.5432490204749392,-0.002529978693161121,4.71238898038469,0.7397058025484284,-342.1865970282329,-299.0138725715541,1.0175823375712443,0.9992558323434326,1.073692703069817,1.0030705909257154,0.984165113709198,0.9873835084306863,1.1057137652285232,0.9781345367146317,1.005350340141075,0.9994141645234055,0.9978017363578529,0.9980731991810141,0.9957515560134531,7.53e-5,-0.002454678693161121,0.30699999999999994,0.5872523687443223,0.022095644244644757,0.14919895730123456,0.828701297150576
0.5433926950176644,-0.002532159658146339,4.869468613064179,0.6995749244687204,-342.16601063693804,-298.99380713251423,1.0176047553803396,0.9992500428505355,1.074521602700587,1.0031175340884955,0.9841583195962107,0.9874391141710611,1.103134092215949,0.9782352405358391,1.0054098178513728,0.9994046586120148,0.9977533786490856,0.9980759032897837,0.9957362644942097,7.53e-5,-0.002456859658146339,0.30699999999999994,0.5872523687443223,0.022096578547395055,0.14920213528460072,0.8288455140161384
0.5438012651802541,-0.002534251042277706,5.026548245743669,0.7466970637805161,-342.1836114449071,-299.01736820217013,1.0175967194350637,0.9992338410300733,1.0755489896256059,1.0033946796694744,0.9841068798537226,0.9875414681691211,1.101482342898124,0.978349303956234,1.0056571742468938,0.9993498255878686,0.9976052399847827,0.9980717779323413,0.9956677060956912,7.53e-5,-0.002458951042277706,0.30699999999999994,0.5872523687443223,0.02210084907759466,0.14921666044024354,0.8292556462389943
0.5443910088428925,-0.0025362203057773826,5.183627878423159,0.8903311474771272,-342.2426689671805,-299.08918524401844,1.0175881383843612,0.9992110884821391,1.076932399240132,1.003922678432856,0.9840248892701543,0.9877171708553373,1.1012552976440901,0.9784280390496715,1.006100035900489,0.9992564379962068,0.9973811846716768,0.9980596858784173,0.9955542639228472,7.53e-5,-0.0024609203057773827,0.30699999999999994,0.5872523687443223,0.02210882196834497,0.14924377459222396,0.829847696880023
0.5451794582750219,-0.002538046560836556,5.340707511102648,1.1446079024541405,-342.34949732736106,-299.21632362150694,1.017559811661994,0.9991899460238926,1.078555227431489,1.0046745129613956,0.9839013881772999,0.9879388444338891,1.1022678536059771,0.9784633433180019,1.0067202831873883,0.999121540350372,0.997072058549663,0.9980399552394739,0.9953924064014161,7.53e-5,-0.002462746560836556,0.30699999999999994,0.5872523687443223,0.02212024686952147,0.14928261998921713,0.8306393283691916
0.5461198018212942,-0.0025397154920758142,5.497787143782138,1.5268732349235279,-342.51288163772824,-299.40745628774164,1.0175479454164773,0.9991825153791006,1.0804264005273203,1.0056388926937427,0.9837681524563914,0.9882339419091621,1.104635365242561,0.9784479071350942,1.007492876439902,0.99895618394255,0.9967117701487026,0.9980134669591899,0.9951983171957085,7.53e-5,-0.0024644154920758143,0.30699999999999994,0.5872523687443223,0.02213494886307353,0.14933259328682197,0.8315836158745754
0.5472586607009775,-0.002541219247151727,5.654866776461628,2.0555362235337498,-342.7398766864386,-299.67178778204675,1.0174454102884656,0.9991879940989363,1.0823143984476638,1.0067777010877992,0.9835705077260343,0.9885337936111992,1.1081597165121007,0.9784094892127649,1.0084156573653613,0.998745186633835,0.9962475153918849,0.9979812193668461,0.9949503365961883,7.53e-5,-0.002465919247151727,0.30699999999999994,0.5872523687443223,0.022152976430251783,0.1493938483518109,0.832727472879684
0.5485166418991009,-0.0025425688907253193,5.811946409141117,2.747625642717594,-343.0381153639725,-300.01783249163867,1.017370163316516,0.9992270309303325,1.084379647358376,1.008075890277664,0.9833575606871174,0.9888797537681246,1.1130756625599991,0.978291365366901,1.009444011993321,0.9985102515621018,0.9957468288852571,0.997942747267427,0.9946770806845243,7.53e-5,-0.0024672688907253193,0.30699999999999994,0.5872523687443223,0.022173891874426616,0.1494648854879555,0.8339912640962238
0.5498855565865878,-0.0025437553801846502,5.969026041820607,3.616055560522568,-343.41337632869437,-300.45204745054116,1.0172827641509425,0.9993063573307873,1.086499769463591,1.0094964637662145,0.9831199590530263,0.9892462984147753,1.119299905829027,0.9780886560946046,1.010554418789377,0.9982516449156666,0.9952039905506568,0.9978992504629339,0.9943777676007781,7.53e-5,-0.0024684553801846503,0.30699999999999994,0.5872523687443223,0.02219746428029554,0.1495449074838204,0.8353668553486204
0.5513318840298012,-0.0025447941855467333,6.126105674500097,4.666896853553794,-343.86848467023134,-300.97746809705677,1.0172331051932235,0.9994391528351592,1.0886841875464184,1.0110003120891662,0.9828751454019145,0.9896262787062031,1.1267561827614079,0.9777691559544452,1.011701225134752,0.9979836447690952,0.9946564553162724,0.9978504605558367,0.9940679531258501,7.53e-5,-0.0024694941855467334,0.30699999999999994,0.5872523687443223,0.022223037930346592,0.14963167621880438,0.8368206495282212
0.5528356903775844,-0.0025456450882109503,6.283185307179586,5.8967500322233946,-344.40192764208723,-301.5923946863916,1.0171025904267403,0.9996164435909534,1.09070199681742,1.0125575646314666,0.9825940811262044,0.9899973553141804,1.1353415556754802,0.9773883576430777,1.0128882990883157,0.9976924824164666,0.9940551681003512,0.9978004708911596,0.9937330671717406,7.53e-5,-0.0024703450882109504,0.30699999999999994,0.5872523687443223,0.022250822157013662,0.14972588992937982,0.8383326822888033
