dm21,adn_newtrinos_160,adn_analytic_160,adn_newtrinos_20
3.0e-5,0.08593052733963867,0.08147793293096639,0.08471296275701502
3.5e-5,0.07108123697950221,0.06791228443235584,0.0705647450415322
4.0e-5,0.05984006476997335,0.05732287538772062,0.059705336309255376
4.5e-5,0.050618052268449426,0.0488279490750412,0.05063802703413754
5.0e-5,0.0433956793442379,0.041982190584066326,0.04375563059841048
5.5e-5,0.037446164534385075,0.036306001431370194,0.035705856172931844
6.0e-5,0.03244727727982539,0.031465602547738156,0.032921855473418866
6.5e-5,0.028230228063570714,0.027450857869111143,0.0279643267753395
7.0e-5,0.024679577910770037,0.0240011765224677,0.024612775694676108
7.5e-5,0.02171475581468427,0.02104684748673955,0.021387562493288617
8.0e-5,0.019008707119554623,0.01855795467559602,0.019308358345166168
8.5e-5,0.016703937950391448,0.01647261935922147,0.01714043899890248
9.0e-5,0.014675710917427599,0.014503879302208218,0.013872975553219239
9.5e-5,0.01307154925332834,0.012859292329758888,0.012968494621241207
0.0001,0.011613576202020841,0.01138425531121694,0.011762962558674744
0.000105,0.010266842709337134,0.010220354427615297,0.010161943412625569
0.00011,0.009251181642128826,0.009043959002909004,0.009224639940127411
0.000115,0.008226732224356378,0.008119958955147602,0.008790948563734895
0.00012,0.007296902449714277,0.007202397816602787,0.006938023978246737
0.000125,0.006502256284247828,0.0064987057138929435,0.006404198820361953
0.00013,0.005923757749872375,0.005758799808498393,0.005878295557010948
0.000135,0.005197787167437949,0.0052520814653625476,0.0053274143959614485
0.00014,0.004736767245185412,0.004629266357692589,0.0047118651330665786
0.000145,0.004184306625620992,0.004226437566772426,0.004278340066996103
0.00015,0.003819527512908616,0.0037425144518384006,0.0037305288554495032
