x,f_newtrinos,f_analytic,dND_newtrinos,dND_analytic
0.001,0.01375870784711819,0.013274631671901078,0.011744048031613497,0.011332898058519858
0.0011922076035778184,0.013753308190578822,0.013269524084935796,0.01173600921878265,0.011325620370437954
0.0014213589700287643,0.013746872117858449,0.013263436065219006,0.011726430212557148,0.011316947748453068
0.001694554971481831,0.013739201027202122,0.013256179707272046,0.0117150170491368,0.011306613714816914
0.0020202613216812318,0.013730058398377163,0.013247531216773328,0.011701420133865603,0.011294301262549253
0.0024085709089225376,0.013719162611111644,0.013237224108527571,0.011685223914098264,0.01127963343340223
0.002871516551373786,0.013706178428013058,0.013224941137516343,0.01166593472026839,0.011262162206647853
0.0034234438663473827,0.013690706903141706,0.013210304736576271,0.011642966486189454,0.01124135542505514
0.004081455807881198,0.013672273440969574,0.01319286569791303,0.011615624031956207,0.011216581453136188
0.004865942647822812,0.013650313686160235,0.013172089795364555,0.01158308356718829,0.011187091234279314
0.005801213823307939,0.013624156880340145,0.013147342000592015,0.011544370060497688,0.011151997391923824
0.00691625123012847,0.013593006272110743,0.013117867900354569,0.011498331125038008,0.011110250011902979
0.00824560730481361,0.013555916117615422,0.013082771875851865,0.011443607105910913,0.011060608758193554
0.009830475724915588,0.013511764761675848,0.013040991562432443,0.01137859713802808,0.011001611026945904
0.011719967906031529,0.013459223250071923,0.01299126807464493,0.011301421098153741,0.010931535954836188
0.01397263485125879,0.013396718899663592,0.012932111466855316,0.01120987763764486,0.010848364297796051
0.016658281511687155,0.01332239325745425,0.012861760917558156,0.011101398902502557,0.01074973452827808
0.019860129880773222,0.01323405393084678,0.012778139197306155,0.010973003194133968,0.01063289602441964
0.023677397851900876,0.013129119900264812,0.012678801137485993,0.010821247796676703,0.010494661027858072
0.02822837375197333,0.013004560178277393,0.012560876106629993,0.010642185630506229,0.01033135824568042
0.03365408182373913,0.012856826138812071,0.01242100499091885,0.010431331483510442,0.01013879272493569
0.040122652241691835,0.012681778643347297,0.012255272965582304,0.01018364659688975,0.009912219146737868
0.047834531078253605,0.012474612491510299,0.01205914057848164,0.009893554740505184,0.009646339245683708
0.05702869166507343,0.012229783174971087,0.011827377555021468,0.00955500915243973,0.009335339002943147
0.0679900398251955,0.011940945219806065,0.011554006575537984,0.009161638511068049,0.008972987995886627
0.08105824244715679,0.011600918861957984,0.011232268504975967,0.008707011925135122,0.008552832253399723
0.09663825297815459,0.011201714073919672,0.010854626790640996,0.008185076808193248,0.008068523548177402
0.11521285999703268,0.010734658769341522,0.010412837876241457,0.007590833772489369,0.007514342385641647
0.13735764771840905,0.010190696548920637,0.009898127781442142,0.006921303195403905,0.0068859884896499066
0.16375883201945068,0.00956091797288584,0.009301534283818068,0.006176783043898348,0.006181729317313986
0.19523452468661184,0.008837321514044868,0.008614502010410809,0.005362313062263313,0.00540400891246134
0.23276008481227992,0.008013628554457622,0.007829857902997273,0.004489396290200676,0.004561614588509643
0.27749834292261805,0.0070858722117346975,0.0069433522461546165,0.0035789940828431233,0.0036724519536166706
0.3308356344125902,0.00605321573706858,0.005956033267179025,0.0026677563343407984,0.002766831839700655
0.39442475888118145,0.004922117381778137,0.004877841954290535,0.0018124928203266943,0.0018907841677715557
0.47023619657749227,0.0037196238441478107,0.003732983463233621,0.001072642327220208,0.0011078993714534894
0.5606191690372,0.0025130969563903626,0.002567874028961324,0.0004979233840549102,0.0004954660059327978
0.6683744360376283,0.00140376201481508,0.0014628086046172505,0.0001776899348684413,0.00012378848953754746
0.7968410846810967,0.0005048875111364507,0.0005489885340697067,7.788020085652825e-5,-7.185510996139484e-7
0.95,2.37539382651838e-5,3.325305203076234e-5,3.1928203972242386e-5,-5.223373812614779e-7
