# KamLAND-only allowed regions, θ13 free (PRD 88, 033001, Fig. 4a), from the vector graphics; segment = drawn polyline
cl,segment,tan2_theta12,dm2_21
99.73,1,0.9959,7.792519e-05
99.73,1,0.9557,7.792519e-05
99.73,1,0.9481,7.810162e-05
99.73,1,0.9239,7.810162e-05
99.73,1,0.9163,7.827805e-05
99.73,1,0.9003,7.827805e-05
99.73,1,0.8920,7.845448e-05
99.73,1,0.8761,7.845448e-05
99.73,1,0.8678,7.863091e-05
99.73,1,0.8602,7.863091e-05
99.73,1,0.8519,7.880734e-05
99.73,1,0.8436,7.880734e-05
99.73,1,0.8359,7.898377e-05
99.73,1,0.8242,7.898377e-05
99.73,1,0.8200,7.916020e-05
99.73,1,0.8048,7.916020e-05
99.73,1,0.8041,7.933663e-05
99.73,1,0.7958,7.933663e-05
99.73,1,0.7882,7.951306e-05
99.73,1,0.7799,7.951306e-05
99.73,1,0.7723,7.968948e-05
99.73,1,0.7639,7.968948e-05
99.73,1,0.7563,7.986591e-05
99.73,1,0.7480,7.986591e-05
99.73,1,0.7404,8.004234e-05
99.73,1,0.7321,8.004234e-05
99.73,1,0.7238,8.021877e-05
99.73,1,0.7162,8.021877e-05
99.73,1,0.7079,8.039520e-05
99.73,1,0.7002,8.039520e-05
99.73,1,0.6919,8.057163e-05
99.73,1,0.6843,8.057163e-05
99.73,1,0.6760,8.074806e-05
99.73,1,0.6684,8.092449e-05
99.73,1,0.6601,8.092449e-05
99.73,1,0.6525,8.110092e-05
99.73,1,0.6442,8.110092e-05
99.73,1,0.6359,8.127735e-05
99.73,1,0.6282,8.127735e-05
99.73,1,0.6199,8.145378e-05
99.73,1,0.6040,8.145378e-05
99.73,1,0.5964,8.163020e-05
99.73,1,0.5881,8.163020e-05
99.73,1,0.5805,8.180663e-05
99.73,1,0.5708,8.180663e-05
99.73,1,0.5639,8.198306e-05
99.73,1,0.5403,8.198306e-05
99.73,1,0.5320,8.215949e-05
99.73,1,0.4884,8.215949e-05
99.73,1,0.4842,8.233592e-05
99.73,1,0.4683,8.233592e-05
99.73,1,0.4600,8.215949e-05
99.73,1,0.4122,8.215949e-05
99.73,1,0.4067,8.198306e-05
99.73,1,0.3963,8.198306e-05
99.73,1,0.3880,8.180663e-05
99.73,1,0.3804,8.180663e-05
99.73,1,0.3721,8.163020e-05
99.73,1,0.3645,8.163020e-05
99.73,1,0.3562,8.145378e-05
99.73,1,0.3548,8.145378e-05
99.73,1,0.3485,8.127735e-05
99.73,1,0.3437,8.127735e-05
99.73,1,0.3402,8.110092e-05
99.73,1,0.3347,8.110092e-05
99.73,1,0.3319,8.092449e-05
99.73,1,0.3264,8.092449e-05
99.73,1,0.3243,8.074806e-05
99.73,1,0.3195,8.057163e-05
99.73,1,0.3160,8.057163e-05
99.73,1,0.3125,8.039520e-05
99.73,1,0.3084,8.021877e-05
99.73,1,0.3070,8.021877e-05
99.73,1,0.3015,8.004234e-05
99.73,1,0.3001,8.004234e-05
99.73,1,0.2966,7.986591e-05
99.73,1,0.2925,7.968948e-05
99.73,1,0.2883,7.951306e-05
99.73,1,0.2842,7.916020e-05
99.73,1,0.2807,7.898377e-05
99.73,1,0.2779,7.880734e-05
99.73,1,0.2765,7.880734e-05
99.73,1,0.2745,7.863091e-05
99.73,1,0.2717,7.845448e-05
99.73,1,0.2696,7.827805e-05
99.73,1,0.2682,7.810162e-05
99.73,1,0.2669,7.810162e-05
99.73,1,0.2648,7.792519e-05
99.73,1,0.2627,7.757234e-05
99.73,1,0.2613,7.739591e-05
99.73,1,0.2599,7.739591e-05
99.73,1,0.2599,7.721948e-05
99.73,1,0.2585,7.704305e-05
99.73,1,0.2572,7.686662e-05
99.73,1,0.2558,7.669019e-05
99.73,1,0.2551,7.651376e-05
99.73,1,0.2537,7.616090e-05
99.73,1,0.2530,7.598447e-05
99.73,1,0.2530,7.580805e-05
99.73,1,0.2523,7.563162e-05
99.73,1,0.2523,7.492590e-05
99.73,1,0.2530,7.457304e-05
99.73,1,0.2537,7.439661e-05
99.73,1,0.2544,7.422018e-05
99.73,1,0.2551,7.404375e-05
99.73,1,0.2565,7.386733e-05
99.73,1,0.2572,7.369090e-05
99.73,1,0.2592,7.351447e-05
99.73,1,0.2599,7.333804e-05
99.73,1,0.2606,7.316161e-05
99.73,1,0.2627,7.298518e-05
99.73,1,0.2648,7.280875e-05
99.73,1,0.2669,7.263232e-05
99.73,1,0.2682,7.263232e-05
99.73,1,0.2696,7.245589e-05
99.73,1,0.2731,7.227946e-05
99.73,1,0.2765,7.210303e-05
99.73,1,0.2800,7.192661e-05
99.73,1,0.2842,7.157375e-05
99.73,1,0.2890,7.139732e-05
99.73,1,0.2925,7.139732e-05
99.73,1,0.2939,7.122089e-05
99.73,1,0.3001,7.104446e-05
99.73,1,0.3070,7.086803e-05
99.73,1,0.3084,7.086803e-05
99.73,1,0.3146,7.069160e-05
99.73,1,0.3160,7.069160e-05
99.73,1,0.3236,7.051517e-05
99.73,1,0.3243,7.051517e-05
99.73,1,0.3319,7.033874e-05
99.73,1,0.3347,7.016231e-05
99.73,1,0.3402,7.016231e-05
99.73,1,0.3485,6.998589e-05
99.73,1,0.3562,6.998589e-05
99.73,1,0.3645,6.980946e-05
99.73,1,0.3804,6.980946e-05
99.73,1,0.3880,6.963303e-05
99.73,1,0.4282,6.963303e-05
99.73,1,0.4365,6.945660e-05
99.73,1,0.4600,6.945660e-05
99.73,1,0.4683,6.963303e-05
99.73,1,0.5244,6.963303e-05
99.73,1,0.5320,6.980946e-05
99.73,1,0.5562,6.980946e-05
99.73,1,0.5639,6.998589e-05
99.73,1,0.5881,6.998589e-05
99.73,1,0.5964,7.016231e-05
99.73,1,0.6130,7.016231e-05
99.73,1,0.6199,7.033874e-05
99.73,1,0.6282,7.033874e-05
99.73,1,0.6359,7.051517e-05
99.73,1,0.6525,7.051517e-05
99.73,1,0.6587,7.069160e-05
99.73,1,0.6684,7.069160e-05
99.73,1,0.6760,7.086803e-05
99.73,1,0.6843,7.086803e-05
99.73,1,0.6919,7.104446e-05
99.73,1,0.7079,7.104446e-05
99.73,1,0.7162,7.122089e-05
99.73,1,0.7238,7.122089e-05
99.73,1,0.7321,7.139732e-05
99.73,1,0.7404,7.139732e-05
99.73,1,0.7480,7.157375e-05
99.73,1,0.7605,7.157375e-05
99.73,1,0.7639,7.175018e-05
99.73,1,0.7723,7.175018e-05
99.73,1,0.7799,7.192661e-05
99.73,1,0.7958,7.192661e-05
99.73,1,0.7999,7.210303e-05
99.73,1,0.8124,7.210303e-05
99.73,1,0.8200,7.227946e-05
99.73,1,0.8283,7.227946e-05
99.73,1,0.8359,7.245589e-05
99.73,1,0.8519,7.245589e-05
99.73,1,0.8602,7.263232e-05
99.73,1,0.8678,7.263232e-05
99.73,1,0.8761,7.280875e-05
99.73,1,0.8920,7.280875e-05
99.73,1,0.9003,7.298518e-05
99.73,1,0.9163,7.298518e-05
99.73,1,0.9239,7.316161e-05
99.73,1,0.9488,7.316161e-05
99.73,1,0.9557,7.333804e-05
99.73,1,0.9883,7.333804e-05
99.73,1,0.9959,7.351447e-05
99.73,1,1.0000,7.351447e-05
99,2,0.6684,7.986591e-05
99,2,0.6601,8.004234e-05
99,2,0.6525,8.004234e-05
99,2,0.6442,8.021877e-05
99,2,0.6359,8.021877e-05
99,2,0.6282,8.039520e-05
99,2,0.6199,8.039520e-05
99,2,0.6123,8.057163e-05
99,2,0.6040,8.057163e-05
99,2,0.5964,8.074806e-05
99,2,0.5881,8.074806e-05
99,2,0.5853,8.092449e-05
99,2,0.5722,8.092449e-05
99,2,0.5639,8.110092e-05
99,2,0.5479,8.110092e-05
99,2,0.5403,8.127735e-05
99,2,0.5161,8.127735e-05
99,2,0.5085,8.145378e-05
99,2,0.4524,8.145378e-05
99,2,0.4441,8.127735e-05
99,2,0.4122,8.127735e-05
99,2,0.4039,8.110092e-05
99,2,0.3956,8.110092e-05
99,2,0.3880,8.092449e-05
99,2,0.3790,8.092449e-05
99,2,0.3721,8.074806e-05
99,2,0.3659,8.057163e-05
99,2,0.3645,8.057163e-05
99,2,0.3562,8.039520e-05
99,2,0.3555,8.039520e-05
99,2,0.3485,8.021877e-05
99,2,0.3465,8.021877e-05
99,2,0.3402,8.004234e-05
99,2,0.3382,8.004234e-05
99,2,0.3319,7.986591e-05
99,2,0.3312,7.986591e-05
99,2,0.3250,7.968948e-05
99,2,0.3243,7.968948e-05
99,2,0.3195,7.951306e-05
99,2,0.3160,7.933663e-05
99,2,0.3146,7.916020e-05
99,2,0.3098,7.898377e-05
99,2,0.3084,7.898377e-05
99,2,0.3056,7.880734e-05
99,2,0.3015,7.863091e-05
99,2,0.3001,7.863091e-05
99,2,0.2980,7.845448e-05
99,2,0.2952,7.827805e-05
99,2,0.2925,7.810162e-05
99,2,0.2897,7.792519e-05
99,2,0.2869,7.757234e-05
99,2,0.2849,7.739591e-05
99,2,0.2842,7.739591e-05
99,2,0.2828,7.721948e-05
99,2,0.2814,7.704305e-05
99,2,0.2800,7.686662e-05
99,2,0.2786,7.669019e-05
99,2,0.2772,7.651376e-05
99,2,0.2765,7.616090e-05
99,2,0.2752,7.598447e-05
99,2,0.2752,7.580805e-05
99,2,0.2745,7.563162e-05
99,2,0.2745,7.492590e-05
99,2,0.2752,7.457304e-05
99,2,0.2759,7.439661e-05
99,2,0.2765,7.439661e-05
99,2,0.2765,7.422018e-05
99,2,0.2779,7.404375e-05
99,2,0.2793,7.386733e-05
99,2,0.2807,7.369090e-05
99,2,0.2828,7.351447e-05
99,2,0.2842,7.333804e-05
99,2,0.2849,7.316161e-05
99,2,0.2876,7.298518e-05
99,2,0.2904,7.280875e-05
99,2,0.2925,7.263232e-05
99,2,0.2932,7.263232e-05
99,2,0.2966,7.245589e-05
99,2,0.3001,7.227946e-05
99,2,0.3008,7.227946e-05
99,2,0.3049,7.210303e-05
99,2,0.3084,7.192661e-05
99,2,0.3105,7.192661e-05
99,2,0.3160,7.157375e-05
99,2,0.3229,7.139732e-05
99,2,0.3243,7.139732e-05
99,2,0.3305,7.122089e-05
99,2,0.3319,7.122089e-05
99,2,0.3402,7.104446e-05
99,2,0.3485,7.086803e-05
99,2,0.3513,7.086803e-05
99,2,0.3562,7.069160e-05
99,2,0.3659,7.069160e-05
99,2,0.3721,7.051517e-05
99,2,0.3859,7.051517e-05
99,2,0.3880,7.033874e-05
99,2,0.4205,7.033874e-05
99,2,0.4247,7.016231e-05
99,2,0.4842,7.016231e-05
99,2,0.4919,7.033874e-05
99,2,0.5320,7.033874e-05
99,2,0.5396,7.051517e-05
99,2,0.5639,7.051517e-05
99,2,0.5722,7.069160e-05
99,2,0.5881,7.069160e-05
99,2,0.5964,7.086803e-05
99,2,0.6040,7.086803e-05
99,2,0.6123,7.104446e-05
99,2,0.6282,7.104446e-05
99,2,0.6359,7.122089e-05
99,2,0.6442,7.122089e-05
99,2,0.6525,7.139732e-05
99,2,0.6601,7.139732e-05
99,2,0.6684,7.157375e-05
99,2,0.6774,7.157375e-05
99,2,0.6843,7.175018e-05
99,2,0.6919,7.175018e-05
99,2,0.6933,7.192661e-05
99,2,0.7002,7.192661e-05
99,2,0.7079,7.210303e-05
99,2,0.7162,7.210303e-05
99,2,0.7238,7.227946e-05
99,2,0.7321,7.227946e-05
99,2,0.7404,7.245589e-05
99,2,0.7480,7.263232e-05
99,2,0.7563,7.263232e-05
99,2,0.7639,7.280875e-05
99,2,0.7723,7.280875e-05
99,2,0.7799,7.298518e-05
99,2,0.7819,7.298518e-05
99,2,0.7882,7.316161e-05
99,2,0.7951,7.316161e-05
99,2,0.7958,7.333804e-05
99,2,0.8041,7.333804e-05
99,2,0.8083,7.351447e-05
99,2,0.8124,7.351447e-05
99,2,0.8200,7.369090e-05
99,2,0.8283,7.386733e-05
99,2,0.8359,7.386733e-05
99,2,0.8429,7.404375e-05
99,2,0.8443,7.404375e-05
99,2,0.8519,7.422018e-05
99,2,0.8602,7.439661e-05
99,2,0.8609,7.439661e-05
99,2,0.8678,7.457304e-05
99,2,0.8692,7.457304e-05
99,2,0.8754,7.492590e-05
99,2,0.8761,7.492590e-05
99,2,0.8803,7.510233e-05
99,2,0.8837,7.527876e-05
99,2,0.8844,7.527876e-05
99,2,0.8858,7.545519e-05
99,2,0.8858,7.563162e-05
99,2,0.8844,7.580805e-05
99,2,0.8837,7.580805e-05
99,2,0.8803,7.598447e-05
99,2,0.8761,7.616090e-05
99,2,0.8754,7.616090e-05
99,2,0.8692,7.651376e-05
99,2,0.8678,7.651376e-05
99,2,0.8616,7.669019e-05
99,2,0.8602,7.669019e-05
99,2,0.8533,7.686662e-05
99,2,0.8519,7.686662e-05
99,2,0.8443,7.704305e-05
99,2,0.8436,7.704305e-05
99,2,0.8359,7.721948e-05
99,2,0.8339,7.721948e-05
99,2,0.8283,7.739591e-05
99,2,0.8228,7.739591e-05
99,2,0.8200,7.757234e-05
99,2,0.8117,7.757234e-05
99,2,0.8041,7.774876e-05
99,2,0.7999,7.792519e-05
99,2,0.7958,7.792519e-05
99,2,0.7882,7.810162e-05
99,2,0.7799,7.810162e-05
99,2,0.7757,7.827805e-05
99,2,0.7723,7.827805e-05
99,2,0.7639,7.845448e-05
99,2,0.7633,7.845448e-05
99,2,0.7563,7.863091e-05
99,2,0.7480,7.863091e-05
99,2,0.7404,7.880734e-05
99,2,0.7376,7.880734e-05
99,2,0.7321,7.898377e-05
99,2,0.7238,7.898377e-05
99,2,0.7162,7.916020e-05
99,2,0.7106,7.916020e-05
99,2,0.7079,7.933663e-05
99,2,0.7002,7.933663e-05
99,2,0.6975,7.951306e-05
99,2,0.6919,7.951306e-05
99,2,0.6843,7.968948e-05
99,2,0.6760,7.968948e-05
99,2,0.6684,7.986591e-05
95,3,0.5881,7.951306e-05
95,3,0.5805,7.968948e-05
95,3,0.5722,7.968948e-05
95,3,0.5639,7.986591e-05
95,3,0.5479,7.986591e-05
95,3,0.5403,8.004234e-05
95,3,0.5244,8.004234e-05
95,3,0.5161,8.021877e-05
95,3,0.4524,8.021877e-05
95,3,0.4441,8.004234e-05
95,3,0.4205,8.004234e-05
95,3,0.4122,7.986591e-05
95,3,0.4039,7.986591e-05
95,3,0.3963,7.968948e-05
95,3,0.3880,7.968948e-05
95,3,0.3804,7.951306e-05
95,3,0.3790,7.951306e-05
95,3,0.3721,7.933663e-05
95,3,0.3693,7.916020e-05
95,3,0.3645,7.916020e-05
95,3,0.3610,7.898377e-05
95,3,0.3562,7.898377e-05
95,3,0.3534,7.880734e-05
95,3,0.3485,7.863091e-05
95,3,0.3472,7.863091e-05
95,3,0.3416,7.845448e-05
95,3,0.3402,7.845448e-05
95,3,0.3368,7.827805e-05
95,3,0.3326,7.810162e-05
95,3,0.3319,7.810162e-05
95,3,0.3292,7.792519e-05
95,3,0.3257,7.757234e-05
95,3,0.3243,7.757234e-05
95,3,0.3222,7.739591e-05
95,3,0.3195,7.721948e-05
95,3,0.3174,7.704305e-05
95,3,0.3160,7.704305e-05
95,3,0.3153,7.686662e-05
95,3,0.3132,7.669019e-05
95,3,0.3119,7.651376e-05
95,3,0.3105,7.616090e-05
95,3,0.3091,7.598447e-05
95,3,0.3084,7.580805e-05
95,3,0.3077,7.563162e-05
95,3,0.3077,7.510233e-05
95,3,0.3084,7.492590e-05
95,3,0.3091,7.457304e-05
95,3,0.3105,7.439661e-05
95,3,0.3119,7.422018e-05
95,3,0.3132,7.404375e-05
95,3,0.3153,7.386733e-05
95,3,0.3160,7.369090e-05
95,3,0.3174,7.369090e-05
95,3,0.3202,7.351447e-05
95,3,0.3236,7.316161e-05
95,3,0.3243,7.316161e-05
95,3,0.3271,7.298518e-05
95,3,0.3312,7.280875e-05
95,3,0.3319,7.280875e-05
95,3,0.3368,7.263232e-05
95,3,0.3402,7.245589e-05
95,3,0.3423,7.245589e-05
95,3,0.3485,7.227946e-05
95,3,0.3492,7.227946e-05
95,3,0.3562,7.210303e-05
95,3,0.3575,7.210303e-05
95,3,0.3645,7.192661e-05
95,3,0.3679,7.192661e-05
95,3,0.3721,7.175018e-05
95,3,0.3797,7.157375e-05
95,3,0.3880,7.157375e-05
95,3,0.3963,7.139732e-05
95,3,0.4122,7.139732e-05
95,3,0.4205,7.122089e-05
95,3,0.5085,7.122089e-05
95,3,0.5161,7.139732e-05
95,3,0.5479,7.139732e-05
95,3,0.5562,7.157375e-05
95,3,0.5694,7.157375e-05
95,3,0.5722,7.175018e-05
95,3,0.5881,7.175018e-05
95,3,0.5909,7.192661e-05
95,3,0.6040,7.192661e-05
95,3,0.6089,7.210303e-05
95,3,0.6199,7.210303e-05
95,3,0.6248,7.227946e-05
95,3,0.6282,7.227946e-05
95,3,0.6359,7.245589e-05
95,3,0.6442,7.245589e-05
95,3,0.6518,7.263232e-05
95,3,0.6525,7.263232e-05
95,3,0.6601,7.280875e-05
95,3,0.6642,7.280875e-05
95,3,0.6684,7.298518e-05
95,3,0.6760,7.298518e-05
95,3,0.6843,7.316161e-05
95,3,0.6857,7.316161e-05
95,3,0.6919,7.333804e-05
95,3,0.6954,7.351447e-05
95,3,0.7002,7.351447e-05
95,3,0.7037,7.369090e-05
95,3,0.7079,7.369090e-05
95,3,0.7113,7.386733e-05
95,3,0.7162,7.404375e-05
95,3,0.7182,7.404375e-05
95,3,0.7238,7.422018e-05
95,3,0.7245,7.422018e-05
95,3,0.7293,7.439661e-05
95,3,0.7321,7.457304e-05
95,3,0.7335,7.457304e-05
95,3,0.7369,7.492590e-05
95,3,0.7397,7.510233e-05
95,3,0.7404,7.510233e-05
95,3,0.7411,7.527876e-05
95,3,0.7425,7.545519e-05
95,3,0.7418,7.563162e-05
95,3,0.7404,7.580805e-05
95,3,0.7390,7.598447e-05
95,3,0.7363,7.616090e-05
95,3,0.7328,7.651376e-05
95,3,0.7321,7.651376e-05
95,3,0.7279,7.669019e-05
95,3,0.7238,7.686662e-05
95,3,0.7231,7.686662e-05
95,3,0.7176,7.704305e-05
95,3,0.7162,7.704305e-05
95,3,0.7113,7.721948e-05
95,3,0.7079,7.739591e-05
95,3,0.7037,7.739591e-05
95,3,0.7002,7.757234e-05
95,3,0.6961,7.757234e-05
95,3,0.6919,7.774876e-05
95,3,0.6871,7.792519e-05
95,3,0.6843,7.792519e-05
95,3,0.6781,7.810162e-05
95,3,0.6760,7.810162e-05
95,3,0.6691,7.827805e-05
95,3,0.6684,7.827805e-05
95,3,0.6601,7.845448e-05
95,3,0.6587,7.845448e-05
95,3,0.6525,7.863091e-05
95,3,0.6442,7.863091e-05
95,3,0.6359,7.880734e-05
95,3,0.6282,7.898377e-05
95,3,0.6234,7.898377e-05
95,3,0.6199,7.916020e-05
95,3,0.6102,7.916020e-05
95,3,0.6040,7.933663e-05
95,3,0.5964,7.951306e-05
95,3,0.5881,7.951306e-05
