be7_862_rate_cpd100t,minus2_dlnL
42.0,9.493034828972668
42.5,7.831680339845434
43.0,6.337210515098377
43.5,5.007259397500775
44.0,3.839446899060704
44.5,2.8313810762647336
45.0,1.9806604481982504
45.5,1.2848763572749249
46.0,0.7416153607991873
46.5,0.3484616437265231
47.0,0.10299945457086324
47.5,0.0028155444899766735
48.0,0.045501609712573554
48.5,0.2286567211313013
49.0,0.5498897393174502
49.5,1.006821698702879
50.0,1.597088155695019
50.5,2.318341491506999
51.0,3.168253154853346
51.5,4.14451584436415
52.0,5.244845617261717
52.5,6.466983915413948
53.0,7.808699502757236
53.5,9.267790308607346
54.0,10.842085171094823
