dchi2,log_likelihood,log_posterior,Rn_Cs,Rn_I,cevns_xsec_scale,coherent_csi_brn_norm,coherent_csi_eff_sigma,coherent_csi_nin_norm,coherent_csi_qf_pc0,coherent_csi_qf_pc1,coherent_csi_ss_bkg_norm,flux_norm,flux_onset,sin2thetaW
22.185847613440274,-475.57115506215376,-498.48109816524834,4.784535511453632,4.795063084552372,0.3,40.75640152117493,1.2655554370664817,7.711555740032948,0.3560529939970287,-0.5720175558214545,3918.2702167814514,1.1916573855855366,37.734338904172205,0.231
17.006355382496167,-473.6250234968097,-495.8913520497763,4.8001315876782815,4.810202670271785,0.3375,40.23026180918431,1.2039806172358343,7.6494589880462645,0.3296621703093336,-0.5136935795685174,3910.5621962022856,1.178508996087214,39.30479119288975,0.231
12.786215625932527,-472.163347246143,-493.78128217149447,4.818584313710923,4.828086781615933,0.375,39.778810506749906,1.1301143977422565,7.596686737856543,0.29892135209954246,-0.44565683582073107,3903.799644549358,1.162922039230828,39.99856004316314,0.231
9.385790795705361,-471.08293799108856,-492.0810697563809,4.838890048630661,4.847748992000528,0.4125,39.38811326078118,1.0468210215690412,7.550284900185366,0.2664504375697719,-0.372580048179182,3897.8916553874956,1.1456461353235698,40.00000906961361,0.231
6.680780197601507,-470.2916808470619,-490.72856445732896,4.86011861686221,4.868287966680327,0.45,39.048453085323196,0.9596972409807194,7.5087244568965135,0.23425548656916315,-0.29831250665168674,3892.6374957083817,1.1274502577394738,40.635121722541385,0.231
4.563118127416374,-469.7228657836308,-489.6697334222364,4.881667800166372,4.889165931087148,0.4875,38.75179613886106,0.8709692259316133,7.472758238987114,0.20406158652419626,-0.22376444314245045,3887.9892881135147,1.1087626159701087,41.81244570698016,0.231
2.942132390929487,-469.3274184960198,-488.85924055399295,4.903181734970936,4.909990911469607,0.5249999999999999,38.49162678246207,0.7808491852307516,7.440325186504756,0.17450397225035186,-0.1504917725529379,3883.8313970260742,1.0898661996408743,42.84728076117426,0.231
1.7414875130782548,-469.06587927060446,-488.25891811506733,4.924424562367325,4.930558184975756,0.5625,38.261988839398924,0.6911812817684768,7.411029030835672,0.14647605873271233,-0.07866442919628268,3880.133576477178,1.070927464114802,43.789014661423494,0.231
0.8969151450627351,-468.9079303379151,-487.83663193105957,4.945134106605851,4.950629184967659,0.6000000000000001,38.055951551897124,0.602491612039028,7.385084471269314,0.1202926456480733,-0.00868054077232073,3876.8008829084024,1.0521195642250079,44.614531308850246,0.231
0.35433278284858716,-468.8301395761176,-487.5653407499525,4.9652562285745505,4.970162116418397,0.6375,37.870391047904675,0.5152322811971705,7.362377489305415,0.09610419294972676,0.059682942077739526,3873.7941349256257,1.0334828473123423,45.385479502939575,0.231
0.06817413990461318,-468.8118833922937,-487.4222614284805,4.984648847515364,4.988958827122229,0.675,37.71032462737976,0.43045690676232934,7.340499484600592,0.07320825558262459,0.12413850335806192,3871.085520021454,1.0151845017846142,46.016013279217646,0.231
0.0,-468.8415377296906,-487.3881743585282,5.0033096271553505,5.0070838996797,0.7125,37.562247196510356,0.3479133688250956,7.321428207274654,0.052347767088260805,0.1868325904597954,3868.631011249561,0.9971802734621589,46.61151601874326,0.231
0.11729101604464631,-468.9051546837297,-487.4468198665505,5.021300583948842,5.024543916936416,0.75,37.43678209717575,0.2679809965392383,7.302683111190924,0.032929498440039236,0.24616361304706738,3866.3858236863225,0.9794800918023165,47.19644740963429,0.231
0.3924533132098986,-468.998777585665,-487.58440101513315,5.038357646415712,5.041157581373956,0.7875000000000001,37.30814909567965,0.19086698619806733,7.287830909596281,0.015464344712476055,0.3041430033323309,3864.3549452996967,0.9622212394500419,47.63151091787336,0.231
0.8020404344887311,-469.11144643788674,-487.78919457577257,5.0546899979722895,5.057051271160099,0.825,37.19648335181441,0.11639216813085604,7.273090299172859,-0.000742905913614174,0.3587097686002305,3862.47364477712,0.9453323465576463,48.112266003506306,0.231
1.326036696692313,-469.23778491953976,-488.05119270687436,5.070214410949777,5.0721818480615575,0.8625,37.097650474323345,0.044838816861020564,7.26045703211164,-0.015529454051716605,0.4111286652050918,3860.772427371008,0.9287713730433643,48.45426635619765,0.231
1.947326162496438,-469.3746934745141,-488.3618374397764,5.08506567566402,5.08666018685322,0.9000000000000001,37.0048514552479,-0.023850268698175674,7.248190774758046,-0.029089157142077188,0.4608789733240381,3859.1827802022,0.9125765358711393,48.83239769215345,0.231
2.651224155428281,-469.51840966192816,-488.71378643624234,5.099178134539539,5.100431033634354,0.9375,36.919418180862706,-0.08965799019366331,7.237060013850643,-0.041489186007472346,0.5082801288784831,3857.7325494596257,0.8967346000542993,49.16312666355577,0.231
3.4251008792637094,-469.6638186972691,-489.10072479816006,5.112663161273822,5.113597535812265,0.9750000000000001,36.848032417452245,-0.15260445841477446,7.226823791991491,-0.052813271624840404,0.5535500127944679,3856.3634636688066,0.8812121508692797,49.41059270577773,0.231
4.258050925608472,-469.81416031007166,-489.51719982133244,5.1253210676661105,5.1259580830446625,1.0125,36.774108838056,-0.21250695893859975,7.217258227636837,-0.06305201066626744,0.5959413755170855,3855.1530032979326,0.8660406682159766,49.75999437091298,0.231
5.140660985813838,-469.964007712433,-489.9585048514351,5.137355308844657,5.137730413040466,1.05,36.70781152054488,-0.2698015687211188,7.208723929040211,-0.07248713120494801,0.636724548980999,3854.0315763265266,0.851216475007058,49.93970276025948,0.231
6.066002135982785,-470.11747468759137,-490.4211754265196,5.1527963596552135,5.152642979337844,1.0875000000000001,36.63913702967341,-0.3354878978221642,7.186425587982582,-0.081406957616968,0.6789451160510399,3854.0793580385766,0.8380070841296445,50.00103103629283,0.231
7.023365252054532,-470.2565182381722,-490.89985698455547,5.159646051235718,5.1595607790245035,1.125,36.59227714898423,-0.37665844875255317,7.193567900385451,-0.08900393816228774,0.7126547818262188,3851.947177267973,0.8224659978823392,49.99996487632586,0.231
8.010198235352618,-470.3982612667399,-491.3932734762045,5.1698372987646035,5.169545041413782,1.1624999999999999,36.540972888974636,-0.4258952128766998,7.186823363002366,-0.09615618483763327,0.7473151491165041,3851.1112454555723,0.8084615298566538,49.999514204915954,0.231
9.02141698665696,-470.5378426110443,-491.8988828518567,5.184691996832678,5.184028201544153,1.2,36.52984764021302,-0.48397032968082626,7.169501008200508,-0.09978589817147404,0.7898505875665978,3850.480549158532,0.7971631221053999,50.00000064763958,0.231
10.047737147846306,-470.6760436172857,-492.41204293245136,5.188866531790037,5.188186039814952,1.2375,36.42666125534615,-0.5184235731624331,7.1728285990610114,-0.10846571829657611,0.810737708339812,3849.5128607531383,0.7815284325371583,50.00004740254906,0.231
11.089559069654797,-470.8011019949102,-492.9329538933556,5.1969687381629734,5.196160298619047,1.2750000000000001,36.40125796567928,-0.5589409877300875,7.169297671595269,-0.11413328050859733,0.8398580081750128,3848.7481330324536,0.7681904320731874,50.00908260357687,0.231
12.141781274342065,-470.9199734959022,-493.45906499569924,5.204986295149151,5.204047061454329,1.3125000000000002,36.37968187980058,-0.600405147937846,7.165983370894664,-0.1200016958807806,0.8687258586975984,3848.0855038856703,0.7553023338279565,49.99978636894332,0.231
13.201185247796388,-471.03799888893195,-493.9887669824264,5.212861213748298,5.2117728714135065,1.3499999999999999,36.33989504035517,-0.6350611780466773,7.159506283055078,-0.12303082646594007,0.8939452844966003,3847.5199204114238,0.7425561799775137,50.00500175960656,0.231
14.265013164781749,-471.15044569518307,-494.5206809409191,5.219978351932521,5.218770464997155,1.3875,36.30565765377919,-0.6697813583118182,7.155195842617984,-0.12697414097763832,0.9183256314165364,3846.924094319825,0.7301000467962554,50.00047814954348,0.231
15.330792806989962,-471.2570266460711,-495.0535707620232,5.226637259242459,5.225311643836283,1.425,36.27533818064189,-0.7024447783017475,7.151113650633064,-0.13064566886010706,0.9407763058335167,3846.4084643486067,0.717849085052936,50.09728158160431,0.231
16.39634622193398,-471.3580198031656,-495.5863474694952,5.232953933613913,5.231512276308102,1.4625000000000001,36.24892724808861,-0.7334231643155326,7.146861101491587,-0.1338973185275981,0.9614425746682068,3845.922734591379,0.7058550595191744,50.15932156731935,0.231
17.46591185258103,-471.54980382082755,-496.1211302848187,5.244760720075777,5.243126107767927,1.5000000000000002,36.19420370754165,-0.791025913705229,7.140081897531678,-0.1394556333619981,1.001987450372432,3845.002056164224,0.7000032325452021,50.32571672709321,0.231
18.572373789517087,-471.8390966516094,-496.67436125328675,5.261800012392667,5.259899384949869,1.5374999999999999,36.12894285633874,-0.8757650265695833,7.130347846625929,-0.14767417698904495,1.0597239003709862,3843.7293657581404,0.7000001537760892,50.61148952745111,0.231
19.717636862635572,-472.1292081890102,-497.246992789846,5.278866212564078,5.276718346127303,1.575,36.06107959556477,-0.9592956434061393,7.12091030892758,-0.15467599717948896,1.1176097343232216,3842.466882180605,0.7000002570637718,50.85055305632602,0.231
20.89806046434444,-472.42384722327637,-497.8372045907004,5.295616764191172,5.293219913183716,1.6125,35.994365122615775,-1.0420460214759129,7.111338372682637,-0.1610522239357204,1.1736483364605075,3841.3441202088707,0.7000003656974914,51.08031890067048,0.231
22.11030703570475,-472.72004213493443,-498.4433278763806,5.311928424143515,5.309339513793165,1.6500000000000001,35.93342116461194,-1.1235897411590232,7.103012129213359,-0.16675682053274377,1.2293108045326842,3840.2078643066598,0.7000001432051433,51.267412941097746,0.231
23.351324559683803,-473.01540000680694,-499.0638366383701,5.328086855523838,5.325315481377542,1.6875000000000002,35.874109694535036,-1.2035704086639196,7.095127459503455,-0.17138574599996106,1.28516338906256,3839.0957269749174,0.7000002080914054,51.474564334860474,0.231
24.618291119200762,-473.3087891728885,-499.6973199181286,5.344130960680117,5.3412043628829124,1.7249999999999999,35.824856275098405,-1.2830893630868054,7.087375519516848,-0.17594994031550554,1.339260196966687,3838.0982396122185,0.7000001058252718,51.69152666271975,0.231
25.90864738715345,-473.60702515317803,-500.34249805210493,5.359983374954848,5.356890545723508,1.7625,35.76243246043401,-1.3608688864486447,7.077218286066367,-0.1770944397711099,1.391125604310762,3837.1018485659906,0.7000006122115094,51.86505442896521,0.231
27.219957029496868,-473.90023011788765,-500.99815287327664,5.3752418560374915,5.371994061297601,1.8,35.714488625598776,-1.4381087180120609,7.0719827042757,-0.18180517224926562,1.4452367131894779,3836.135185201202,0.7000000517324063,52.01605239104674,0.231
