sin2_theta23,dm2_32,dcp,dchi2,log_likelihood,log_posterior,nova_hadronic_energy_scale,nova_muon_energy_scale,nova_nue_bkg_norm,nova_nue_signal_norm,nova_nue_xsec_ratio_nu,nova_nue_xsec_ratio_nubar,nova_numu_norm,nova_rhc_hadronic_energy_scale,nova_rhc_norm,t2k_cc1pi_norm,t2k_energy_scale,t2k_fhc1re1de_norm,t2k_fhc1re_norm,t2k_fhc1rmu_norm,t2k_flux_xsec_norm,t2k_nc_norm,t2k_nonqe_norm,t2k_nue_xsec_ratio_nu,t2k_nue_xsec_ratio_nubar,t2k_rhc1re_norm,t2k_rhc1rmu_norm,t2k_rhc_norm,dm2_21,dm2_31,sin2_theta12,theta12,sin2_theta13,theta13,theta23
0.5645918334821868,-0.0025126853607179912,0.0,14.08312057054718,-676.8523266057277,-610.5684847425218,1.0085644914029899,1.0001985304234058,1.0107823694868416,1.0199256247708184,1.0077810646444956,0.9972316631709846,0.9915127456484899,1.001125293024171,1.002510742002203,1.0170001681243015,0.9907593950958762,1.0898365103340302,1.0118512403592859,0.9811232875602488,0.9868081186017037,1.1238292977692184,0.9647555174641538,1.0123655342503814,0.997542398640814,0.9937565638558068,0.9975435546885169,0.9931614416726209,7.53e-5,-0.0024373853607179913,0.30699999999999994,0.5872523687443223,0.02232470969473383,0.14997615633234085,0.8501710155530081
0.5657783769947435,-0.002514065977718601,0.15707963267948966,17.596699356510726,-678.4304657189454,-612.3252741355036,1.0090481025400602,1.0001956855759357,1.0173878857071583,1.0211521782847262,1.008436821839192,0.9968824970664565,0.9911608212791918,1.0012188874819403,1.0017689898703694,1.0169020013895125,0.9911817206303216,1.0917343012946996,1.013385731825382,0.9808519874241967,0.9871673156795868,1.1331059710799394,0.9644058216491096,1.0135189491071848,0.9972425102380242,0.9931515977837572,0.9974941451407219,0.9928262686351432,7.53e-5,-0.0024387659777186012,0.30699999999999994,0.5872523687443223,0.02238533927476429,0.15018121423044056,0.8513677732303797
0.566950481279372,-0.002515244666992707,0.3141592653589793,21.388180136430492,-680.1285572736788,-614.2210145254635,1.0097309523738889,1.0001887272105914,1.02396695418075,1.0221488399192709,1.0090318522229824,0.9965349914920363,0.9907616255835149,1.0013084464491624,1.0010281544083954,1.0168094061443211,0.9916619831761021,1.0935045639091772,1.0148920058256528,0.9805763604268375,0.9875025400034529,1.1432791532761082,0.963967028731027,1.0146302278511012,0.9969472821214743,0.9925615624753058,0.9974436169586557,0.9924954224455631,7.53e-5,-0.002439944666992707,0.30699999999999994,0.5872523687443223,0.02244552422948187,0.15038450015812171,0.8525503407046866
0.568058736866092,-0.0025161565762566473,0.47123889803846897,25.33041766914789,-681.8918467533172,-616.1921332918222,1.0106028388766857,1.0001778027601842,1.030346462734223,1.022896993898147,1.0095495967739812,0.9962008075626964,0.9903356075053463,1.0013900075932527,1.0003115906970501,1.0167009978091164,0.992178236211207,1.0950168215845417,1.0163181536009787,0.9803206095156193,0.987814913627232,1.1540856736754195,0.9634667297905009,1.0156585001327239,0.9966671875984632,0.9920069904157931,0.9973955062383058,0.992183428469025,7.53e-5,-0.0024408565762566474,0.30699999999999994,0.5872523687443223,0.022503224273259355,0.15057914296340108,0.8536688371053416
0.5690763743648342,-0.002516751242422834,0.6283185307179586,29.267267911043064,-683.6445983644242,-618.1605584127698,1.0116532102143945,1.0001627264951933,1.0362741512222542,1.0234159962987006,1.0099908421778852,0.9958844675405993,0.9898748719596796,1.001462385006962,0.999637643888244,1.0166089094101864,0.9927175808288741,1.0963701604327858,1.0176512653175644,0.9800691232790567,0.9880908411821191,1.1655089794881073,0.9629368843166056,1.0166005520034957,0.9964055870342565,0.9914918468089139,0.99734854766229,0.9918897457296586,7.53e-5,-0.0024414512424228343,0.30699999999999994,0.5872523687443223,0.022557405487715586,0.1507616936781632,0.8546961807751595
0.5699510801337156,-0.0025169381870261713,0.7853981633974483,33.022467965137594,-685.3119610748397,-620.038158439817,1.0128192282658304,1.000141858096313,1.0414974131040002,1.0237044863771674,1.0103480495249255,0.9955929368062972,0.9894047207716464,1.001522869239132,0.9990272986749316,1.0165147098068144,0.9932494285257186,1.0974257750903438,1.0188418923853892,0.9798413309896475,0.9883285644867087,1.1770411276522765,0.9624260789249919,1.0174222656520133,0.996169649983621,0.9910292232574733,0.9973064508281426,0.9916260434559989,7.53e-5,-0.0024416381870261713,0.30699999999999994,0.5872523687443223,0.022605712862568596,0.15092427336255843,0.8555794646519427
0.5706575779224586,-0.0025167017583519733,0.9424777960769379,36.41176422703802,-686.8145593903207,-621.7328065707673,1.0140340391965832,1.0001156032601155,1.0458022522194832,1.0237800540612465,1.010612630734108,0.9953399672128875,0.9889419589822447,1.0015675927262147,0.9984972968743627,1.0164164298692335,0.993756636979811,1.0981547284455888,1.0198595422462942,0.9796538322546182,0.9885319562273701,1.1883833358080294,0.9619688096446231,1.018103337819887,0.9959695142011923,0.9906396397627322,0.9972707410084931,0.9914035134053915,7.53e-5,-0.0024414017583519734,0.30699999999999994,0.5872523687443223,0.022646201980060118,0.15106040982933813,0.8562930518121422
0.5711543378953973,-0.0025159640642280186,1.0995574287564276,39.257285078046834,-688.0736182103399,-623.1555669962717,1.0152377447583842,1.0000860979592665,1.0489718660218794,1.0236622849522885,1.010780439040973,0.9951356967552751,0.9885110475786237,1.0015943110649135,0.9980604126963968,1.0163215858237733,0.9941983257920478,1.0985982065987168,1.020688292349086,0.9795082568872159,0.9886923029169945,1.1993059138892146,0.9615477135939989,1.0186365196535427,0.995812733395826,0.9903380181488461,0.9972403581688999,0.9912265671925405,7.53e-5,-0.0024406640642280187,0.30699999999999994,0.5872523687443223,0.022677262524995172,0.15116476406856624,0.8567948835086262
0.5714303709034115,-0.0025147427702149187,1.2566370614359172,41.40264126798388,-689.0218021785172,-624.2282450912402,1.0163493791260403,1.0000527961809926,1.0508194685751053,1.023384597629381,1.010860466757748,0.9949802901624277,0.9881221281762655,1.0016038518022747,0.9977268686473094,1.0162434206004718,0.9945756687080238,1.0987398107844792,1.0213142042352634,0.9794033311035877,0.988809944661775,1.2092406493675467,0.9612541376941007,1.0190202620101256,0.9956991791267306,0.9901221574435385,0.9972169388362563,0.9910969866111504,7.53e-5,-0.0024394427702149188,0.30699999999999994,0.5872523687443223,0.022697782997366425,0.15123366849283737,0.857073765973354
0.5714549151435581,-0.0025130046600743447,1.413716694115407,42.72695473259296,-689.6074758526465,-624.8904018235447,1.0173065345318149,1.0000190991938105,1.0512528208480685,1.0229613506367548,1.0108481995940444,0.9948821754229912,0.987810370721661,1.001595044657029,0.997505504097694,1.0161733795009895,0.9948313979228538,1.0986063706289722,1.0217243123578785,0.9793463297378259,0.9888812571636979,1.218042175800627,0.9610377889274063,1.0192492851876325,0.9956364076579147,0.9900076385862426,0.9971996628420864,0.9910199028520312,7.53e-5,-0.0024377046600743447,0.30699999999999994,0.5872523687443223,0.022706646056478586,0.15126341980215532,0.8570985646665434
0.5712518746269049,-0.002510838693273435,1.5707963267948966,43.15604428718166,-689.8023865760847,-625.1049466008391,1.018033448865287,0.9999851495593163,1.0502944354061055,1.0224484843243262,1.0107676758115125,0.994828734788708,0.9875865099291226,1.001574108947372,0.9974123258969745,1.0160963867004067,0.9949983453218458,1.0980517850840399,1.0218937145632472,0.979346590578171,0.988927011224918,1.22493438230054,0.9610928355541501,1.0193193796529048,0.9956172698903097,0.9899758191358249,0.9971952717256423,0.9909990045758688,7.53e-5,-0.002435538693273435,0.30699999999999994,0.5872523687443223,0.02270374912920639,0.15125369608853897,0.8568934245409462
0.5707945909379059,-0.0025082769447743107,1.7278759594743864,42.669370603481184,-689.5953531056507,-624.8616097589888,1.018499659566485,0.9999532425239832,1.0479153344191185,1.0218224729673604,1.010600934522342,0.9948356620108773,0.9874617174686414,1.0015365182471794,0.9974363371519501,1.016045401806934,0.9950368424019281,1.097264255116007,1.021846400822988,0.9793919405820298,0.988929562737084,1.2299314639444463,0.9612789663886272,1.0192444853322438,0.9956495951538149,0.9900467099937007,0.9971973425218795,0.9910316873441175,7.53e-5,-0.0024329769447743108,0.30699999999999994,0.5872523687443223,0.02268898732780302,0.15120413778543948,0.8564314564742856
0.5701127822694952,-0.002505432948944583,1.8849555921538759,41.301750519017105,-689.0044800912622,-624.1777997167568,1.0186813935822687,0.9999259128044786,1.044207038810028,1.0210881254111985,1.0103509863336013,0.9949001094839366,0.987450950209829,1.001485372100785,0.9975808165305419,1.016004147201671,0.9949483255635966,1.0961860587259686,1.0215705153364814,0.9794900244304084,0.9888941827542986,1.2326458352439562,0.9615996443728414,1.01901989966238,0.9957317903342402,0.9902166884246326,0.9972078636280715,0.991119864965832,7.53e-5,-0.0024301329489445833,0.30699999999999994,0.5872523687443223,0.022662636343908683,0.15111563313075194,0.8557427766410232
0.5692424290996153,-0.002502392724925526,2.0420352248333655,39.1397297912315,-688.0648198829613,-623.096789352864,1.0185818382254843,0.9999036535405417,1.039373914252608,1.020261663239367,1.0100275760488688,0.9950156324451317,0.9875468921720827,1.0014242310288373,0.9978435374981606,1.0159802672017035,0.9947511594535398,1.0948466375687769,1.0210789173621226,0.9796327237389356,0.9888263632267864,1.2329456528201082,0.9620968371088532,1.0186577131225938,0.9958581323704409,0.9904738144440877,0.9972273922624748,0.9912595482693478,7.53e-5,-0.002427092724925526,0.30699999999999994,0.5872523687443223,0.022626181096248935,0.1509931085293022,0.854863847160858
0.5682015564047832,-0.002499298568118526,2.199114857512855,36.31305934789498,-686.8320605801539,-621.6834541311957,1.0182266705287264,0.9998878453051041,1.033595512781574,1.0193287992177764,1.0096260298597306,0.9951844237437893,0.9877484431973239,1.0013536433910415,0.9982149631616706,1.015979419399149,0.9944537482585245,1.0932864745401578,1.0203818156180888,0.9798141284054431,0.9887156986069104,1.2307048705081076,0.9626710521548759,1.0181604957897958,0.9960269788095106,0.9908171307895044,0.9972536821850145,0.9914465006758207,7.53e-5,-0.002423998568118526,0.30699999999999994,0.5872523687443223,0.02258079083204907,0.150840418856355,0.8538130012534109
0.5670366357289522,-0.002496265478982789,2.356194490192345,32.982395980473484,-685.3729128952059,-620.018122447485,1.0176572652290645,0.9998798744834131,1.0269699773265657,1.0182423891612724,1.0091257256136432,0.9954178396002229,0.9880294013720985,1.0012705855943893,0.9986681348828444,1.0160335870377517,0.9940699885972201,1.091716500591357,1.0195158627373029,0.9800287239390465,0.9885658277401899,1.2266198040736147,0.963212737428314,1.0175437779456926,0.9962424225986876,0.9912604491509183,0.9972817029295736,0.9916782718328032,7.53e-5,-0.002420965478982789,0.30699999999999994,0.5872523687443223,0.0225278144596302,0.15066202032569265,0.85263727907122
0.5657656169944255,-0.0024933962407000534,2.5132741228718345,29.32469676487858,-683.7643752327157,-618.1892728396875,1.0169390578830082,0.9998774101970758,1.0201396377504452,1.0171415358837321,1.0086135398446858,0.9956532428070216,0.9884009202364982,1.0011979785008283,0.9992399875227733,1.0160507987944492,0.9936465107761321,1.0896958016039435,1.0184444024224524,0.9802657149385984,0.9883840417172294,1.2196700534938747,0.9639973782298832,1.0168011222820625,0.9964676757791641,0.9917148007328933,0.997325138955623,0.9919402520654039,7.53e-5,-0.0024180962407000534,0.30699999999999994,0.5872523687443223,0.02247070044484842,0.15046945852455035,0.8513549013779588
0.5644676804473223,-0.0024908317169022565,2.670353755551324,25.518429202515563,-682.0838110895412,-616.286139058506,1.016119206856752,0.9998827360839581,1.0129393883969044,1.0158828903924884,1.0080123466106437,0.9959419040336462,0.9888314589775544,1.0011180972248095,0.9998669878991077,1.0161112586296488,0.993173418483371,1.0876985232355991,1.0172332471003407,0.9805257245014573,0.9881547798545695,1.211246473433663,0.9646288899517117,1.0159465846641142,0.9967275230048029,0.992247317076661,0.9973683502405439,0.9922347021264196,7.53e-5,-0.0024155317169022566,0.30699999999999994,0.5872523687443223,0.022409405007355096,0.1502625327368501,0.8500458154505397
0.563172471847839,-0.0024886025652910773,2.827433388230814,21.72972212353011,-680.4006320240326,-614.3917855190133,1.015263409734566,0.9998940266751059,1.0058440585628614,1.0145581623842905,1.007368566399677,0.9962565384946737,0.9892870633227617,1.001040296178011,1.0005487377357267,1.0161903711769218,0.9926945855569508,1.085675774605338,1.0159041689220394,0.9807945901194328,0.9878902292437889,1.2016673049515258,0.9652046831082813,1.015000430760122,0.9970043426111265,0.9928173505010712,0.9974146685660148,0.9925500563964994,7.53e-5,-0.0024133025652910774,0.30699999999999994,0.5872523687443223,0.022347143122558262,0.1500520610629728,0.8487399249910954
0.5619055612266639,-0.0024868065334642813,2.9845130209103035,18.10144674546109,-678.7810910558369,-612.5776478299788,1.0144255322979243,0.9999092680413901,0.9989532458976573,1.013164842034301,1.00669602597994,0.9965823444898403,0.9897619179522941,1.0009683564739424,1.0012684542744903,1.0162823031281014,0.9922373305800302,1.0836001184664297,1.0144743767288842,0.9810656596975273,0.9875901967353348,1.1909959877308915,0.9657512852864168,1.0139711999866217,0.9972871639328607,0.9934015826466132,0.9974645821187345,0.9928773823484127,7.53e-5,-0.0024115065334642813,0.30699999999999994,0.5872523687443223,0.022285053644083463,0.14984188669310247,0.8474629860896257
0.5607148402066631,-0.00248547268259745,3.141592653589793,14.745766564132737,-677.273719648233,-610.8998077393146,1.013646960472256,0.9999289830547659,0.9924962485497684,1.011738667555356,1.0060010738778904,0.996922954426825,0.9902318186780189,1.0009005488700649,1.0020000532401185,1.016392069675959,0.9918038088633911,1.0816072024096826,1.0129875668775248,0.9813331852597754,0.9872563172324299,1.179943912483391,0.9661400277129424,1.012883472703191,0.9975751607685946,0.9940014166095148,0.9975136771228451,0.9932099999994202,7.53e-5,-0.0024101726825974503,0.30699999999999994,0.5872523687443223,0.022224937974553462,0.14963812092352924,0.8462632108407339
0.5596304411257478,-0.0024846241317117734,3.2986722862692828,11.740580703400383,-675.9146749547424,-609.3972148089484,1.0129592532091993,0.9999507756893706,0.9866211681679075,1.0103248696907752,1.0053105620588392,0.9972619489010431,0.9906771345394032,1.0008400922108673,1.0027283234192657,1.0165124549433018,0.9914156377557505,1.079722075650686,1.0114775224761463,0.9815863542822391,0.9868963708542564,1.1688103542687962,0.9664121148362727,1.0117641177428638,0.9978576757535385,0.9945923814344773,0.9975618504751069,0.9935374131938479,7.53e-5,-0.0024093241317117734,0.30699999999999994,0.5872523687443223,0.022168283657721288,0.14944584097571376,0.8451708725239957
0.5586859947874211,-0.0024842615412559443,3.455751918948773,9.129664169284297,-674.725695301855,-608.0917565418904,1.0123792069242576,0.9999740246854113,0.9814427941405953,1.0089655374947861,1.0046419894231295,0.9975924589842683,0.9910923963394488,1.0007871782420465,1.0034343152128782,1.0166370006684893,0.9910705858828937,1.0779804931927301,1.009979604911961,0.9818222435420154,0.9865192682492437,1.1578753217946725,0.9665506001256922,1.01063887135749,0.9981292921485174,0.9951627473102742,0.9976078890885623,0.9938527104531689,7.53e-5,-0.0024089615412559444,0.30699999999999994,0.5872523687443223,0.02211616665190124,0.14926874811331667,0.8442197452639758
0.5578796033826512,-0.002484347407737887,3.6128315516282616,6.925908938788552,-673.7147105411364,-606.9898789266425,1.0118985783087502,0.9999979876371027,0.9769771049041969,1.0076921015768183,1.0040061656303445,0.9979119344414239,0.9914652862166374,1.000740493822988,1.0040942015832848,1.0167846347127676,0.9907769614024189,1.0764694275013036,1.0085361368913526,0.9820368748333065,0.986140855082105,1.1474364074087,0.9665656594187865,1.0095390684860832,0.9983862409180155,0.9957054414368904,0.997650219125222,0.9941505293565734,7.53e-5,-0.002409047407737887,0.30699999999999994,0.5872523687443223,0.022069373726076355,0.14910957256683363,0.843407818860498
0.557237116919173,-0.002484877120836897,3.7699111843077517,5.116861281043157,-672.8788777606272,-606.0853550977698,1.011528533575424,1.0000205662502375,0.9734323129443386,1.0065975809264998,1.0034475722765337,0.9981979430755359,0.9917900587402336,1.000703394775317,1.0047098238704038,1.0169004217080204,0.990531506812671,1.0751148686818084,1.007175245818276,0.9822261265404125,0.9857718227957071,1.1375675618080048,0.9665377680949018,1.00849583015293,0.9986178363566472,0.9961909434658467,0.9976906336939537,0.9944209953117815,7.53e-5,-0.002409577120836897,0.30699999999999994,0.5872523687443223,0.022029120072495918,0.14897250964656628,0.8427610324967032
0.5567598856336061,-0.002485783815234217,3.9269908169872414,3.6717592739660176,-672.2055582863889,-605.3628040942313,1.01124052433548,1.0000422770051962,0.9706954679481259,1.0056957850615846,1.0029664935434681,0.9984545747334418,0.9920652649685826,1.0006726249099722,1.0052566331992645,1.0170148443446587,0.990324884805141,1.0740402288730373,1.0059400697587741,0.9823853579626083,0.9854232449076155,1.1285069879785037,0.9664252466212653,1.0075418869633836,0.9988235307806927,0.9966200913042288,0.997725874128493,0.994659307444037,7.53e-5,-0.002410483815234217,0.30699999999999994,0.5872523687443223,0.021995615617306074,0.1488583342487345,0.8422806697523056
0.5564391829172793,-0.002487012640995449,4.084070449666731,2.549156829395315,-671.6787461250968,-604.8015028719459,1.0110029229955255,1.0000630854619181,0.9687546195772058,1.0050225517392668,1.0025748233754994,0.998678928489564,0.9922936547846093,1.000647091796144,1.0057199354934667,1.0171309378254738,0.9901546741739479,1.073262920018909,1.0048621868345105,0.9825184978285425,0.9851153426577395,1.1203258468174162,0.9662683494262427,1.006703320794498,0.9990001901088925,0.9969862260105096,0.9977561912291513,0.9948632634660525,7.53e-5,-0.002411712640995449,0.30699999999999994,0.5872523687443223,0.021969148433684985,0.14876808012803328,0.8419578923227327
0.5562770321820976,-0.0024885197963383184,4.241150082346221,1.7045049306630062,-671.2791828810134,-604.3791769225797,1.0108002637064957,1.0000822466619819,0.9676054779322595,1.0046238821834994,1.0022924889541154,0.9988624135464407,0.9924775604438734,1.0006272739620083,1.0060990778181593,1.0172345885383847,0.9900099904278501,1.0727868604295585,1.0039682244506478,0.9826181767936861,0.9848519550533473,1.1130758219043275,0.9660944465842499,1.0060074873140736,0.9991426100282839,0.9972754128407247,0.9977808768031248,0.995025624459925,7.53e-5,-0.0024132197963383185,0.30699999999999994,0.5872523687443223,0.021950081178467435,0.14870302711129113,0.8417947016084911
0.5562576001146458,-0.002490233306986978,4.39822971502571,1.0970624620745184,-670.9897880071223,-604.0754556882855,1.0106045888751987,1.0000996696164506,0.9672147814307184,1.0045241351691185,1.0021280382908886,0.9990026729820756,0.9926170293292405,1.000612678100179,1.00638564498065,1.0173199837667064,0.9898883884690337,1.0726293966872558,1.0032826931962215,0.982685345131533,0.9846436168539,1.1068277375353177,0.9659121077328601,1.0054765337476579,0.9992483769390131,0.9974824926653995,0.9977993569629171,0.9951432705433358,7.53e-5,-0.002414933306986978,0.30699999999999994,0.5872523687443223,0.02193854867602109,0.14866366750379523,0.8417751453156144
0.5563688482486827,-0.002492095711803107,4.5553093477052,0.6956575101698945,-670.7972768852668,-603.8747532123332,1.0103943843334853,1.0001154783306836,0.9675331875021422,1.004734173265796,1.0020859262082822,0.9990980977257552,0.9927172345884039,1.0006034650144604,1.0065745908295105,1.0173884595377418,0.9897857027338085,1.0727951857150257,1.0028234831939271,0.9827207611367977,0.9844999667594732,1.1016309040749408,0.9657466485621085,1.0051264229054722,0.9993152981141922,0.9976034655546617,0.9978115507058799,0.9952144384834388,7.53e-5,-0.002416795711803107,0.30699999999999994,0.5872523687443223,0.02193453154354868,0.14864995494268304,0.841887105809707
0.5566004590643812,-0.0024940539637836995,4.71238898038469,0.48293571159274506,-670.6940441867523,-603.7683923130446,1.0101558506218842,1.000129728403205,0.9685217353753739,1.0052553796746433,1.0021681441888977,0.9991471835114317,0.9927817581083687,1.0006004266723705,1.0066634137181636,1.0174386771468265,0.9896996835889333,1.0732803460721283,1.002602639521245,0.9827243444645662,0.9844262018705923,1.097532561318716,0.9656122971254147,1.0049682167501321,0.9993415514848364,0.9976353659280911,0.997817290396911,0.9952376066199258,7.53e-5,-0.0024187539637836996,0.30699999999999994,0.5872523687443223,0.021937976308003395,0.1486617137892309,0.842120208841758
0.5569466170354322,-0.002496062266200819,4.869468613064179,0.4578281094752583,-670.6792053260097,-603.7558385119859,1.0098820145523395,1.0001419801621234,0.9701586885843695,1.0060822143570374,1.0023751162170849,0.9991482903783258,0.9928066347999583,1.0006048562290395,1.0066524958818026,1.0174660507310276,0.9896364157440597,1.0740802926938933,1.002626167311301,0.9826926524746722,0.9844194448852492,1.094571532827885,0.9654992357723482,1.0050084829282926,0.9993256846431966,0.9975758120346258,0.9978158462862318,0.9952104686221352,7.53e-5,-0.002420762266200819,0.30699999999999994,0.5872523687443223,0.02194885615135269,0.1486988466610995,0.842468620129243
0.5574016491036521,-0.002498093643438143,5.026548245743669,0.6360784624744156,-670.7596313558208,-603.8449636884854,1.0095787097886122,1.0001530768900477,0.9724082373203059,1.007183075344577,1.0026987313030176,0.9991017997281589,0.9928051236485725,1.000618315500164,1.0065413181204377,1.0174756328969488,0.9895881423946822,1.0751575015477621,1.0028925972541103,0.9826301311861095,0.9844858968893534,1.092783685180769,0.9654376912851333,1.0052441230353202,0.9992674940808289,0.9974267442747166,0.9978082025024945,0.9951355934369575,7.53e-5,-0.002422793643438143,0.30699999999999994,0.5872523687443223,0.02196687933875378,0.1487603399536779,0.8429266566011987
0.5579577888066904,-0.002500110917241146,5.183627878423159,1.0487588713615423,-670.9502345332396,-604.051303892929,1.0092492660105816,1.0001633372401237,0.9752638447033999,1.0085113984552563,1.0031254320475147,0.9990097203397824,0.9927809503263533,1.0006417452018612,1.0063240698139952,1.0174605354536561,0.9895659815020322,1.0764528039615522,1.0033947127845182,0.9825487730016845,0.9846326301248449,1.0921689666555192,0.9654288886609557,1.0056653035345402,0.9991683606698161,0.9971944468981201,0.9977955889360637,0.9950178021299975,7.53e-5,-0.0024248109172411462,0.30699999999999994,0.5872523687443223,0.021991673258395794,0.14884489401795187,0.8434865341811524
0.5586253816488025,-0.0025020916207516655,5.340707511102648,1.7388497815104529,-671.2650524842913,-604.3963493480035,1.0089263924980827,1.0001718915604174,0.9786987689717023,1.010045988316475,1.0036531239686712,0.9988689367763088,0.9927117124783309,1.0006777614410116,1.0060182008501504,1.017441515060849,0.9895707220473856,1.0780566713352402,1.00412475260881,0.9824156733994766,0.9848230060283006,1.092899485451057,0.9654027150264116,1.006271326382943,0.9990274784271729,0.9968755199085606,0.9977740829928146,0.9948487266282942,7.53e-5,-0.0024267916207516655,0.30699999999999994,0.5872523687443223,0.02202342153403847,0.1489530963447193,0.8441587106927254
0.5593956663983144,-0.0025040299786397565,5.497787143782138,2.7561011571660856,-671.729871755522,-604.9049750358313,1.0086231565106816,1.0001793168225936,0.9827506401773939,1.0117157923387223,1.0042599539039605,0.9986834202593553,0.9926117756625606,1.0007261678151693,1.0056163719527698,1.0173943072428802,0.9896235735534328,1.0798082442108057,1.0050596411201307,0.9822613802363906,0.9850764014573433,1.0948612422631419,0.9653978958073751,1.0070353649188666,0.9988487928637924,0.9964822420258277,0.9977476923738006,0.9946404650532982,7.53e-5,-0.0024287299786397566,0.30699999999999994,0.5872523687443223,0.02206144552540174,0.1490825868636426,0.8449344168604804
0.5602646109274944,-0.0025059107106902775,5.654866776461628,4.150479736343414,-672.3646786336845,-605.60216432542,1.0083717319284045,1.000185956123609,0.9873594914425603,1.013451947164104,1.004923987706446,0.9984576374786657,0.9924750142561098,1.0007867601037148,1.0051242993908984,1.0173392072922331,0.9897218076636779,1.0817356388054562,1.0061798544584157,0.9820790553896044,0.9853774275775,1.098175070546338,0.9653693412683745,1.0079388596690406,0.9986362848033652,0.996025078131111,0.9977153019459108,0.9943955716059746,7.53e-5,-0.0024306107106902776,0.30699999999999994,0.5872523687443223,0.02210526111216349,0.14923166544763253,0.8458096501474898
0.5612315482424082,-0.0025077225122108393,5.811946409141117,5.964690447681278,-673.1877155124556,-606.5092696810889,1.0082043722962482,1.0001915805755641,0.9925272250834637,1.0152014113201986,1.005627641969889,0.9981956263009286,0.9922953222891954,1.0008585925847584,1.004553290030673,1.0172766244011282,0.989876986117979,1.0837884088383019,1.0074576519949021,0.9818700240623587,0.9857149087455385,1.102837375837968,0.965301157271938,1.008956892384995,0.9983944029295044,0.9955138770720371,0.9976774530672106,0.9941189895112794,7.53e-5,-0.0024324225122108393,0.30699999999999994,0.5872523687443223,0.02215442873302431,0.1493987820060797,0.84678380425158
0.5623004452424517,-0.002509500543207179,5.969026041820607,8.22634718939753,-674.2112393520244,-607.640098051947,1.0081722429301991,1.0001960550735896,0.9982524416476909,1.0169152615870871,1.0063623015201382,0.9978931911595181,0.9920821111150825,1.0009427543130407,1.0039245914219117,1.0171802435008437,0.9901020294843724,1.0857900247503869,1.0088459957630889,0.9816349286783028,0.9860659287023001,1.1085751795183034,0.9651957313257881,1.010052077561893,0.9981242940815077,0.9949480134097668,0.9976363585870708,0.9938138838391197,7.53e-5,-0.002434200543207179,0.30699999999999994,0.5872523687443223,0.022208132506050457,0.14958110959952706,0.8478609517824869
0.563408997462774,-0.002511086212025579,6.126105674500097,10.940495387834744,-675.4391390117055,-608.9971721511656,1.008262992833836,1.0001993140041918,1.004489461642257,1.0185076954994012,1.0070764677709245,0.9975798818686199,0.9918252143539315,1.001029434352977,1.0032322419217212,1.0170680256334819,0.9904014223467461,1.0877906231152983,1.0103211575026765,0.9814073676355896,0.9864490787466337,1.1156353359666529,0.9649744202549251,1.011191341558312,0.9978442419110409,0.9943741391950203,0.9975921447909539,0.9935005887236082,7.53e-5,-0.002435786212025579,0.30699999999999994,0.5872523687443223,0.022265243941782493,0.14977477018856641,0.8489783685975885
0.5645918334821854,-0.0025126853607179843,6.283185307179586,14.083120570547408,-676.852326605728,-610.568484742522,1.0085644914029883,1.000198530423406,1.0107823694868465,1.019925624770818,1.0077810646444947,0.9972316631709854,0.9915127456484899,1.0011252930241705,1.0025107420022028,1.0170001681243008,0.9907593950958761,1.08983651033403,1.0118512403592868,0.9811232875602494,0.9868081186017031,1.1238292977692175,0.9647555174641429,1.012365534250382,0.9975423986408144,0.993756563855808,0.9975435546885166,0.9931614416726211,7.53e-5,-0.0024373853607179844,0.30699999999999994,0.5872523687443223,0.022324709694733783,0.14997615633234068,0.8501710155530068
