livetime,experiment,true_ordering,spray,dchi2,significance,wo_dm31,wo_theta23_deg
1.0,combined,IO,false,5.819440454508367,2.412351644041218,0.0024682414389374293,40.44110920614171
2.0,combined,IO,false,10.6222444703144,3.259178496234043,0.00246726221595849,40.381269359260095
3.0,combined,IO,false,16.632768585726808,4.078329141416471,0.0024676729660576507,40.34122181486336
4.0,combined,IO,false,21.202126683211645,4.604576710536121,0.0024671249150883695,40.31083865855702
5.0,combined,IO,false,26.065834209992317,5.105471007653684,0.0024668140499737607,40.3325925399418
6.0,combined,IO,false,31.248291789134782,5.590017154636897,0.002466871473269838,40.34904468702871
1.0,juno,IO,false,1.428637332865037,1.1952561787604519,0.0024666255163089466,42.0
2.0,juno,IO,false,2.7636031456218006,1.6624088382891258,0.0024660198839643,42.0
3.0,juno,IO,false,4.473212181791496,2.11499696968849,0.0024667083266435067,42.0
4.0,juno,IO,false,5.799063463102357,2.4081244700185986,0.0024658884352466077,42.0
5.0,juno,IO,false,7.087317790233556,2.6622016809839097,0.0024661403006499506,42.0
6.0,juno,IO,false,8.601709009504702,2.9328670289504606,0.002466107381790787,42.0
1.0,upgrade,IO,false,3.4646656898980837,1.8613612464801355,0.002554285106012658,40.40267008055065
2.0,upgrade,IO,false,6.445860173813799,2.5388698615356002,0.0025607142569926983,40.35757560858005
3.0,upgrade,IO,false,10.3214853230279,3.2127068529556038,0.002565853281902328,40.34114831714866
4.0,upgrade,IO,false,13.104741632947025,3.6200471865635984,0.0025660684957741287,40.3
5.0,upgrade,IO,false,16.147206970284515,4.018358740864797,0.002570827577675906,40.3
6.0,upgrade,IO,false,19.493925242602472,4.415192548757355,0.0025744155093575635,40.30224298663079
1.0,combined,NO,false,8.032634893741488,2.834190341833358,-0.0024937028355995305,50.62468427000458
2.0,combined,NO,false,15.10706108012073,3.8867802973824914,-0.0024954562613972654,50.52189593205015
3.0,combined,NO,false,22.432139790529618,4.736257994506804,-0.0024955338636703872,50.52655302821438
4.0,combined,NO,false,29.37366028849283,5.419747253192978,-0.002495198002959074,50.5058359399181
5.0,combined,NO,false,36.518228163526146,6.043031372045502,-0.002495410435889122,50.53716605613469
6.0,combined,NO,false,44.10167524127064,6.640909217966366,-0.00249572405178036,50.52946284976911
1.0,juno,NO,false,1.352546749539897,1.1629904339846897,-0.0024956311232734235,42.0
2.0,juno,NO,false,2.5329677870413434,1.5915300144959075,-0.002497109314758171,42.0
3.0,juno,NO,false,3.779616064063248,1.9441234693463396,-0.002497146503797648,42.0
4.0,juno,NO,false,4.946406523363294,2.2240518256918596,-0.0024965899266692726,42.0
5.0,juno,NO,false,6.329032980565444,2.5157569398821984,-0.0024970391426766595,42.0
6.0,juno,NO,false,7.499318208416298,2.7384883071534736,-0.002497316598263879,42.0
1.0,upgrade,NO,false,5.5894105088850665,2.3641934161326703,-0.002397027097938564,50.30525953364823
2.0,upgrade,NO,false,10.410572758640683,3.226541919554228,-0.0023776435102086818,50.164104941226846
3.0,upgrade,NO,false,15.591677842467561,3.948629869013752,-0.002366265140982286,50.1405816695414
4.0,upgrade,NO,false,20.391021778859795,4.515641901087795,-0.0023554166680972927,50.1008448711558
5.0,upgrade,NO,false,25.110747828757667,5.0110625448858315,-0.0023463013025858365,50.10897877528009
6.0,upgrade,NO,false,30.354244534255486,5.509468625398958,-0.0023371182182537844,50.06846341571626
6.0,combined,IO,true,18.34565545562691,4.283182865069726,0.0024667941088494824,40.3481206310416
6.0,upgrade,IO,true,6.289529238043542,2.5078933864986253,0.0025952545061395994,40.30224452196241
6.0,combined,NO,true,28.904494569165763,5.376290037671494,-0.002495902527056168,50.28483384221024
6.0,upgrade,NO,true,14.495179256488882,3.807253505676879,-0.0023101814019526475,49.8239685357941
1.0,simple_sum,NO,false,6.941957258424964,2.6347594308446767,NaN,NaN
2.0,simple_sum,NO,false,12.943540545682026,3.597713238389356,NaN,NaN
3.0,simple_sum,NO,false,19.37129390653081,4.401283211352209,NaN,NaN
4.0,simple_sum,NO,false,25.33742830222309,5.033629734319271,NaN,NaN
5.0,simple_sum,NO,false,31.43978080932311,5.6071187618350935,NaN,NaN
6.0,simple_sum,NO,false,37.853562742671784,6.152524907927784,NaN,NaN
1.0,simple_sum,IO,false,4.893303022763121,2.2120811519388526,NaN,NaN
2.0,simple_sum,IO,false,9.2094633194356,3.034709758681314,NaN,NaN
3.0,simple_sum,IO,false,14.794697504819396,3.846387591600643,NaN,NaN
4.0,simple_sum,IO,false,18.903805096049382,4.347850629454672,NaN,NaN
5.0,simple_sum,IO,false,23.23452476051807,4.8202204058028375,NaN,NaN
6.0,simple_sum,IO,false,28.095634252107175,5.300531506566787,NaN,NaN
