q_GeV,F_weak
-4.074708585297679e-06,1.000070486826945
0.002756205590545763,0.9989672363550958
0.005516230119607667,0.9967408096412239
0.008296033121485783,0.9923494177514629
0.0110560608881435,0.9868644751813089
0.013816337949678749,0.9797975363844688
0.016576362478740652,0.970613138794644
0.019336306067907254,0.9604541167159258
0.02211619000968067,0.9483277580555014
0.02487655772389866,0.935277297561269
0.027636491600277827,0.9203941763217265
0.03039652260453135,0.9047276196303565
0.03315646295610214,0.8873870031356905
0.035916487485164045,0.8689083618106939
0.03869671461209355,0.8494167496126811
0.04145664848847271,0.828979201760753
0.044216679492726244,0.8072487941520413
0.04697661984429703,0.7847785883262847
0.049736476018376705,0.7616804641349614
0.052516871500288435,0.7376148289412536
0.05527688955415871,0.7131189294061434
0.05803692055841223,0.6879325041108993
0.060796945087474144,0.6621411425478031
0.06355696961653605,0.6362847594785517
0.06633736509844777,0.6097317353915358
0.06909739610270131,0.5833266981713386
0.07185657885685207,0.5565209426781473
0.07461659043553072,0.5300621930278009
0.07737746968988701,0.5034761080198863
0.08015701044650436,0.4768887526052803
0.08291703497556625,0.45071984165973816
0.08567707245501141,0.4245684788393698
0.08843709698407332,0.39904339347614703
0.09119712151313522,0.37381273452714064
0.09395713309181387,0.34902784599292874
0.09673752857372561,0.3247936833253562
0.09949756605317076,0.30124289820827094
0.10225759058223266,0.27816881428680695
0.10501761511129458,0.2560070033344073
0.10777763964035647,0.2344405098375421
0.11055719334735706,0.21374501910579727
0.11331805965133011,0.19379924909499574
0.116078084180392,0.17464503921571997
0.11883810870945391,0.15643318366076123
0.12159813323851582,0.13911375366938508
0.12437768694551639,0.12262129445400574
0.1271377114745783,0.1070709229837051
0.1298977360036402,0.09236423892903683
0.13265774758231885,0.07862359107925312
0.13541778506176402,0.06575386663699788
0.13819818054367575,0.05381529593387061
0.14095820507273765,0.042724020115750556
0.14371822960179956,0.0325396878795029
0.14647825413086146,0.02317759274081231
0.14923827865992337,0.014665244006225802
0.16029790595410964,0.011591349586271752
0.1630579175327883,0.016336570375376665
0.16581879678714462,0.020429948294677206
0.16859833754376197,0.02389392385141213
0.17135836207282384,0.026764684410387107
0.17411839955226902,0.029081784685261323
0.17687842408133092,0.030889970119404576
0.1796384486103928,0.03221702173937198
0.1824188570426878,0.033084511962869004
0.18517886862136645,0.0335453536699287
0.1879389061008116,0.03363845823827687
0.19069891767949027,0.033397094415780926
0.1934589551589354,0.03286549142353651
0.19623849591555276,0.0320569364563966
0.1989993881202923,0.031009825101830747
0.20001868688501223,0.03053300242612055
