cno_rate_cpd100t,minus2_dlnL
0.5,28.6673815701688
1.0,23.195725560278333
1.5,18.31487838548219
2.0,14.02241759005301
2.5,10.315837841329085
3.0,7.192553780761955
3.5,4.649902869913603
4.0,2.685148228005346
4.5,1.295481456444577
5.0,0.4780254470379077
5.5,0.1972584287832433
6.0,0.07757515900993894
6.5,0.012764384123329364
7.0,0.002755383862677263
7.5,0.047475878904151614
8.0,0.14685204570832866
8.5,0.3008085315123026
9.0,0.5092684698192897
9.5,0.7721534959637211
10.0,1.0893837631474526
10.5,1.4608779586096716
11.0,1.8865533200942082
11.5,2.3663256526233454
12.0,2.9001093454762668
12.5,3.5969883317775384
13.0,5.1105368967701
13.5,7.536897203006447
14.0,10.860985816606444
14.5,15.075488693435545
15.0,20.26040251768154
15.5,26.420479290928597
16.0,33.53076740933557
16.5,41.56727878154925
17.0,50.50694422557717
17.5,60.327570556954015
