dm2_21,adn_expected_newtrinos,adn_expected_sk,adn_fit_sk,adn_fit_sigma_stat
2.0e-5,-9.197923388177914,NaN,-1.8748333333333331,1.0911249999999997
2.25e-5,-8.194496111353745,NaN,-1.883132117993719,1.0928695478824946
2.5e-5,-7.4161705828756785,NaN,-1.9253181818181817,1.0938363636363637
2.75e-5,-6.752357653905255,NaN,-2.0160072863202303,1.096026855252973
3.0e-5,-6.164052486029758,NaN,-2.0808090909090917,1.0970090909090908
3.25e-5,-5.64129080096289,NaN,-2.1654717717656586,1.0965386094446934
3.5e-5,-5.187627191906572,NaN,-2.244618181818182,1.0954363636363635
3.75e-5,-4.783231509293397,-4.677250000000001,-2.303894728070094,1.0938011567888115
4.0e-5,-4.421727806670982,-4.3168,-2.357481818181818,1.0916136363636364
4.25e-5,-4.082446083323154,-3.98505,-2.4141314691223648,1.089188648182969
4.5e-5,-3.7658619242952223,-3.6872,-2.4642727272727267,1.087159090909091
4.75e-5,-3.4807680251605926,-3.42875,-2.4953182182468314,1.0847510814689578
5.0e-5,-3.221235942328462,-3.1889,-2.519172727272727,1.082259090909091
5.25e-5,-2.9790703439563226,-2.9808000000000003,-2.5408432928991216,1.0794016637461046
5.5e-5,-2.77045514673331,-2.7867,-2.557290909090909,1.0760863636363638
5.75e-5,-2.5912174893453375,-2.6073,-2.5760365864254133,1.0727886845331733
6.0e-5,-2.432498329990507,-2.4487000000000005,-2.591572727272727,1.0692409090909092
6.25e-5,-2.282327513876488,-2.2975,-2.6083544987376968,1.0658043706000555
6.5e-5,-2.155904642425071,-2.1569000000000007,-2.6209090909090906,1.0627227272727273
6.75e-5,-2.029972041187122,-2.0282,-2.6318392820277277,1.0594043873903778
7.0e-5,-1.9192611234410122,-1.9087000000000007,-2.6357636363636368,1.0563954545454546
7.25e-5,-1.8066719677712886,-1.7993000000000001,-2.637767813187493,1.0533106360392848
7.5e-5,-1.7136801556801664,-1.6948000000000008,-2.637018181818182,1.0500636363636362
7.75e-5,-1.6123573783667104,-1.59965,-2.6340730611367458,1.0473979610766682
8.0e-5,-1.5379009871747962,-1.5082,-2.6264090909090907,1.0446181818181812
8.25e-5,-1.4462278162212348,-1.4254500000000003,-2.618743878354023,1.0421337262712655
8.5e-5,-1.375417407674269,-1.3481,-2.6070363636363636,1.0397863636363638
8.75e-5,-1.3091850753674708,-1.2751500000000002,-2.5968431014595277,1.03750694579994
9.0e-5,-1.2396301746581107,-1.2067,-2.588881818181818,1.0348136363636362
9.25e-5,-1.197381078791065,-1.1403,-2.5799256649477864,1.0321204691177979
9.5e-5,-1.10967446000982,-1.0825,-2.580809090909091,1.0295545454545452
9.75e-5,-1.081724828083014,-1.0233500000000002,-2.579043658161127,1.0268927310961684
0.0001,-1.0002232453946986,-0.9708,-2.583090909090909,1.024218181818182
0.0001025,-0.9770444824091408,-0.9239500000000002,-2.5904896900328476,1.0217621036200304
0.000105,-0.91752473644643,-0.8776,-2.5975363636363635,1.0191045454545453
0.0001075,-0.8898501869336943,-0.8337500000000001,-2.6047968944206294,1.0163851570927163
0.00011,-0.8461550912248164,-0.7909,-2.6129,1.0134727272727273
0.0001125,-0.7922088773257262,-0.7529000000000001,-2.620534885795393,1.0105449567079663
0.000115,-0.7617054190548888,-0.7151,-2.6275727272727276,1.0076545454545454
0.0001175,-0.7209275992868577,-0.6793500000000002,-2.6338935169873503,1.0049553908852247
0.00012,-0.6857460541579854,-0.6436000000000002,-2.638963636363636,1.0025772727272728
0.0001225,-0.6526105859013523,-0.6133000000000001,-2.645106542635976,1.0004122696621298
0.000125,-0.6172972822779041,-0.5833,-2.6558090909090906,0.9983
0.0001275,-0.5912214620161808,-0.55575,-2.6697548418389214,0.9962539873692148
0.00013,-0.5652015780684783,-0.5294000000000003,-2.6789727272727273,0.9944318181818183
0.0001325,-0.5382801936892316,-0.5039000000000001,-2.6818231932572916,0.9928747386625253
0.000135,-0.5081274672021225,-0.4805,-2.6806363636363644,0.9914499999999999
0.0001375,-0.47867048413697205,-0.45699999999999996,-2.680112330791216,0.9900659027806451
0.00014,-0.44928056090088614,-0.4357000000000002,-2.6855545454545453,0.9885727272727268
0.0001425,-0.43156309551026395,-0.4149500000000001,-2.7007447684480614,0.986904829968353
0.000145,-0.41698208399858405,-0.3954,-2.7240090909090915,0.9850863636363638
0.0001475,-0.4034560765445069,-0.3795,-2.74701394917622,0.9832423137681371
0.00015,-0.3875320722263756,-0.36360000000000015,-2.7676363636363637,0.9812454545454546
0.0001525,-0.3702010627610085,-0.34795000000000015,-2.7859889825143016,0.9790878428095506
0.000155,-0.350483875034041,-0.3326,-2.8017909090909088,0.9767499999999999
0.0001575,-0.3271294686227506,-0.3172,-2.814326346833065,0.9742623330262574
0.00016,-0.3025208087327931,-0.3022,-2.825072727272727,0.9717636363636362
0.0001625,-0.28468899009518994,-0.28755000000000014,-2.836079092165096,0.9693614552708875
0.000165,-0.2729049696548404,-0.27280000000000015,-2.8500454545454543,0.9671863636363635
0.0001675,-0.2693290058592495,-0.26075000000000004,-2.867916607456087,0.965225300851196
0.00017,-0.2638806971616149,-0.25,-2.889136363636364,0.9633909090909092
0.0001725,-0.2582621627672001,-0.2391500000000001,-2.911275518719216,0.9614303875541483
0.000175,-0.2506694200880402,-0.22930000000000011,-2.9310454545454547,0.9591500000000002
0.0001775,-0.24164233081063752,-0.22030000000000005,-2.947428294376816,0.9565519508544216
0.00018,-0.22707840080338218,-0.2113,-2.9566909090909093,0.953663636363636
0.0001825,-0.2165639843416541,-0.2025000000000001,-2.960331397920326,0.9507463983900587
0.000185,-0.204250085433642,-0.19410000000000008,-2.9589909090909092,0.9478818181818182
0.0001875,-0.19521646132273002,-0.18570000000000006,-2.95157938403453,0.9451482283794953
0.00019,-0.1788706505215782,-0.1773,-2.9399,0.942609090909091
0.0001925,-0.1701873847127668,-0.1690000000000001,-2.9261263792617185,0.9402322775824865
0.000195,-0.16330468496148987,-0.16080000000000008,-2.909963636363636,0.9380181818181818
0.0001975,-0.16573884098222513,-0.15260000000000004,-2.890014075935713,0.9358464382640447
0.0002,-0.16171577881714025,-0.1452,-2.867518181818182,0.9335590909090908
0.0002025,-0.1546926213551709,-0.14005000000000006,-2.842614461463539,0.9311611919763862
0.000205,-0.14843115102019228,-0.13490000000000005,-2.8156636363636363,0.9286136363636361
0.0002075,-0.1388599154711914,-0.12975000000000003,-2.789031733552953,0.9259005708324036
0.00021,-0.1277563594772228,-0.1247,-2.7638,0.9230727272727269
0.0002125,-0.11899546242633226,-0.11980000000000006,-2.7399604461988463,0.9201255253634598
0.000215,-0.11472186749179056,-0.11490000000000006,-2.716809090909091,0.9171227272727275
0.0002175,-0.11259792557987641,-0.11000000000000003,-2.7055057582552893,0.9155955701261864
0.00022,-0.10895838567150119,-0.1051,-2.6940833333333334,0.9140916666666665
